timestamp,datetime,platform,sender_id,chat_type
1771093514412,2026-02-14 18:25:14,WhatsApp,628405361982,Grup
1771061361412,2026-02-14 09:29:21,WhatsApp,628507300799,Pribadi
1771088245412,2026-02-14 16:57:25,WhatsApp,628177270294,Pribadi
1771108230412,2026-02-14 22:30:30,WhatsApp,628297642546,Grup
1771058685412,2026-02-14 08:44:45,WhatsApp,628384609593,Grup
1771108565412,2026-02-14 22:36:05,WhatsApp,628788647754,Pribadi
1771085058412,2026-02-14 16:04:18,WhatsApp,628580686639,Pribadi
1771032491412,2026-02-14 01:28:11,WhatsApp,628104637389,Pribadi
1771081703412,2026-02-14 15:08:23,WhatsApp,628927274966,Grup
1771064216412,2026-02-14 10:16:56,WhatsApp,62825933409,Grup
1771070436412,2026-02-14 12:00:36,WhatsApp,628984681331,Grup
1771056495412,2026-02-14 08:08:15,WhatsApp,628493647144,Pribadi
1771085247412,2026-02-14 16:07:27,WhatsApp,628783469354,Grup
1771029545412,2026-02-14 00:39:05,WhatsApp,628221345726,Grup
1771080984412,2026-02-14 14:56:24,WhatsApp,628440348700,Grup
1771029435412,2026-02-14 00:37:15,WhatsApp,628361235435,Grup
1771031663412,2026-02-14 01:14:23,WhatsApp,628312482805,Grup
1771054017412,2026-02-14 07:26:57,WhatsApp,628744938752,Pribadi
1771100137412,2026-02-14 20:15:37,WhatsApp,628666685859,Pribadi
1771090525412,2026-02-14 17:35:25,WhatsApp,628963748031,Grup
1771095253412,2026-02-14 18:54:13,WhatsApp,62850500228,Grup
1771035484412,2026-02-14 02:18:04,WhatsApp,628373039573,Grup
1771053283412,2026-02-14 07:14:43,WhatsApp,628386851815,Grup
1771099226412,2026-02-14 20:00:26,WhatsApp,628486531559,Grup
1771050340412,2026-02-14 06:25:40,WhatsApp,62868191728,Pribadi
1771093755412,2026-02-14 18:29:15,WhatsApp,62843201878,Grup
1771038962412,2026-02-14 03:16:02,WhatsApp,628515999120,Grup
1771108774412,2026-02-14 22:39:34,WhatsApp,628437858415,Grup
1771051560412,2026-02-14 06:46:00,WhatsApp,62889724184,Pribadi
1771084746412,2026-02-14 15:59:06,WhatsApp,628975760725,Grup
1771090231412,2026-02-14 17:30:31,WhatsApp,628183338139,Pribadi
1771071681412,2026-02-14 12:21:21,WhatsApp,628702505138,Grup
1771111344412,2026-02-14 23:22:24,WhatsApp,628819090138,Grup
1771060002412,2026-02-14 09:06:42,WhatsApp,628106504935,Grup
1771047393412,2026-02-14 05:36:33,WhatsApp,628453818600,Grup
1771029590412,2026-02-14 00:39:50,WhatsApp,628355305664,Pribadi
1771051038412,2026-02-14 06:37:18,Discord,user7264,DM
1771098758412,2026-02-14 19:52:38,Discord,user49482,DM
1771073465412,2026-02-14 12:51:05,Discord,user85502,DM
1771029919412,2026-02-14 00:45:19,Discord,user92957,DM
1771097723412,2026-02-14 19:35:23,Discord,user82653,Server
1771036142412,2026-02-14 02:29:02,Discord,user1289,DM
1771037836412,2026-02-14 02:57:16,Discord,user66577,Server
1771106928412,2026-02-14 22:08:48,Discord,user92347,DM
1771091455412,2026-02-14 17:50:55,Discord,user6979,Server
1771058577412,2026-02-14 08:42:57,Discord,user9102,DM
1771062628412,2026-02-14 09:50:28,Discord,user79026,Server
1771032211412,2026-02-14 01:23:31,Discord,user39232,DM
1771159495412,2026-02-15 12:44:55,WhatsApp,628305272107,Grup
1771149290412,2026-02-15 09:54:50,WhatsApp,628781535588,Grup
1771182465412,2026-02-15 19:07:45,WhatsApp,628373003072,Pribadi
1771143864412,2026-02-15 08:24:24,WhatsApp,628128274308,Grup
1771181941412,2026-02-15 18:59:01,WhatsApp,628580093456,Pribadi
1771173806412,2026-02-15 16:43:26,WhatsApp,628506060676,Pribadi
1771156069412,2026-02-15 11:47:49,WhatsApp,628237140906,Grup
1771191290412,2026-02-15 21:34:50,WhatsApp,628807222063,Pribadi
1771125950412,2026-02-15 03:25:50,WhatsApp,628938139597,Grup
1771114811412,2026-02-15 00:20:11,WhatsApp,628420574296,Grup
1771184855412,2026-02-15 19:47:35,WhatsApp,628848191280,Grup
1771161447412,2026-02-15 13:17:27,WhatsApp,628608730518,Pribadi
1771169579412,2026-02-15 15:32:59,WhatsApp,628228713396,Grup
1771166759412,2026-02-15 14:45:59,WhatsApp,628830896386,Pribadi
1771168525412,2026-02-15 15:15:25,WhatsApp,628204554776,Grup
1771126441412,2026-02-15 03:34:01,WhatsApp,628888191177,Grup
1771152565412,2026-02-15 10:49:25,WhatsApp,628632761013,Grup
1771126781412,2026-02-15 03:39:41,WhatsApp,628246109130,Grup
1771136397412,2026-02-15 06:19:57,WhatsApp,628246105841,Grup
1771184915412,2026-02-15 19:48:35,WhatsApp,628121054973,Pribadi
1771178267412,2026-02-15 17:57:47,WhatsApp,628679268542,Grup
1771137689412,2026-02-15 06:41:29,WhatsApp,628289464457,Grup
1771170886412,2026-02-15 15:54:46,WhatsApp,628238480287,Pribadi
1771158718412,2026-02-15 12:31:58,WhatsApp,62882643354,Pribadi
1771187891412,2026-02-15 20:38:11,WhatsApp,628584282458,Pribadi
1771164953412,2026-02-15 14:15:53,WhatsApp,628457649014,Grup
1771137416412,2026-02-15 06:36:56,WhatsApp,628874963864,Grup
1771151324412,2026-02-15 10:28:44,WhatsApp,628284148602,Grup
1771120994412,2026-02-15 02:03:14,WhatsApp,628542058992,Grup
1771157434412,2026-02-15 12:10:34,WhatsApp,628968831760,Grup
1771172906412,2026-02-15 16:28:26,WhatsApp,628890490632,Pribadi
1771150931412,2026-02-15 10:22:11,WhatsApp,628752387066,Grup
1771160168412,2026-02-15 12:56:08,WhatsApp,628745371282,Pribadi
1771188315412,2026-02-15 20:45:15,WhatsApp,628513400825,Grup
1771150291412,2026-02-15 10:11:31,WhatsApp,628915502682,Pribadi
1771123944412,2026-02-15 02:52:24,WhatsApp,628867814783,Grup
1771151123412,2026-02-15 10:25:23,WhatsApp,628760129454,Grup
1771139849412,2026-02-15 07:17:29,Discord,user22466,Server
1771117447412,2026-02-15 01:04:07,Discord,user49201,Server
1771133163412,2026-02-15 05:26:03,Discord,user36494,DM
1771163661412,2026-02-15 13:54:21,Discord,user81779,Server
1771157680412,2026-02-15 12:14:40,Discord,user50094,Server
1771161784412,2026-02-15 13:23:04,Discord,user38054,Server
1771195906412,2026-02-15 22:51:46,Discord,user30434,DM
1771262479412,2026-02-16 17:21:19,WhatsApp,628927858818,Pribadi
1771214137412,2026-02-16 03:55:37,WhatsApp,62833030834,Pribadi
1771205389412,2026-02-16 01:29:49,WhatsApp,62843339212,Grup
1771217695412,2026-02-16 04:54:55,WhatsApp,628886009563,Grup
1771251424412,2026-02-16 14:17:04,WhatsApp,628974446144,Pribadi
1771253367412,2026-02-16 14:49:27,WhatsApp,628885685428,Pribadi
1771212042412,2026-02-16 03:20:42,WhatsApp,628798208141,Pribadi
1771250790412,2026-02-16 14:06:30,WhatsApp,62876509119,Grup
1771222559412,2026-02-16 06:15:59,WhatsApp,628426544311,Grup
1771256164412,2026-02-16 15:36:04,WhatsApp,628758381147,Grup
1771221959412,2026-02-16 06:05:59,WhatsApp,628926205656,Pribadi
1771223150412,2026-02-16 06:25:50,WhatsApp,628640844023,Pribadi
1771220478412,2026-02-16 05:41:18,WhatsApp,62897229729,Pribadi
1771230723412,2026-02-16 08:32:03,WhatsApp,628963060898,Grup
1771239145412,2026-02-16 10:52:25,WhatsApp,628226383674,Grup
1771233637412,2026-02-16 09:20:37,WhatsApp,62822459694,Pribadi
1771205271412,2026-02-16 01:27:51,WhatsApp,628354127386,Pribadi
1771225934412,2026-02-16 07:12:14,WhatsApp,628818634028,Pribadi
1771256478412,2026-02-16 15:41:18,WhatsApp,628151385387,Grup
1771246445412,2026-02-16 12:54:05,WhatsApp,628125207258,Grup
1771224361412,2026-02-16 06:46:01,WhatsApp,628801649816,Grup
1771283664412,2026-02-16 23:14:24,WhatsApp,628467472132,Grup
1771261525412,2026-02-16 17:05:25,WhatsApp,628313157904,Grup
1771262224412,2026-02-16 17:17:04,WhatsApp,62875551737,Grup
1771231003412,2026-02-16 08:36:43,WhatsApp,628754035034,Pribadi
1771275519412,2026-02-16 20:58:39,WhatsApp,628174637381,Pribadi
1771239054412,2026-02-16 10:50:54,WhatsApp,628192186996,Grup
1771213575412,2026-02-16 03:46:15,WhatsApp,628310204297,Pribadi
1771266496412,2026-02-16 18:28:16,WhatsApp,628944152995,Grup
1771230808412,2026-02-16 08:33:28,WhatsApp,628611243835,Pribadi
1771255127412,2026-02-16 15:18:47,WhatsApp,628588022522,Pribadi
1771247730412,2026-02-16 13:15:30,WhatsApp,628579816818,Pribadi
1771245452412,2026-02-16 12:37:32,Discord,user93204,Server
1771258823412,2026-02-16 16:20:23,Discord,user45594,DM
1771235286412,2026-02-16 09:48:06,Discord,user96533,Server
1771214919412,2026-02-16 04:08:39,Discord,user86617,DM
1771254321412,2026-02-16 15:05:21,Discord,user67309,Server
1771228840412,2026-02-16 08:00:40,Discord,user31324,Server
1771275663412,2026-02-16 21:01:03,Discord,user87403,Server
1771284455412,2026-02-16 23:27:35,Discord,user2987,Server
1771325021412,2026-02-17 10:43:41,WhatsApp,628392142816,Grup
1771307167412,2026-02-17 05:46:07,WhatsApp,628445346092,Grup
1771310740412,2026-02-17 06:45:40,WhatsApp,628967819446,Grup
1771367086412,2026-02-17 22:24:46,WhatsApp,62869032510,Grup
1771343883412,2026-02-17 15:58:03,WhatsApp,628103874697,Pribadi
1771345241412,2026-02-17 16:20:41,WhatsApp,628623106576,Grup
1771301555412,2026-02-17 04:12:35,WhatsApp,628129385668,Pribadi
1771352994412,2026-02-17 18:29:54,WhatsApp,628585769758,Grup
1771371805412,2026-02-17 23:43:25,WhatsApp,628886870286,Grup
1771288825412,2026-02-17 00:40:25,WhatsApp,628834560631,Pribadi
1771306315412,2026-02-17 05:31:55,WhatsApp,628650209071,Pribadi
1771310722412,2026-02-17 06:45:22,WhatsApp,628919804788,Pribadi
1771348103412,2026-02-17 17:08:23,WhatsApp,628148395359,Grup
1771303812412,2026-02-17 04:50:12,WhatsApp,628946344858,Grup
1771328378412,2026-02-17 11:39:38,WhatsApp,628598844382,Grup
1771362120412,2026-02-17 21:02:00,WhatsApp,628506034228,Pribadi
1771332010412,2026-02-17 12:40:10,WhatsApp,62834436511,Pribadi
1771369068412,2026-02-17 22:57:48,WhatsApp,628613893971,Grup
1771324430412,2026-02-17 10:33:50,WhatsApp,628919381319,Pribadi
1771305225412,2026-02-17 05:13:45,WhatsApp,628290394668,Grup
1771316173412,2026-02-17 08:16:13,WhatsApp,628234164953,Pribadi
1771299890412,2026-02-17 03:44:50,WhatsApp,628420657654,Grup
1771309296412,2026-02-17 06:21:36,WhatsApp,628740524839,Grup
1771297868412,2026-02-17 03:11:08,WhatsApp,628655321393,Grup
1771337797412,2026-02-17 14:16:37,WhatsApp,628688766531,Pribadi
1771321744412,2026-02-17 09:49:04,WhatsApp,628852911274,Grup
1771361199412,2026-02-17 20:46:39,WhatsApp,628527372723,Pribadi
1771298790412,2026-02-17 03:26:30,WhatsApp,628741346038,Grup
1771314426412,2026-02-17 07:47:06,WhatsApp,628218028098,Grup
1771326443412,2026-02-17 11:07:23,WhatsApp,628582949793,Grup
1771319422412,2026-02-17 09:10:22,WhatsApp,628543572630,Grup
1771340995412,2026-02-17 15:09:55,WhatsApp,628857437663,Pribadi
1771341009412,2026-02-17 15:10:09,WhatsApp,628503462310,Pribadi
1771356730412,2026-02-17 19:32:10,WhatsApp,62841985136,Grup
1771367464412,2026-02-17 22:31:04,WhatsApp,62846309583,Grup
1771299777412,2026-02-17 03:42:57,WhatsApp,628682190097,Pribadi
1771321499412,2026-02-17 09:44:59,Discord,user44396,DM
1771325891412,2026-02-17 10:58:11,Discord,user9613,Server
1771346989412,2026-02-17 16:49:49,Discord,user96822,DM
1771357399412,2026-02-17 19:43:19,Discord,user61353,Server
1771340168412,2026-02-17 14:56:08,Discord,user69357,DM
1771365773412,2026-02-17 22:02:53,Discord,user75206,DM
1771292019412,2026-02-17 01:33:39,Discord,user90484,Server
1771316853412,2026-02-17 08:27:33,Discord,user28885,Server
1771323802412,2026-02-17 10:23:22,Discord,user84052,DM
1771287034412,2026-02-17 00:10:34,Discord,user26668,DM
1771359674412,2026-02-17 20:21:14,Discord,user97175,Server
1771313018412,2026-02-17 07:23:38,Discord,user82661,Server
1771344272412,2026-02-17 16:04:32,Discord,user74150,Server
1771397382412,2026-02-18 06:49:42,WhatsApp,628162328738,Grup
1771383182412,2026-02-18 02:53:02,WhatsApp,628977115805,Grup
1771448998412,2026-02-18 21:09:58,WhatsApp,628872252878,Pribadi
1771414459412,2026-02-18 11:34:19,WhatsApp,628991048663,Pribadi
1771446404412,2026-02-18 20:26:44,WhatsApp,62879967480,Grup
1771433456412,2026-02-18 16:50:56,WhatsApp,628440033629,Pribadi
1771449561412,2026-02-18 21:19:21,WhatsApp,628378891719,Pribadi
1771412919412,2026-02-18 11:08:39,WhatsApp,628254219627,Pribadi
1771405360412,2026-02-18 09:02:40,WhatsApp,628311589223,Pribadi
1771449088412,2026-02-18 21:11:28,WhatsApp,628892777107,Grup
1771450557412,2026-02-18 21:35:57,WhatsApp,628224613170,Pribadi
1771407390412,2026-02-18 09:36:30,WhatsApp,628729621006,Grup
1771434138412,2026-02-18 17:02:18,WhatsApp,628599351519,Pribadi
1771441345412,2026-02-18 19:02:25,WhatsApp,628199253611,Pribadi
1771428283412,2026-02-18 15:24:43,WhatsApp,628952281469,Grup
1771422603412,2026-02-18 13:50:03,WhatsApp,62850909437,Pribadi
1771431267412,2026-02-18 16:14:27,WhatsApp,628520131266,Grup
1771427254412,2026-02-18 15:07:34,WhatsApp,628385525054,Grup
1771378872412,2026-02-18 01:41:12,WhatsApp,628484119893,Pribadi
1771458395412,2026-02-18 23:46:35,WhatsApp,628336768479,Pribadi
1771401974412,2026-02-18 08:06:14,WhatsApp,628162751222,Pribadi
1771414589412,2026-02-18 11:36:29,WhatsApp,628760757339,Pribadi
1771429279412,2026-02-18 15:41:19,WhatsApp,628103475920,Grup
1771433564412,2026-02-18 16:52:44,WhatsApp,628166183381,Grup
1771375642412,2026-02-18 00:47:22,WhatsApp,62855027235,Grup
1771417847412,2026-02-18 12:30:47,WhatsApp,628661141115,Grup
1771452787412,2026-02-18 22:13:07,WhatsApp,628759142394,Pribadi
1771394433412,2026-02-18 06:00:33,WhatsApp,628456317769,Pribadi
1771387483412,2026-02-18 04:04:43,WhatsApp,628688169623,Pribadi
1771430639412,2026-02-18 16:03:59,WhatsApp,628322264913,Grup
1771429332412,2026-02-18 15:42:12,WhatsApp,628390388979,Pribadi
1771457351412,2026-02-18 23:29:11,WhatsApp,62853422826,Pribadi
1771449176412,2026-02-18 21:12:56,WhatsApp,628394349866,Grup
1771396805412,2026-02-18 06:40:05,WhatsApp,628937529639,Pribadi
1771373207412,2026-02-18 00:06:47,WhatsApp,628722062532,Pribadi
1771404706412,2026-02-18 08:51:46,WhatsApp,628336032049,Grup
1771452502412,2026-02-18 22:08:22,WhatsApp,628511156669,Pribadi
1771453252412,2026-02-18 22:20:52,WhatsApp,628436869538,Grup
1771386505412,2026-02-18 03:48:25,WhatsApp,628296390977,Grup
1771412673412,2026-02-18 11:04:33,WhatsApp,628407270530,Pribadi
1771382215412,2026-02-18 02:36:55,Discord,user8666,Server
1771439025412,2026-02-18 18:23:45,Discord,user76810,DM
1771386582412,2026-02-18 03:49:42,Discord,user21409,Server
1771457407412,2026-02-18 23:30:07,Discord,user41768,DM
1771380380412,2026-02-18 02:06:20,Discord,user24310,Server
1771445114412,2026-02-18 20:05:14,Discord,user46954,Server
1771439659412,2026-02-18 18:34:19,Discord,user28172,Server
1771400070412,2026-02-18 07:34:30,Discord,user49406,DM
1771398019412,2026-02-18 07:00:19,Discord,user75029,Server
1771481144412,2026-02-19 06:05:44,WhatsApp,628250528642,Grup
1771516042412,2026-02-19 15:47:22,WhatsApp,62876144098,Grup
1771498794412,2026-02-19 10:59:54,WhatsApp,628195462585,Grup
1771480184412,2026-02-19 05:49:44,WhatsApp,628307756521,Pribadi
1771525722412,2026-02-19 18:28:42,WhatsApp,628828673639,Pribadi
1771489228412,2026-02-19 08:20:28,WhatsApp,628560596841,Grup
1771510083412,2026-02-19 14:08:03,WhatsApp,628480663013,Grup
1771484077412,2026-02-19 06:54:37,WhatsApp,628398889900,Grup
1771501014412,2026-02-19 11:36:54,WhatsApp,628200356189,Pribadi
1771538402412,2026-02-19 22:00:02,WhatsApp,628670558003,Grup
1771513274412,2026-02-19 15:01:14,WhatsApp,628586065456,Pribadi
1771490735412,2026-02-19 08:45:35,WhatsApp,628564945189,Grup
1771470520412,2026-02-19 03:08:40,WhatsApp,628582622312,Pribadi
1771494869412,2026-02-19 09:54:29,WhatsApp,628703059884,Pribadi
1771519158412,2026-02-19 16:39:18,WhatsApp,628388101047,Grup
1771509156412,2026-02-19 13:52:36,WhatsApp,62873900759,Grup
1771525252412,2026-02-19 18:20:52,WhatsApp,628149965832,Pribadi
1771544804412,2026-02-19 23:46:44,WhatsApp,628376311440,Grup
1771536549412,2026-02-19 21:29:09,WhatsApp,628388260533,Pribadi
1771477118412,2026-02-19 04:58:38,WhatsApp,628635644264,Grup
1771475994412,2026-02-19 04:39:54,WhatsApp,628605036101,Grup
1771525189412,2026-02-19 18:19:49,WhatsApp,628999546412,Pribadi
1771511756412,2026-02-19 14:35:56,WhatsApp,628369194980,Pribadi
1771488339412,2026-02-19 08:05:39,WhatsApp,628575783596,Grup
1771460330412,2026-02-19 00:18:50,WhatsApp,628961017816,Grup
1771531953412,2026-02-19 20:12:33,WhatsApp,628199132059,Grup
1771463897412,2026-02-19 01:18:17,WhatsApp,628327610341,Grup
1771496579412,2026-02-19 10:22:59,WhatsApp,628604318243,Grup
1771468320412,2026-02-19 02:32:00,WhatsApp,628913199870,Pribadi
1771517223412,2026-02-19 16:07:03,WhatsApp,628496658107,Pribadi
1771472420412,2026-02-19 03:40:20,WhatsApp,628327959524,Grup
1771489175412,2026-02-19 08:19:35,WhatsApp,628149912695,Pribadi
1771535867412,2026-02-19 21:17:47,WhatsApp,628394321545,Grup
1771514597412,2026-02-19 15:23:17,WhatsApp,628308852329,Pribadi
1771472610412,2026-02-19 03:43:30,WhatsApp,628534126820,Grup
1771509357412,2026-02-19 13:55:57,WhatsApp,628710531207,Grup
1771483294412,2026-02-19 06:41:34,WhatsApp,628346132829,Grup
1771509180412,2026-02-19 13:53:00,WhatsApp,628264321500,Pribadi
1771481036412,2026-02-19 06:03:56,WhatsApp,628642255204,Grup
1771489592412,2026-02-19 08:26:32,WhatsApp,628171604062,Grup
1771509153412,2026-02-19 13:52:33,WhatsApp,628997865175,Grup
1771490440412,2026-02-19 08:40:40,WhatsApp,628802715439,Pribadi
1771472638412,2026-02-19 03:43:58,Discord,user33958,Server
1771477778412,2026-02-19 05:09:38,Discord,user95217,Server
1771538455412,2026-02-19 22:00:55,Discord,user46587,DM
1771473756412,2026-02-19 04:02:36,Discord,user3665,Server
1771497248412,2026-02-19 10:34:08,Discord,user73692,Server
1771460039412,2026-02-19 00:13:59,Discord,user32383,DM
1771515538412,2026-02-19 15:38:58,Discord,user22383,DM
1771468197412,2026-02-19 02:29:57,Discord,user15722,Server
1771478978412,2026-02-19 05:29:38,Discord,user14693,Server
1771612456412,2026-02-20 18:34:16,WhatsApp,62853365720,Pribadi
1771548972412,2026-02-20 00:56:12,WhatsApp,628218875932,Grup
1771560457412,2026-02-20 04:07:37,WhatsApp,628915872940,Pribadi
1771581783412,2026-02-20 10:03:03,WhatsApp,62860041606,Grup
1771625653412,2026-02-20 22:14:13,WhatsApp,628832952410,Grup
1771618260412,2026-02-20 20:11:00,WhatsApp,6287167973,Pribadi
1771615557412,2026-02-20 19:25:57,WhatsApp,628579263119,Pribadi
1771577891412,2026-02-20 08:58:11,WhatsApp,62873395250,Grup
1771554169412,2026-02-20 02:22:49,WhatsApp,628251011712,Pribadi
1771585664412,2026-02-20 11:07:44,WhatsApp,628843687149,Grup
1771613063412,2026-02-20 18:44:23,WhatsApp,628126159086,Grup
1771593774412,2026-02-20 13:22:54,WhatsApp,628396785157,Grup
1771569020412,2026-02-20 06:30:20,WhatsApp,628500014802,Grup
1771623946412,2026-02-20 21:45:46,WhatsApp,628471577359,Pribadi
1771601816412,2026-02-20 15:36:56,WhatsApp,628761037224,Grup
1771595936412,2026-02-20 13:58:56,WhatsApp,628557439346,Pribadi
1771557504412,2026-02-20 03:18:24,WhatsApp,628339325126,Pribadi
1771564773412,2026-02-20 05:19:33,WhatsApp,628531603532,Grup
1771556312412,2026-02-20 02:58:32,WhatsApp,628160623454,Grup
1771594732412,2026-02-20 13:38:52,WhatsApp,628665942333,Pribadi
1771576021412,2026-02-20 08:27:01,WhatsApp,628552905184,Pribadi
1771550991412,2026-02-20 01:29:51,WhatsApp,628891803760,Pribadi
1771551760412,2026-02-20 01:42:40,WhatsApp,628880500456,Pribadi
1771562271412,2026-02-20 04:37:51,WhatsApp,628145109743,Pribadi
1771570382412,2026-02-20 06:53:02,WhatsApp,628460327184,Pribadi
1771559357412,2026-02-20 03:49:17,WhatsApp,628566004995,Grup
1771602068412,2026-02-20 15:41:08,WhatsApp,628132992807,Grup
1771623449412,2026-02-20 21:37:29,WhatsApp,628201877421,Grup
1771584603412,2026-02-20 10:50:03,WhatsApp,628910195517,Grup
1771604889412,2026-02-20 16:28:09,WhatsApp,628727878617,Grup
1771552803412,2026-02-20 02:00:03,WhatsApp,628773166449,Grup
1771570330412,2026-02-20 06:52:10,WhatsApp,628783332394,Grup
1771592453412,2026-02-20 13:00:53,WhatsApp,628444880965,Grup
1771617655412,2026-02-20 20:00:55,WhatsApp,62845605342,Grup
1771604229412,2026-02-20 16:17:09,Discord,user53851,DM
1771570679412,2026-02-20 06:57:59,Discord,user54978,Server
1771594523412,2026-02-20 13:35:23,Discord,user86152,Server
1771554600412,2026-02-20 02:30:00,Discord,user13055,DM
1771582193412,2026-02-20 10:09:53,Discord,user38419,DM
1771594313412,2026-02-20 13:31:53,Discord,user54638,Server
1771609353412,2026-02-20 17:42:33,Discord,user79055,Server
1771593382412,2026-02-20 13:16:22,Discord,user94321,Server
1771607330412,2026-02-20 17:08:50,Discord,user6219,Server
1771610323412,2026-02-20 17:58:43,Discord,user38195,DM
1771615752412,2026-02-20 19:29:12,Discord,user70863,DM
1771618300412,2026-02-20 20:11:40,Discord,user37319,Server
1771605955412,2026-02-20 16:45:55,Discord,user88867,DM
1771675532412,2026-02-21 12:05:32,WhatsApp,628445542371,Grup
1771679446412,2026-02-21 13:10:46,WhatsApp,628937500362,Pribadi
1771713761412,2026-02-21 22:42:41,WhatsApp,628768608497,Pribadi
1771662402412,2026-02-21 08:26:42,WhatsApp,62849435408,Grup
1771697570412,2026-02-21 18:12:50,WhatsApp,628306724721,Grup
1771693345412,2026-02-21 17:02:25,WhatsApp,628840423623,Grup
1771645835412,2026-02-21 03:50:35,WhatsApp,628479800414,Grup
1771708635412,2026-02-21 21:17:15,WhatsApp,62868028447,Grup
1771642285412,2026-02-21 02:51:25,WhatsApp,628558758538,Grup
1771663292412,2026-02-21 08:41:32,WhatsApp,628572904748,Pribadi
1771667740412,2026-02-21 09:55:40,WhatsApp,628179098325,Pribadi
1771695755412,2026-02-21 17:42:35,WhatsApp,628189635172,Grup
1771706217412,2026-02-21 20:36:57,WhatsApp,628314569314,Pribadi
1771639402412,2026-02-21 02:03:22,WhatsApp,628290462843,Grup
1771703586412,2026-02-21 19:53:06,WhatsApp,628687293205,Grup
1771661560412,2026-02-21 08:12:40,WhatsApp,628381801566,Grup
1771687409412,2026-02-21 15:23:29,WhatsApp,628998401661,Grup
1771688205412,2026-02-21 15:36:45,WhatsApp,628272628313,Grup
1771687347412,2026-02-21 15:22:27,WhatsApp,628776426701,Grup
1771695577412,2026-02-21 17:39:37,WhatsApp,628900198754,Pribadi
1771665467412,2026-02-21 09:17:47,WhatsApp,628952963231,Grup
1771704104412,2026-02-21 20:01:44,WhatsApp,628951603884,Grup
1771655512412,2026-02-21 06:31:52,WhatsApp,628813853972,Grup
1771700780412,2026-02-21 19:06:20,WhatsApp,628735945753,Grup
1771649685412,2026-02-21 04:54:45,WhatsApp,628713962098,Pribadi
1771715373412,2026-02-21 23:09:33,WhatsApp,628822308449,Pribadi
1771709238412,2026-02-21 21:27:18,WhatsApp,628791513850,Grup
1771697981412,2026-02-21 18:19:41,WhatsApp,628254843073,Pribadi
1771710009412,2026-02-21 21:40:09,WhatsApp,62851557172,Grup
1771639020412,2026-02-21 01:57:00,WhatsApp,62810037511,Grup
1771666332412,2026-02-21 09:32:12,WhatsApp,628603480682,Pribadi
1771648416412,2026-02-21 04:33:36,WhatsApp,628187364654,Pribadi
1771718070412,2026-02-21 23:54:30,WhatsApp,628889487292,Pribadi
1771661799412,2026-02-21 08:16:39,WhatsApp,62899245373,Pribadi
1771715750412,2026-02-21 23:15:50,WhatsApp,628244596087,Pribadi
1771635863412,2026-02-21 01:04:23,WhatsApp,628356585841,Grup
1771635046412,2026-02-21 00:50:46,WhatsApp,628489657551,Grup
1771645590412,2026-02-21 03:46:30,WhatsApp,628179847475,Pribadi
1771713208412,2026-02-21 22:33:28,WhatsApp,628142076490,Grup
1771677674412,2026-02-21 12:41:14,WhatsApp,628152221155,Grup
1771657259412,2026-02-21 07:00:59,WhatsApp,628835951069,Grup
1771703426412,2026-02-21 19:50:26,WhatsApp,628920249051,Pribadi
1771645206412,2026-02-21 03:40:06,WhatsApp,628717726705,Pribadi
1771646179412,2026-02-21 03:56:19,WhatsApp,62856353391,Grup
1771653024412,2026-02-21 05:50:24,WhatsApp,628272675503,Grup
1771696074412,2026-02-21 17:47:54,WhatsApp,628717113420,Pribadi
1771698971412,2026-02-21 18:36:11,WhatsApp,628582235453,Pribadi
1771634727412,2026-02-21 00:45:27,WhatsApp,628282926496,Pribadi
1771675272412,2026-02-21 12:01:12,WhatsApp,628764452787,Pribadi
1771700645412,2026-02-21 19:04:05,WhatsApp,628109245579,Pribadi
1771706326412,2026-02-21 20:38:46,Discord,user77164,Server
1771670943412,2026-02-21 10:49:03,Discord,user86051,DM
1771691308412,2026-02-21 16:28:28,Discord,user78733,Server
1771670634412,2026-02-21 10:43:54,Discord,user174,DM
1771682000412,2026-02-21 13:53:20,Discord,user94775,DM
1771653304412,2026-02-21 05:55:04,Discord,user23443,Server
1771649702412,2026-02-21 04:55:02,Discord,user45797,Server
1771679586412,2026-02-21 13:13:06,Discord,user36492,Server
1771652910412,2026-02-21 05:48:30,Discord,user75681,DM
1771707089412,2026-02-21 20:51:29,Discord,user31628,Server
1771682288412,2026-02-21 13:58:08,Discord,user11809,Server
1771642365412,2026-02-21 02:52:45,Discord,user40019,DM
1771689855412,2026-02-21 16:04:15,Discord,user29094,DM
1771688307412,2026-02-21 15:38:27,Discord,user94059,DM
1771742171412,2026-02-22 06:36:11,WhatsApp,628221710358,Pribadi
1771721225412,2026-02-22 00:47:05,WhatsApp,628390897886,Pribadi
1771763951412,2026-02-22 12:39:11,WhatsApp,62893756689,Pribadi
1771776123412,2026-02-22 16:02:03,WhatsApp,628180881064,Grup
1771724055412,2026-02-22 01:34:15,WhatsApp,628934110898,Grup
1771793361412,2026-02-22 20:49:21,WhatsApp,62877281753,Pribadi
1771798689412,2026-02-22 22:18:09,WhatsApp,628450406893,Grup
1771737036412,2026-02-22 05:10:36,WhatsApp,62848722333,Pribadi
1771793088412,2026-02-22 20:44:48,WhatsApp,628305272855,Grup
1771798391412,2026-02-22 22:13:11,WhatsApp,628934186357,Grup
1771760131412,2026-02-22 11:35:31,WhatsApp,628602607452,Grup
1771799428412,2026-02-22 22:30:28,WhatsApp,628196023784,Grup
1771742226412,2026-02-22 06:37:06,WhatsApp,628652768057,Grup
1771744045412,2026-02-22 07:07:25,WhatsApp,62851033881,Pribadi
1771776320412,2026-02-22 16:05:20,WhatsApp,628353644008,Grup
1771790096412,2026-02-22 19:54:56,WhatsApp,628791152401,Grup
1771804757412,2026-02-22 23:59:17,WhatsApp,628785335297,Grup
1771778446412,2026-02-22 16:40:46,WhatsApp,628900723715,Pribadi
1771770373412,2026-02-22 14:26:13,WhatsApp,628589651730,Grup
1771788381412,2026-02-22 19:26:21,WhatsApp,628589042166,Pribadi
1771734054412,2026-02-22 04:20:54,WhatsApp,62823948611,Pribadi
1771749123412,2026-02-22 08:32:03,WhatsApp,628781414657,Grup
1771775318412,2026-02-22 15:48:38,WhatsApp,628782561609,Grup
1771756988412,2026-02-22 10:43:08,WhatsApp,628361902200,Grup
1771789873412,2026-02-22 19:51:13,WhatsApp,628138919629,Pribadi
1771796147412,2026-02-22 21:35:47,WhatsApp,628794486525,Pribadi
1771742734412,2026-02-22 06:45:34,WhatsApp,628137065345,Grup
1771749487412,2026-02-22 08:38:07,WhatsApp,628828739295,Grup
1771784579412,2026-02-22 18:22:59,WhatsApp,628195346513,Grup
1771747159412,2026-02-22 07:59:19,WhatsApp,628869788530,Grup
1771749540412,2026-02-22 08:39:00,WhatsApp,628713450131,Grup
1771794263412,2026-02-22 21:04:23,WhatsApp,628327539470,Pribadi
1771736282412,2026-02-22 04:58:02,WhatsApp,628933812831,Pribadi
1771738676412,2026-02-22 05:37:56,WhatsApp,628155021095,Grup
1771735057412,2026-02-22 04:37:37,WhatsApp,628967765001,Grup
1771741272412,2026-02-22 06:21:12,WhatsApp,628424058153,Grup
1771795521412,2026-02-22 21:25:21,WhatsApp,628413196902,Grup
1771793646412,2026-02-22 20:54:06,WhatsApp,628728151483,Grup
1771762556412,2026-02-22 12:15:56,WhatsApp,62833707184,Grup
1771759250412,2026-02-22 11:20:50,WhatsApp,628369718929,Pribadi
1771771553412,2026-02-22 14:45:53,WhatsApp,628859949218,Grup
1771763005412,2026-02-22 12:23:25,Discord,user47386,Server
1771746345412,2026-02-22 07:45:45,Discord,user17965,Server
1771792087412,2026-02-22 20:28:07,Discord,user68842,Server
1771783138412,2026-02-22 17:58:58,Discord,user35766,Server
1771742935412,2026-02-22 06:48:55,Discord,user31322,Server
1771719330412,2026-02-22 00:15:30,Discord,user97454,Server
1771792382412,2026-02-22 20:33:02,Discord,user53071,DM
1771766118412,2026-02-22 13:15:18,Discord,user2273,DM
1771754724412,2026-02-22 10:05:24,Discord,user71333,Server
1771752600412,2026-02-22 09:30:00,Discord,user59301,DM
1771750431412,2026-02-22 08:53:51,Discord,user73073,Server
1771737933412,2026-02-22 05:25:33,Discord,user58683,DM
1771775574412,2026-02-22 15:52:54,Discord,user87974,DM
1771792828412,2026-02-22 20:40:28,Discord,user25996,Server
1771798871412,2026-02-22 22:21:11,Discord,user76241,DM
1771731289412,2026-02-22 03:34:49,Discord,user56511,DM
1771769343412,2026-02-22 14:09:03,Discord,user99740,DM
1771759153412,2026-02-22 11:19:13,Discord,user88790,Server
1771870473412,2026-02-23 18:14:33,WhatsApp,628799859967,Grup
1771817778412,2026-02-23 03:36:18,WhatsApp,628988424948,Grup
1771830724412,2026-02-23 07:12:04,WhatsApp,628145079427,Pribadi
1771829979412,2026-02-23 06:59:39,WhatsApp,628652311776,Grup
1771842568412,2026-02-23 10:29:28,WhatsApp,628169869459,Pribadi
1771871413412,2026-02-23 18:30:13,WhatsApp,628189843443,Pribadi
1771842314412,2026-02-23 10:25:14,WhatsApp,628595788311,Pribadi
1771824362412,2026-02-23 05:26:02,WhatsApp,628756867917,Grup
1771889808412,2026-02-23 23:36:48,WhatsApp,628403415492,Grup
1771855094412,2026-02-23 13:58:14,WhatsApp,628304212701,Grup
1771864217412,2026-02-23 16:30:17,WhatsApp,628515093303,Pribadi
1771815382412,2026-02-23 02:56:22,WhatsApp,628886142034,Grup
1771851341412,2026-02-23 12:55:41,WhatsApp,628635711234,Pribadi
1771871001412,2026-02-23 18:23:21,WhatsApp,628193912997,Grup
1771835461412,2026-02-23 08:31:01,WhatsApp,628819949445,Grup
1771807908412,2026-02-23 00:51:48,WhatsApp,628882108729,Grup
1771889086412,2026-02-23 23:24:46,WhatsApp,628745281305,Grup
1771867983412,2026-02-23 17:33:03,WhatsApp,628321331908,Pribadi
1771840095412,2026-02-23 09:48:15,WhatsApp,628240773263,Pribadi
1771891160412,2026-02-23 23:59:20,WhatsApp,628398228617,Grup
1771852924412,2026-02-23 13:22:04,WhatsApp,628982634661,Pribadi
1771809046412,2026-02-23 01:10:46,WhatsApp,628527162465,Pribadi
1771823157412,2026-02-23 05:05:57,WhatsApp,628775352087,Grup
1771830497412,2026-02-23 07:08:17,WhatsApp,628231631142,Grup
1771843527412,2026-02-23 10:45:27,WhatsApp,628663075156,Pribadi
1771816139412,2026-02-23 03:08:59,WhatsApp,628824384322,Grup
1771888556412,2026-02-23 23:15:56,WhatsApp,628452787996,Grup
1771847791412,2026-02-23 11:56:31,WhatsApp,628790481251,Pribadi
1771865550412,2026-02-23 16:52:30,WhatsApp,628716392128,Grup
1771887673412,2026-02-23 23:01:13,WhatsApp,628757345432,Pribadi
1771867303412,2026-02-23 17:21:43,WhatsApp,628721552628,Pribadi
1771838648412,2026-02-23 09:24:08,WhatsApp,628730673733,Pribadi
1771826055412,2026-02-23 05:54:15,WhatsApp,628876985370,Grup
1771864831412,2026-02-23 16:40:31,WhatsApp,628285155752,Pribadi
1771889979412,2026-02-23 23:39:39,WhatsApp,628427628056,Grup
1771861574412,2026-02-23 15:46:14,WhatsApp,628551928080,Grup
1771875336412,2026-02-23 19:35:36,WhatsApp,62874072785,Pribadi
1771873101412,2026-02-23 18:58:21,WhatsApp,628911496326,Grup
1771817823412,2026-02-23 03:37:03,WhatsApp,628413408711,Grup
1771885626412,2026-02-23 22:27:06,WhatsApp,628410204,Pribadi
1771854693412,2026-02-23 13:51:33,WhatsApp,628155616338,Grup
1771815369412,2026-02-23 02:56:09,WhatsApp,628618673387,Pribadi
1771865412412,2026-02-23 16:50:12,WhatsApp,628601299833,Pribadi
1771865664412,2026-02-23 16:54:24,Discord,user36912,Server
1771856994412,2026-02-23 14:29:54,Discord,user89300,DM
1771834519412,2026-02-23 08:15:19,Discord,user21341,DM
1771817800412,2026-02-23 03:36:40,Discord,user153,Server
1771874417412,2026-02-23 19:20:17,Discord,user68512,DM
1771829035412,2026-02-23 06:43:55,Discord,user90322,DM
1771824009412,2026-02-23 05:20:09,Discord,user47044,Server
1771887612412,2026-02-23 23:00:12,Discord,user2886,Server
1771867240412,2026-02-23 17:20:40,Discord,user62006,Server
1771812884412,2026-02-23 02:14:44,Discord,user12777,Server
1771817929412,2026-02-23 03:38:49,Discord,user31667,Server
1771815719412,2026-02-23 03:01:59,Discord,user75918,Server
1771934170412,2026-02-24 11:56:10,WhatsApp,628391414204,Pribadi
1771945230412,2026-02-24 15:00:30,WhatsApp,628967436913,Grup
1771961925412,2026-02-24 19:38:45,WhatsApp,628244261091,Grup
1771894989412,2026-02-24 01:03:09,WhatsApp,628803095672,Pribadi
1771906309412,2026-02-24 04:11:49,WhatsApp,62896274257,Grup
1771958583412,2026-02-24 18:43:03,WhatsApp,628311181786,Pribadi
1771959031412,2026-02-24 18:50:31,WhatsApp,628411323737,Grup
1771923362412,2026-02-24 08:56:02,WhatsApp,628497740528,Pribadi
1771947583412,2026-02-24 15:39:43,WhatsApp,628957487598,Grup
1771955379412,2026-02-24 17:49:39,WhatsApp,628895814891,Grup
1771972943412,2026-02-24 22:42:23,WhatsApp,62836553335,Grup
1771893150412,2026-02-24 00:32:30,WhatsApp,62887850851,Grup
1771907446412,2026-02-24 04:30:46,WhatsApp,628757851923,Grup
1771951379412,2026-02-24 16:42:59,WhatsApp,628296757674,Grup
1771905460412,2026-02-24 03:57:40,WhatsApp,628280663508,Grup
1771961284412,2026-02-24 19:28:04,WhatsApp,628982835208,Grup
1771936499412,2026-02-24 12:34:59,WhatsApp,628924356011,Pribadi
1771903163412,2026-02-24 03:19:23,WhatsApp,62875040550,Grup
1771932480412,2026-02-24 11:28:00,WhatsApp,628174367568,Pribadi
1771904624412,2026-02-24 03:43:44,WhatsApp,628522181892,Pribadi
1771900420412,2026-02-24 02:33:40,WhatsApp,628261737205,Pribadi
1771908012412,2026-02-24 04:40:12,WhatsApp,628502303339,Pribadi
1771894935412,2026-02-24 01:02:15,WhatsApp,628296207869,Grup
1771976835412,2026-02-24 23:47:15,WhatsApp,628792081456,Pribadi
1771934329412,2026-02-24 11:58:49,WhatsApp,628783518358,Pribadi
1771901915412,2026-02-24 02:58:35,WhatsApp,628318501707,Pribadi
1771973912412,2026-02-24 22:58:32,WhatsApp,628113498459,Grup
1771932292412,2026-02-24 11:24:52,WhatsApp,628569315028,Grup
1771972660412,2026-02-24 22:37:40,WhatsApp,628776154066,Pribadi
1771944570412,2026-02-24 14:49:30,WhatsApp,628300615952,Grup
1771959819412,2026-02-24 19:03:39,WhatsApp,628162607707,Grup
1771922615412,2026-02-24 08:43:35,WhatsApp,628364121510,Pribadi
1771916041412,2026-02-24 06:54:01,WhatsApp,628596984591,Pribadi
1771901406412,2026-02-24 02:50:06,WhatsApp,628281549585,Pribadi
1771950833412,2026-02-24 16:33:53,WhatsApp,62861597847,Grup
1771931134412,2026-02-24 11:05:34,WhatsApp,628989791327,Pribadi
1771898307412,2026-02-24 01:58:27,WhatsApp,628811285399,Grup
1771976722412,2026-02-24 23:45:22,WhatsApp,628144916063,Grup
1771905501412,2026-02-24 03:58:21,WhatsApp,62899954442,Grup
1771934652412,2026-02-24 12:04:12,WhatsApp,628853981190,Grup
1771976373412,2026-02-24 23:39:33,WhatsApp,628443145741,Pribadi
1771921098412,2026-02-24 08:18:18,WhatsApp,628985053108,Grup
1771967837412,2026-02-24 21:17:17,Discord,user33527,Server
1771910072412,2026-02-24 05:14:32,Discord,user36050,Server
1771897678412,2026-02-24 01:47:58,Discord,user56774,DM
1771966495412,2026-02-24 20:54:55,Discord,user91546,Server
1771910501412,2026-02-24 05:21:41,Discord,user77020,Server
1771930756412,2026-02-24 10:59:16,Discord,user95305,DM
1771907379412,2026-02-24 04:29:39,Discord,user31612,Server
1771976790412,2026-02-24 23:46:30,Discord,user54558,Server
1771892066412,2026-02-24 00:14:26,Discord,user86665,Server
1771951448412,2026-02-24 16:44:08,Discord,user18489,DM
1771926640412,2026-02-24 09:50:40,Discord,user21255,Server
1771931012412,2026-02-24 11:03:32,Discord,user87499,Server
1771897599412,2026-02-24 01:46:39,Discord,user61063,DM
1772056398412,2026-02-25 21:53:18,WhatsApp,628726616161,Grup
1772062062412,2026-02-25 23:27:42,WhatsApp,62854955946,Pribadi
1772017165412,2026-02-25 10:59:25,WhatsApp,628672272685,Grup
1772048059412,2026-02-25 19:34:19,WhatsApp,628683781051,Grup
1772055123412,2026-02-25 21:32:03,WhatsApp,628747651297,Pribadi
1772007061412,2026-02-25 08:11:01,WhatsApp,628561826587,Grup
1772058239412,2026-02-25 22:23:59,WhatsApp,628393641332,Pribadi
1772037581412,2026-02-25 16:39:41,WhatsApp,628224970334,Grup
1772062890412,2026-02-25 23:41:30,WhatsApp,628855981897,Grup
1772029174412,2026-02-25 14:19:34,WhatsApp,628471637586,Pribadi
1771987395412,2026-02-25 02:43:15,WhatsApp,628882089168,Grup
1772014744412,2026-02-25 10:19:04,WhatsApp,628514383319,Grup
1772040690412,2026-02-25 17:31:30,WhatsApp,628495264725,Pribadi
1772034608412,2026-02-25 15:50:08,WhatsApp,628434333214,Pribadi
1772052493412,2026-02-25 20:48:13,WhatsApp,628231048900,Grup
1771983260412,2026-02-25 01:34:20,WhatsApp,628311511279,Pribadi
1771986573412,2026-02-25 02:29:33,WhatsApp,628732593466,Pribadi
1771980217412,2026-02-25 00:43:37,WhatsApp,628563785526,Grup
1771982760412,2026-02-25 01:26:00,WhatsApp,628509188306,Grup
1772051402412,2026-02-25 20:30:02,WhatsApp,628830826653,Grup
1771984612412,2026-02-25 01:56:52,WhatsApp,628215037270,Grup
1772004234412,2026-02-25 07:23:54,WhatsApp,628938715693,Grup
1772029477412,2026-02-25 14:24:37,WhatsApp,628142673575,Pribadi
1772002831412,2026-02-25 07:00:31,WhatsApp,628914458616,Grup
1771981517412,2026-02-25 01:05:17,WhatsApp,628140309341,Grup
1771983088412,2026-02-25 01:31:28,WhatsApp,628150847666,Grup
1772005440412,2026-02-25 07:44:00,WhatsApp,628390588314,Pribadi
1772028213412,2026-02-25 14:03:33,WhatsApp,628270112701,Pribadi
1772007829412,2026-02-25 08:23:49,WhatsApp,628553248831,Grup
1771998791412,2026-02-25 05:53:11,WhatsApp,628757223416,Grup
1772021761412,2026-02-25 12:16:01,WhatsApp,628768085795,Grup
1772014499412,2026-02-25 10:14:59,WhatsApp,628793964210,Grup
1772042420412,2026-02-25 18:00:20,WhatsApp,628976036323,Grup
1771981057412,2026-02-25 00:57:37,WhatsApp,628577921398,Pribadi
1772034198412,2026-02-25 15:43:18,WhatsApp,628701578453,Pribadi
1772012455412,2026-02-25 09:40:55,WhatsApp,628754136400,Pribadi
1772035044412,2026-02-25 15:57:24,WhatsApp,628624503991,Grup
1771988762412,2026-02-25 03:06:02,WhatsApp,628747319,Grup
1772006582412,2026-02-25 08:03:02,WhatsApp,628396518854,Pribadi
1771986342412,2026-02-25 02:25:42,WhatsApp,628387369733,Pribadi
1771981544412,2026-02-25 01:05:44,WhatsApp,628454713481,Grup
1772031378412,2026-02-25 14:56:18,WhatsApp,628201174391,Grup
1772036175412,2026-02-25 16:16:15,WhatsApp,628144423172,Pribadi
1772039367412,2026-02-25 17:09:27,WhatsApp,628543772925,Pribadi
1771989519412,2026-02-25 03:18:39,WhatsApp,628712880406,Pribadi
1772055334412,2026-02-25 21:35:34,WhatsApp,6288113076,Grup
1772014421412,2026-02-25 10:13:41,WhatsApp,628243398127,Grup
1772033715412,2026-02-25 15:35:15,WhatsApp,628434513426,Grup
1772047321412,2026-02-25 19:22:01,WhatsApp,628227014365,Grup
1771979490412,2026-02-25 00:31:30,WhatsApp,628434486104,Grup
1772042713412,2026-02-25 18:05:13,WhatsApp,628345064578,Pribadi
1772031050412,2026-02-25 14:50:50,WhatsApp,628140838481,Pribadi
1772016101412,2026-02-25 10:41:41,WhatsApp,628651101791,Grup
1771991857412,2026-02-25 03:57:37,WhatsApp,628646613079,Grup
1772012607412,2026-02-25 09:43:27,WhatsApp,628687587454,Pribadi
1772034282412,2026-02-25 15:44:42,WhatsApp,628991891165,Pribadi
1772062471412,2026-02-25 23:34:31,WhatsApp,628114496186,Pribadi
1772037341412,2026-02-25 16:35:41,Discord,user35150,DM
1772018374412,2026-02-25 11:19:34,Discord,user98394,Server
1772026339412,2026-02-25 13:32:19,Discord,user8997,DM
1772038644412,2026-02-25 16:57:24,Discord,user85543,Server
1772044824412,2026-02-25 18:40:24,Discord,user62936,DM
1771995174412,2026-02-25 04:52:54,Discord,user8526,DM
1772015006412,2026-02-25 10:23:26,Discord,user31336,DM
1772061624412,2026-02-25 23:20:24,Discord,user66605,DM
1771991203412,2026-02-25 03:46:43,Discord,user34682,DM
1772059393412,2026-02-25 22:43:13,Discord,user24774,DM
1772010428412,2026-02-25 09:07:08,Discord,user12805,Server
1772027625412,2026-02-25 13:53:45,Discord,user51303,Server
1771985437412,2026-02-25 02:10:37,Discord,user57226,Server
1772046000412,2026-02-25 19:00:00,Discord,user29105,Server
1772017900412,2026-02-25 11:11:40,Discord,user45870,Server
1772028449412,2026-02-25 14:07:29,Discord,user96177,DM
1772063310412,2026-02-25 23:48:30,Discord,user18757,DM
1771997008412,2026-02-25 05:23:28,Discord,user77395,DM
1772015930412,2026-02-25 10:38:50,Discord,user13812,DM
1772068461412,2026-02-26 01:14:21,WhatsApp,628622614829,Grup
1772101778412,2026-02-26 10:29:38,WhatsApp,628121365166,Grup
1772142931412,2026-02-26 21:55:31,WhatsApp,628778027182,Pribadi
1772108955412,2026-02-26 12:29:15,WhatsApp,628636987143,Grup
1772083829412,2026-02-26 05:30:29,WhatsApp,628694446634,Pribadi
1772145038412,2026-02-26 22:30:38,WhatsApp,628218916057,Pribadi
1772105225412,2026-02-26 11:27:05,WhatsApp,628185707209,Grup
1772087806412,2026-02-26 06:36:46,WhatsApp,628984215461,Grup
1772124951412,2026-02-26 16:55:51,WhatsApp,628856261939,Grup
1772085918412,2026-02-26 06:05:18,WhatsApp,628487097421,Grup
1772108027412,2026-02-26 12:13:47,WhatsApp,628865678420,Grup
1772100487412,2026-02-26 10:08:07,WhatsApp,628835613677,Pribadi
1772104751412,2026-02-26 11:19:11,WhatsApp,628801395471,Grup
1772093750412,2026-02-26 08:15:50,WhatsApp,62827030301,Pribadi
1772067628412,2026-02-26 01:00:28,WhatsApp,628387549436,Pribadi
1772142647412,2026-02-26 21:50:47,WhatsApp,628761285718,Grup
1772136315412,2026-02-26 20:05:15,WhatsApp,628719832536,Pribadi
1772106818412,2026-02-26 11:53:38,WhatsApp,628644731663,Pribadi
1772082039412,2026-02-26 05:00:39,WhatsApp,628211937590,Grup
1772148986412,2026-02-26 23:36:26,WhatsApp,628825337369,Pribadi
1772066707412,2026-02-26 00:45:07,WhatsApp,628303114152,Grup
1772104911412,2026-02-26 11:21:51,WhatsApp,628911063850,Grup
1772067194412,2026-02-26 00:53:14,WhatsApp,628135129299,Grup
1772075133412,2026-02-26 03:05:33,WhatsApp,628944251151,Grup
1772115603412,2026-02-26 14:20:03,WhatsApp,62890770864,Pribadi
1772113168412,2026-02-26 13:39:28,WhatsApp,628578421102,Pribadi
1772080419412,2026-02-26 04:33:39,WhatsApp,628220167468,Pribadi
1772095656412,2026-02-26 08:47:36,WhatsApp,628921312066,Grup
1772138308412,2026-02-26 20:38:28,WhatsApp,628371698387,Pribadi
1772123295412,2026-02-26 16:28:15,WhatsApp,628975171200,Pribadi
1772092933412,2026-02-26 08:02:13,WhatsApp,628492742473,Pribadi
1772143023412,2026-02-26 21:57:03,WhatsApp,62886632335,Grup
1772079808412,2026-02-26 04:23:28,WhatsApp,628616907756,Grup
1772106258412,2026-02-26 11:44:18,WhatsApp,628419444141,Pribadi
1772065124412,2026-02-26 00:18:44,WhatsApp,62846709712,Grup
1772071825412,2026-02-26 02:10:25,WhatsApp,628999412669,Grup
1772132245412,2026-02-26 18:57:25,WhatsApp,628786099365,Grup
1772095790412,2026-02-26 08:49:50,WhatsApp,628703923446,Grup
1772125728412,2026-02-26 17:08:48,WhatsApp,62860751929,Grup
1772147369412,2026-02-26 23:09:29,WhatsApp,628586000949,Grup
1772099240412,2026-02-26 09:47:20,WhatsApp,628200593484,Grup
1772072407412,2026-02-26 02:20:07,WhatsApp,628143847255,Pribadi
1772090564412,2026-02-26 07:22:44,WhatsApp,628277006659,Grup
1772120454412,2026-02-26 15:40:54,WhatsApp,628701787637,Pribadi
1772106158412,2026-02-26 11:42:38,WhatsApp,628994834384,Grup
1772106318412,2026-02-26 11:45:18,WhatsApp,628680429603,Grup
1772087626412,2026-02-26 06:33:46,WhatsApp,628269087502,Pribadi
1772101049412,2026-02-26 10:17:29,WhatsApp,628783539531,Pribadi
1772088776412,2026-02-26 06:52:56,WhatsApp,628275974892,Grup
1772096939412,2026-02-26 09:08:59,WhatsApp,628149307066,Grup
1772120974412,2026-02-26 15:49:34,WhatsApp,628992293206,Grup
1772082853412,2026-02-26 05:14:13,WhatsApp,628717452234,Pribadi
1772109533412,2026-02-26 12:38:53,WhatsApp,628687551702,Grup
1772137764412,2026-02-26 20:29:24,WhatsApp,628956961517,Grup
1772065232412,2026-02-26 00:20:32,WhatsApp,628502031103,Pribadi
1772139071412,2026-02-26 20:51:11,WhatsApp,628843027930,Pribadi
1772127354412,2026-02-26 17:35:54,WhatsApp,6288262379,Pribadi
1772095093412,2026-02-26 08:38:13,WhatsApp,628136844684,Grup
1772137471412,2026-02-26 20:24:31,Discord,user97064,DM
1772127871412,2026-02-26 17:44:31,Discord,user59432,DM
1772122703412,2026-02-26 16:18:23,Discord,user45610,DM
1772129038412,2026-02-26 18:03:58,Discord,user67571,DM
1772139305412,2026-02-26 20:55:05,Discord,user11666,DM
1772131553412,2026-02-26 18:45:53,Discord,user98406,DM
1772113303412,2026-02-26 13:41:43,Discord,user69114,DM
1772104653412,2026-02-26 11:17:33,Discord,user11390,Server
1772077156412,2026-02-26 03:39:16,Discord,user87127,DM
1772089496412,2026-02-26 07:04:56,Discord,user23925,DM
1772066288412,2026-02-26 00:38:08,Discord,user4265,DM
1772095595412,2026-02-26 08:46:35,Discord,user85276,DM
1772115442412,2026-02-26 14:17:22,Discord,user73020,Server
1772157662412,2026-02-27 02:01:02,WhatsApp,628424485124,Pribadi
1772226057412,2026-02-27 21:00:57,WhatsApp,628892356571,Grup
1772210329412,2026-02-27 16:38:49,WhatsApp,628512934973,Pribadi
1772153155412,2026-02-27 00:45:55,WhatsApp,628898008051,Grup
1772195239412,2026-02-27 12:27:19,WhatsApp,628291563419,Pribadi
1772199160412,2026-02-27 13:32:40,WhatsApp,628209437301,Grup
1772211397412,2026-02-27 16:56:37,WhatsApp,628395239664,Pribadi
1772203981412,2026-02-27 14:53:01,WhatsApp,628479465597,Grup
1772224157412,2026-02-27 20:29:17,WhatsApp,628965993407,Grup
1772192735412,2026-02-27 11:45:35,WhatsApp,628999506357,Pribadi
1772173163412,2026-02-27 06:19:23,WhatsApp,628387389599,Grup
1772210318412,2026-02-27 16:38:38,WhatsApp,628424991049,Grup
1772194104412,2026-02-27 12:08:24,WhatsApp,628555507065,Grup
1772228025412,2026-02-27 21:33:45,WhatsApp,628333037269,Grup
1772232037412,2026-02-27 22:40:37,WhatsApp,628119622613,Grup
1772151703412,2026-02-27 00:21:43,WhatsApp,628469851015,Pribadi
1772151945412,2026-02-27 00:25:45,WhatsApp,62810160191,Pribadi
1772157190412,2026-02-27 01:53:10,WhatsApp,628314692265,Grup
1772158819412,2026-02-27 02:20:19,WhatsApp,628982483543,Grup
1772226669412,2026-02-27 21:11:09,WhatsApp,6287148094,Grup
1772204015412,2026-02-27 14:53:35,WhatsApp,628825617261,Grup
1772150771412,2026-02-27 00:06:11,WhatsApp,62840142180,Pribadi
1772167894412,2026-02-27 04:51:34,WhatsApp,628811441108,Pribadi
1772171440412,2026-02-27 05:50:40,WhatsApp,628599515512,Grup
1772219681412,2026-02-27 19:14:41,WhatsApp,6289921130,Grup
1772188430412,2026-02-27 10:33:50,WhatsApp,62841567247,Grup
1772230038412,2026-02-27 22:07:18,WhatsApp,628235013506,Pribadi
1772160482412,2026-02-27 02:48:02,WhatsApp,628150409885,Grup
1772163321412,2026-02-27 03:35:21,WhatsApp,628954164535,Grup
1772179915412,2026-02-27 08:11:55,WhatsApp,628635554940,Pribadi
1772224927412,2026-02-27 20:42:07,WhatsApp,628909970867,Pribadi
1772215133412,2026-02-27 17:58:53,WhatsApp,628361105706,Grup
1772222862412,2026-02-27 20:07:42,WhatsApp,628693271378,Grup
1772223665412,2026-02-27 20:21:05,WhatsApp,628791530548,Grup
1772232286412,2026-02-27 22:44:46,WhatsApp,6289949799,Pribadi
1772224831412,2026-02-27 20:40:31,WhatsApp,628325045224,Pribadi
1772173869412,2026-02-27 06:31:09,WhatsApp,62884864519,Pribadi
1772153370412,2026-02-27 00:49:30,WhatsApp,628641938664,Grup
1772217407412,2026-02-27 18:36:47,WhatsApp,62818806397,Grup
1772193932412,2026-02-27 12:05:32,WhatsApp,628805889673,Grup
1772234927412,2026-02-27 23:28:47,WhatsApp,628163650936,Grup
1772185724412,2026-02-27 09:48:44,WhatsApp,628731250432,Grup
1772203485412,2026-02-27 14:44:45,WhatsApp,628155633727,Grup
1772188883412,2026-02-27 10:41:23,WhatsApp,628871049041,Pribadi
1772176033412,2026-02-27 07:07:13,WhatsApp,628876125621,Grup
1772165300412,2026-02-27 04:08:20,WhatsApp,628741023331,Grup
1772215221412,2026-02-27 18:00:21,WhatsApp,628814912615,Grup
1772185442412,2026-02-27 09:44:02,WhatsApp,628213037434,Grup
1772206326412,2026-02-27 15:32:06,WhatsApp,628357238388,Grup
1772173878412,2026-02-27 06:31:18,WhatsApp,628224879944,Grup
1772182709412,2026-02-27 08:58:29,WhatsApp,628244950019,Grup
1772178415412,2026-02-27 07:46:55,WhatsApp,628199803999,Grup
1772192254412,2026-02-27 11:37:34,WhatsApp,628292596883,Pribadi
1772191187412,2026-02-27 11:19:47,WhatsApp,628858107375,Grup
1772156387412,2026-02-27 01:39:47,WhatsApp,628291445398,Grup
1772185500412,2026-02-27 09:45:00,WhatsApp,628109264429,Grup
1772182552412,2026-02-27 08:55:52,Discord,user16990,DM
1772234205412,2026-02-27 23:16:45,Discord,user9887,Server
1772202937412,2026-02-27 14:35:37,Discord,user40051,DM
1772229213412,2026-02-27 21:53:33,Discord,user11764,Server
1772235308412,2026-02-27 23:35:08,Discord,user31508,DM
1772219797412,2026-02-27 19:16:37,Discord,user44006,DM
1772211308412,2026-02-27 16:55:08,Discord,user76901,DM
1772215952412,2026-02-27 18:12:32,Discord,user59920,Server
1772152483412,2026-02-27 00:34:43,Discord,user90994,Server
1772232337412,2026-02-27 22:45:37,Discord,user25792,DM
1772234056412,2026-02-27 23:14:16,Discord,user10541,DM
1772176318412,2026-02-27 07:11:58,Discord,user92444,DM
1772219536412,2026-02-27 19:12:16,Discord,user17598,Server
1772185461412,2026-02-27 09:44:21,Discord,user5109,DM
1772215356412,2026-02-27 18:02:36,Discord,user36154,Server
1772171279412,2026-02-27 05:47:59,Discord,user26544,DM
1772161621412,2026-02-27 03:07:01,Discord,user4908,DM
1772152694412,2026-02-27 00:38:14,Discord,user80900,Server
1772276492412,2026-02-28 11:01:32,WhatsApp,628715197166,Grup
1772306808412,2026-02-28 19:26:48,WhatsApp,628129447766,Grup
1772280983412,2026-02-28 12:16:23,WhatsApp,628876502968,Pribadi
1772313162412,2026-02-28 21:12:42,WhatsApp,628887391231,Grup
1772265668412,2026-02-28 08:01:08,WhatsApp,62880346445,Grup
1772247151412,2026-02-28 02:52:31,WhatsApp,628138534996,Grup
1772307765412,2026-02-28 19:42:45,WhatsApp,628419179952,Grup
1772260333412,2026-02-28 06:32:13,WhatsApp,628446870986,Grup
1772297877412,2026-02-28 16:57:57,WhatsApp,62894848450,Grup
1772252763412,2026-02-28 04:26:03,WhatsApp,628132394182,Grup
1772300005412,2026-02-28 17:33:25,WhatsApp,628168082311,Grup
1772290800412,2026-02-28 15:00:00,WhatsApp,628324091768,Grup
1772269962412,2026-02-28 09:12:42,WhatsApp,62827621768,Grup
1772272907412,2026-02-28 10:01:47,WhatsApp,628119778059,Grup
1772265343412,2026-02-28 07:55:43,WhatsApp,628510375972,Grup
1772284128412,2026-02-28 13:08:48,WhatsApp,62837988863,Grup
1772302471412,2026-02-28 18:14:31,WhatsApp,628767622252,Grup
1772237340412,2026-02-28 00:09:00,WhatsApp,628450689764,Grup
1772301568412,2026-02-28 17:59:28,WhatsApp,628569478171,Grup
1772253536412,2026-02-28 04:38:56,WhatsApp,628177650957,Grup
1772259083412,2026-02-28 06:11:23,WhatsApp,62864879231,Pribadi
1772278811412,2026-02-28 11:40:11,WhatsApp,628410494139,Pribadi
1772252542412,2026-02-28 04:22:22,WhatsApp,628310479375,Grup
1772240721412,2026-02-28 01:05:21,WhatsApp,628447141528,Pribadi
1772277416412,2026-02-28 11:16:56,WhatsApp,628807882907,Pribadi
1772268710412,2026-02-28 08:51:50,WhatsApp,628269042460,Pribadi
1772285015412,2026-02-28 13:23:35,WhatsApp,628533060817,Pribadi
1772258931412,2026-02-28 06:08:51,WhatsApp,628682017033,Grup
1772272314412,2026-02-28 09:51:54,WhatsApp,628900537454,Grup
1772256583412,2026-02-28 05:29:43,WhatsApp,628939158027,Grup
1772242982412,2026-02-28 01:43:02,WhatsApp,628467047668,Grup
1772254055412,2026-02-28 04:47:35,WhatsApp,628180031874,Grup
1772313758412,2026-02-28 21:22:38,WhatsApp,628253761622,Pribadi
1772255956412,2026-02-28 05:19:16,WhatsApp,628401911795,Grup
1772293348412,2026-02-28 15:42:28,WhatsApp,628634596928,Pribadi
1772270310412,2026-02-28 09:18:30,WhatsApp,628802300602,Grup
1772265440412,2026-02-28 07:57:20,WhatsApp,628827956611,Grup
1772257756412,2026-02-28 05:49:16,WhatsApp,62853473139,Grup
1772275963412,2026-02-28 10:52:43,WhatsApp,628158725914,Grup
1772290370412,2026-02-28 14:52:50,WhatsApp,628305786191,Grup
1772269738412,2026-02-28 09:08:58,WhatsApp,628160499298,Pribadi
1772291462412,2026-02-28 15:11:02,WhatsApp,628806305464,Grup
1772291666412,2026-02-28 15:14:26,WhatsApp,628766314230,Pribadi
1772307566412,2026-02-28 19:39:26,WhatsApp,628199305955,Grup
1772255176412,2026-02-28 05:06:16,WhatsApp,628292201297,Pribadi
1772260659412,2026-02-28 06:37:39,WhatsApp,628130189478,Pribadi
1772245011412,2026-02-28 02:16:51,WhatsApp,62878701274,Grup
1772280465412,2026-02-28 12:07:45,WhatsApp,628945097432,Grup
1772265556412,2026-02-28 07:59:16,WhatsApp,628948626922,Grup
1772316657412,2026-02-28 22:10:57,WhatsApp,62840409567,Grup
1772283221412,2026-02-28 12:53:41,WhatsApp,62864320733,Grup
1772268688412,2026-02-28 08:51:28,WhatsApp,628539160402,Grup
1772292048412,2026-02-28 15:20:48,WhatsApp,628224158311,Grup
1772275677412,2026-02-28 10:47:57,WhatsApp,628258107214,Grup
1772273515412,2026-02-28 10:11:55,Discord,user36410,DM
1772261866412,2026-02-28 06:57:46,Discord,user35827,Server
1772266812412,2026-02-28 08:20:12,Discord,user38255,Server
1772310364412,2026-02-28 20:26:04,Discord,user15103,Server
1772241617412,2026-02-28 01:20:17,Discord,user38779,DM
1772298536412,2026-02-28 17:08:56,Discord,user55856,DM
1772274823412,2026-02-28 10:33:43,Discord,user4987,DM
1772244436412,2026-02-28 02:07:16,Discord,user21520,DM
1772281164412,2026-02-28 12:19:24,Discord,user52442,DM
1772282249412,2026-02-28 12:37:29,Discord,user46766,DM
1772311641412,2026-02-28 20:47:21,Discord,user53647,DM
1772285199412,2026-02-28 13:26:39,Discord,user87211,Server
1772283958412,2026-02-28 13:05:58,Discord,user73409,DM
1772322937412,2026-02-28 23:55:37,Discord,user89781,DM
1772288086412,2026-02-28 14:14:46,Discord,user54229,Server
1772261111412,2026-02-28 06:45:11,Discord,user83133,DM
1772279766412,2026-02-28 11:56:06,Discord,user10643,Server
1772288713412,2026-02-28 14:25:13,Discord,user10204,DM
1772297158412,2026-02-28 16:45:58,Discord,user48292,Server
1772409535412,2026-03-01 23:58:55,WhatsApp,628753732787,Grup
1772368020412,2026-03-01 12:27:00,WhatsApp,628736442094,Grup
1772393725412,2026-03-01 19:35:25,WhatsApp,628694292018,Pribadi
1772350787412,2026-03-01 07:39:47,WhatsApp,628989191565,Grup
1772394504412,2026-03-01 19:48:24,WhatsApp,628257422650,Grup
1772336855412,2026-03-01 03:47:35,WhatsApp,628523660366,Grup
1772384836412,2026-03-01 17:07:16,WhatsApp,628672719749,Grup
1772386576412,2026-03-01 17:36:16,WhatsApp,628188976779,Grup
1772406609412,2026-03-01 23:10:09,WhatsApp,628786383752,Grup
1772387268412,2026-03-01 17:47:48,WhatsApp,628547426114,Pribadi
1772338996412,2026-03-01 04:23:16,WhatsApp,628244488089,Grup
1772356223412,2026-03-01 09:10:23,WhatsApp,628595122780,Pribadi
1772340077412,2026-03-01 04:41:17,WhatsApp,628266532440,Pribadi
1772360706412,2026-03-01 10:25:06,WhatsApp,628434361502,Pribadi
1772359748412,2026-03-01 10:09:08,WhatsApp,628769435371,Pribadi
1772327523412,2026-03-01 01:12:03,WhatsApp,628138461084,Grup
1772360425412,2026-03-01 10:20:25,WhatsApp,628807570159,Pribadi
1772376033412,2026-03-01 14:40:33,WhatsApp,628316021372,Grup
1772365242412,2026-03-01 11:40:42,WhatsApp,628660227808,Pribadi
1772324261412,2026-03-01 00:17:41,WhatsApp,628593450684,Pribadi
1772383812412,2026-03-01 16:50:12,WhatsApp,628105885392,Pribadi
1772389664412,2026-03-01 18:27:44,WhatsApp,628154562501,Pribadi
1772357654412,2026-03-01 09:34:14,WhatsApp,628537508756,Grup
1772332641412,2026-03-01 02:37:21,WhatsApp,628405727003,Grup
1772347164412,2026-03-01 06:39:24,WhatsApp,628397243566,Grup
1772352029412,2026-03-01 08:00:29,WhatsApp,628760138781,Grup
1772391964412,2026-03-01 19:06:04,WhatsApp,628877383720,Grup
1772372573412,2026-03-01 13:42:53,WhatsApp,628512229330,Grup
1772409294412,2026-03-01 23:54:54,WhatsApp,628404827007,Grup
1772365932412,2026-03-01 11:52:12,WhatsApp,628940868143,Grup
1772324991412,2026-03-01 00:29:51,WhatsApp,62840627592,Pribadi
1772327570412,2026-03-01 01:12:50,WhatsApp,628103844576,Grup
1772380440412,2026-03-01 15:54:00,WhatsApp,628688195874,Grup
1772323967412,2026-03-01 00:12:47,WhatsApp,628124473512,Grup
1772378595412,2026-03-01 15:23:15,WhatsApp,628719819351,Grup
1772325029412,2026-03-01 00:30:29,WhatsApp,628218120512,Pribadi
1772362214412,2026-03-01 10:50:14,WhatsApp,628746247769,Grup
1772359812412,2026-03-01 10:10:12,WhatsApp,62810719768,Grup
1772356526412,2026-03-01 09:15:26,WhatsApp,628606910065,Pribadi
1772354387412,2026-03-01 08:39:47,WhatsApp,628712615832,Grup
1772334714412,2026-03-01 03:11:54,WhatsApp,628288870286,Pribadi
1772405758412,2026-03-01 22:55:58,WhatsApp,628935291082,Pribadi
1772335956412,2026-03-01 03:32:36,WhatsApp,628259507082,Grup
1772407523412,2026-03-01 23:25:23,WhatsApp,628725602537,Grup
1772335198412,2026-03-01 03:19:58,WhatsApp,628163176708,Grup
1772395308412,2026-03-01 20:01:48,WhatsApp,628405068726,Grup
1772396442412,2026-03-01 20:20:42,WhatsApp,628305312736,Pribadi
1772394474412,2026-03-01 19:47:54,WhatsApp,628387909504,Pribadi
1772344415412,2026-03-01 05:53:35,WhatsApp,628806175570,Grup
1772367788412,2026-03-01 12:23:08,WhatsApp,628381763526,Grup
1772347450412,2026-03-01 06:44:10,WhatsApp,62899265109,Pribadi
1772376830412,2026-03-01 14:53:50,WhatsApp,628142656595,Grup
1772382336412,2026-03-01 16:25:36,Discord,user90440,DM
1772341193412,2026-03-01 04:59:53,Discord,user40469,Server
1772328810412,2026-03-01 01:33:30,Discord,user16602,DM
1772390875412,2026-03-01 18:47:55,Discord,user64889,DM
1772394863412,2026-03-01 19:54:23,Discord,user77140,DM
1772358228412,2026-03-01 09:43:48,Discord,user67972,Server
1772376917412,2026-03-01 14:55:17,Discord,user80144,DM
1772333798412,2026-03-01 02:56:38,Discord,user59313,Server
1772330150412,2026-03-01 01:55:50,Discord,user67822,Server
1772350970412,2026-03-01 07:42:50,Discord,user35931,Server
1772377964412,2026-03-01 15:12:44,Discord,user65718,DM
1772357371412,2026-03-01 09:29:31,Discord,user83086,DM
1772371605412,2026-03-01 13:26:45,Discord,user57196,Server
1772346961412,2026-03-01 06:36:01,Discord,user66119,DM
1772342900412,2026-03-01 05:28:20,Discord,user25859,Server
1772368529412,2026-03-01 12:35:29,Discord,user46959,Server
1772415114412,2026-03-02 01:31:54,WhatsApp,628542984000,Grup
1772462900412,2026-03-02 14:48:20,WhatsApp,628251945098,Grup
1772449616412,2026-03-02 11:06:56,WhatsApp,628454300002,Pribadi
1772442812412,2026-03-02 09:13:32,WhatsApp,62844705593,Pribadi
1772460910412,2026-03-02 14:15:10,WhatsApp,628887918827,Pribadi
1772438614412,2026-03-02 08:03:34,WhatsApp,62886128804,Pribadi
1772495163412,2026-03-02 23:46:03,WhatsApp,628919471892,Grup
1772488110412,2026-03-02 21:48:30,WhatsApp,628762597535,Grup
1772486150412,2026-03-02 21:15:50,WhatsApp,628170949085,Pribadi
1772424981412,2026-03-02 04:16:21,WhatsApp,628461808115,Grup
1772465707412,2026-03-02 15:35:07,WhatsApp,628397913263,Pribadi
1772437295412,2026-03-02 07:41:35,WhatsApp,628551515828,Pribadi
1772418026412,2026-03-02 02:20:26,WhatsApp,628995375825,Pribadi
1772432891412,2026-03-02 06:28:11,WhatsApp,628934250369,Grup
1772451002412,2026-03-02 11:30:02,WhatsApp,628133199915,Grup
1772487732412,2026-03-02 21:42:12,WhatsApp,628782724698,Pribadi
1772488576412,2026-03-02 21:56:16,WhatsApp,628763024181,Pribadi
1772462865412,2026-03-02 14:47:45,WhatsApp,628303651613,Grup
1772428111412,2026-03-02 05:08:31,WhatsApp,628105546317,Pribadi
1772428144412,2026-03-02 05:09:04,WhatsApp,628200745097,Grup
1772422904412,2026-03-02 03:41:44,WhatsApp,628989150237,Grup
1772459776412,2026-03-02 13:56:16,WhatsApp,628160696192,Pribadi
1772447301412,2026-03-02 10:28:21,WhatsApp,628300877160,Grup
1772426657412,2026-03-02 04:44:17,WhatsApp,628986175422,Grup
1772487080412,2026-03-02 21:31:20,WhatsApp,628868821397,Grup
1772494048412,2026-03-02 23:27:28,WhatsApp,628361669759,Grup
1772487464412,2026-03-02 21:37:44,WhatsApp,628764643269,Grup
1772468371412,2026-03-02 16:19:31,WhatsApp,628680053638,Pribadi
1772437761412,2026-03-02 07:49:21,WhatsApp,62817725232,Pribadi
1772486382412,2026-03-02 21:19:42,WhatsApp,628599970060,Grup
1772434464412,2026-03-02 06:54:24,WhatsApp,628409861248,Pribadi
1772446468412,2026-03-02 10:14:28,WhatsApp,628701924547,Pribadi
1772449492412,2026-03-02 11:04:52,WhatsApp,628443923068,Pribadi
1772416755412,2026-03-02 01:59:15,WhatsApp,62817458272,Grup
1772466789412,2026-03-02 15:53:09,WhatsApp,628912166559,Grup
1772428329412,2026-03-02 05:12:09,WhatsApp,628232214465,Pribadi
1772489121412,2026-03-02 22:05:21,WhatsApp,628374627868,Pribadi
1772434372412,2026-03-02 06:52:52,WhatsApp,628247811735,Pribadi
1772456369412,2026-03-02 12:59:29,WhatsApp,628161507472,Grup
1772432519412,2026-03-02 06:21:59,WhatsApp,628544522887,Grup
1772484693412,2026-03-02 20:51:33,WhatsApp,628168573797,Pribadi
1772448878412,2026-03-02 10:54:38,WhatsApp,62832017613,Grup
1772486526412,2026-03-02 21:22:06,WhatsApp,628129674674,Pribadi
1772448793412,2026-03-02 10:53:13,WhatsApp,6287619758,Pribadi
1772480203412,2026-03-02 19:36:43,WhatsApp,628485321933,Grup
1772478039412,2026-03-02 19:00:39,WhatsApp,628520310400,Grup
1772422878412,2026-03-02 03:41:18,WhatsApp,628139848516,Pribadi
1772445466412,2026-03-02 09:57:46,WhatsApp,628453991200,Grup
1772446637412,2026-03-02 10:17:17,WhatsApp,628538704018,Pribadi
1772420988412,2026-03-02 03:09:48,WhatsApp,628772046287,Grup
1772475344412,2026-03-02 18:15:44,WhatsApp,628397115295,Pribadi
1772436555412,2026-03-02 07:29:15,WhatsApp,628138317664,Grup
1772458682412,2026-03-02 13:38:02,WhatsApp,628307174298,Grup
1772470095412,2026-03-02 16:48:15,WhatsApp,628470265067,Grup
1772460187412,2026-03-02 14:03:07,WhatsApp,628678203380,Grup
1772455290412,2026-03-02 12:41:30,WhatsApp,628479290695,Grup
1772428282412,2026-03-02 05:11:22,Discord,user1898,Server
1772464241412,2026-03-02 15:10:41,Discord,user81356,Server
1772421560412,2026-03-02 03:19:20,Discord,user82395,Server
1772436603412,2026-03-02 07:30:03,Discord,user53975,Server
1772433704412,2026-03-02 06:41:44,Discord,user69471,Server
1772458631412,2026-03-02 13:37:11,Discord,user15758,Server
1772442119412,2026-03-02 09:01:59,Discord,user60358,DM
1772457719412,2026-03-02 13:21:59,Discord,user97528,DM
1772461447412,2026-03-02 14:24:07,Discord,user79444,DM
1772432667412,2026-03-02 06:24:27,Discord,user41482,Server
1772490370412,2026-03-02 22:26:10,Discord,user70861,Server
1772480145412,2026-03-02 19:35:45,Discord,user29739,Server
1772436918412,2026-03-02 07:35:18,Discord,user83197,DM
1772489642412,2026-03-02 22:14:02,Discord,user55364,DM
1772435481412,2026-03-02 07:11:21,Discord,user3460,Server
1772417921412,2026-03-02 02:18:41,Discord,user4756,Server
1772542692412,2026-03-03 12:58:12,WhatsApp,628647942875,Pribadi
1772527812412,2026-03-03 08:50:12,WhatsApp,628938582756,Pribadi
1772502008412,2026-03-03 01:40:08,WhatsApp,628912091572,Pribadi
1772545417412,2026-03-03 13:43:37,WhatsApp,628949881332,Grup
1772527474412,2026-03-03 08:44:34,WhatsApp,628412894467,Pribadi
1772512894412,2026-03-03 04:41:34,WhatsApp,628339257647,Grup
1772503452412,2026-03-03 02:04:12,WhatsApp,628376050318,Grup
1772510500412,2026-03-03 04:01:40,WhatsApp,628179964976,Pribadi
1772567297412,2026-03-03 19:48:17,WhatsApp,628642579668,Pribadi
1772572939412,2026-03-03 21:22:19,WhatsApp,628264816024,Grup
1772526835412,2026-03-03 08:33:55,WhatsApp,62830489422,Pribadi
1772529269412,2026-03-03 09:14:29,WhatsApp,628393097836,Grup
1772547112412,2026-03-03 14:11:52,WhatsApp,628845407939,Grup
1772569207412,2026-03-03 20:20:07,WhatsApp,628828714269,Grup
1772533290412,2026-03-03 10:21:30,WhatsApp,628187819973,Grup
1772549433412,2026-03-03 14:50:33,WhatsApp,628727326593,Grup
1772556003412,2026-03-03 16:40:03,WhatsApp,628992056622,Grup
1772554935412,2026-03-03 16:22:15,WhatsApp,628561027506,Pribadi
1772532743412,2026-03-03 10:12:23,WhatsApp,628188735649,Pribadi
1772545461412,2026-03-03 13:44:21,WhatsApp,628240420552,Grup
1772530937412,2026-03-03 09:42:17,WhatsApp,628714607187,Grup
1772577000412,2026-03-03 22:30:00,WhatsApp,628520541025,Grup
1772503446412,2026-03-03 02:04:06,WhatsApp,628158895694,Grup
1772548483412,2026-03-03 14:34:43,WhatsApp,628467718090,Grup
1772561253412,2026-03-03 18:07:33,WhatsApp,628176610150,Grup
1772574836412,2026-03-03 21:53:56,WhatsApp,628265955339,Grup
1772503635412,2026-03-03 02:07:15,WhatsApp,628416404042,Pribadi
1772497884412,2026-03-03 00:31:24,WhatsApp,628412014931,Grup
1772502652412,2026-03-03 01:50:52,WhatsApp,628432500925,Pribadi
1772513838412,2026-03-03 04:57:18,WhatsApp,628844862051,Pribadi
1772559328412,2026-03-03 17:35:28,WhatsApp,628364442426,Grup
1772496278412,2026-03-03 00:04:38,WhatsApp,628343832480,Pribadi
1772508092412,2026-03-03 03:21:32,WhatsApp,62833086038,Pribadi
1772571258412,2026-03-03 20:54:18,WhatsApp,628337735222,Grup
1772542299412,2026-03-03 12:51:39,WhatsApp,628527861821,Grup
1772571503412,2026-03-03 20:58:23,WhatsApp,628566916684,Pribadi
1772514892412,2026-03-03 05:14:52,WhatsApp,628949110666,Grup
1772517596412,2026-03-03 05:59:56,WhatsApp,628824106444,Grup
1772532195412,2026-03-03 10:03:15,WhatsApp,628614271576,Grup
1772555392412,2026-03-03 16:29:52,WhatsApp,628517642494,Grup
1772501824412,2026-03-03 01:37:04,WhatsApp,628780783217,Grup
1772509749412,2026-03-03 03:49:09,WhatsApp,628975016858,Grup
1772502507412,2026-03-03 01:48:27,WhatsApp,628136703819,Grup
1772582044412,2026-03-03 23:54:04,WhatsApp,6288503081,Pribadi
1772504097412,2026-03-03 02:14:57,WhatsApp,628914607548,Pribadi
1772571697412,2026-03-03 21:01:37,WhatsApp,628935610153,Grup
1772519397412,2026-03-03 06:29:57,WhatsApp,628259937095,Grup
1772533545412,2026-03-03 10:25:45,WhatsApp,628128217777,Pribadi
1772534564412,2026-03-03 10:42:44,WhatsApp,628781955285,Pribadi
1772525140412,2026-03-03 08:05:40,WhatsApp,628779729368,Grup
1772567961412,2026-03-03 19:59:21,WhatsApp,628568373025,Pribadi
1772534305412,2026-03-03 10:38:25,WhatsApp,62816973754,Pribadi
1772571653412,2026-03-03 21:00:53,WhatsApp,628833036148,Grup
1772563501412,2026-03-03 18:45:01,WhatsApp,628331985236,Pribadi
1772518620412,2026-03-03 06:17:00,WhatsApp,628129542539,Grup
1772572701412,2026-03-03 21:18:21,WhatsApp,628693841514,Grup
1772545999412,2026-03-03 13:53:19,WhatsApp,628770994921,Grup
1772532449412,2026-03-03 10:07:29,WhatsApp,628988774496,Pribadi
1772560099412,2026-03-03 17:48:19,WhatsApp,628232352739,Pribadi
1772519827412,2026-03-03 06:37:07,WhatsApp,628458523181,Pribadi
1772568473412,2026-03-03 20:07:53,WhatsApp,628864647162,Pribadi
1772557608412,2026-03-03 17:06:48,WhatsApp,628132355152,Grup
1772560292412,2026-03-03 17:51:32,WhatsApp,628906514385,Grup
1772537346412,2026-03-03 11:29:06,Discord,user6827,DM
1772570362412,2026-03-03 20:39:22,Discord,user2184,DM
1772548358412,2026-03-03 14:32:38,Discord,user14222,Server
1772508417412,2026-03-03 03:26:57,Discord,user15466,Server
1772571841412,2026-03-03 21:04:01,Discord,user38973,DM
1772560771412,2026-03-03 17:59:31,Discord,user77621,Server
1772499145412,2026-03-03 00:52:25,Discord,user84871,DM
1772510393412,2026-03-03 03:59:53,Discord,user9193,DM
1772567582412,2026-03-03 19:53:02,Discord,user90418,Server
1772511773412,2026-03-03 04:22:53,Discord,user45300,DM
1772580486412,2026-03-03 23:28:06,Discord,user55636,DM
1772544606412,2026-03-03 13:30:06,Discord,user17299,DM
1772559232412,2026-03-03 17:33:52,Discord,user15186,DM
1772498944412,2026-03-03 00:49:04,Discord,user62652,DM
1772571707412,2026-03-03 21:01:47,Discord,user89004,Server
1772512542412,2026-03-03 04:35:42,Discord,user35937,DM
1772581734412,2026-03-03 23:48:54,Discord,user62284,Server
1772602273412,2026-03-04 05:31:13,WhatsApp,628249785253,Grup
1772649092412,2026-03-04 18:31:32,WhatsApp,628222854202,Pribadi
1772620437412,2026-03-04 10:33:57,WhatsApp,628575809433,Grup
1772632011412,2026-03-04 13:46:51,WhatsApp,62892174819,Grup
1772659467412,2026-03-04 21:24:27,WhatsApp,628791926360,Grup
1772656769412,2026-03-04 20:39:29,WhatsApp,62832856278,Pribadi
1772609399412,2026-03-04 07:29:59,WhatsApp,628205266644,Grup
1772666481412,2026-03-04 23:21:21,WhatsApp,628597212317,Grup
1772590786412,2026-03-04 02:19:46,WhatsApp,628257226498,Grup
1772633876412,2026-03-04 14:17:56,WhatsApp,628565669785,Grup
1772661202412,2026-03-04 21:53:22,WhatsApp,628651526806,Pribadi
1772651432412,2026-03-04 19:10:32,WhatsApp,628487382938,Grup
1772599544412,2026-03-04 04:45:44,WhatsApp,628905479825,Pribadi
1772609989412,2026-03-04 07:39:49,WhatsApp,628167414666,Grup
1772602575412,2026-03-04 05:36:15,WhatsApp,6281846030,Grup
1772662580412,2026-03-04 22:16:20,WhatsApp,628742556870,Grup
1772627455412,2026-03-04 12:30:55,WhatsApp,628714556414,Grup
1772592222412,2026-03-04 02:43:42,WhatsApp,628563224952,Grup
1772582853412,2026-03-04 00:07:33,WhatsApp,62863498730,Grup
1772661542412,2026-03-04 21:59:02,WhatsApp,628756645255,Grup
1772597988412,2026-03-04 04:19:48,WhatsApp,628717140160,Grup
1772626684412,2026-03-04 12:18:04,WhatsApp,628856544584,Pribadi
1772591931412,2026-03-04 02:38:51,WhatsApp,628978619375,Grup
1772582729412,2026-03-04 00:05:29,WhatsApp,628228091551,Grup
1772613605412,2026-03-04 08:40:05,WhatsApp,628277739821,Pribadi
1772663728412,2026-03-04 22:35:28,WhatsApp,628877610871,Pribadi
1772633433412,2026-03-04 14:10:33,WhatsApp,628658213543,Pribadi
1772640315412,2026-03-04 16:05:15,WhatsApp,628163649718,Pribadi
1772600556412,2026-03-04 05:02:36,WhatsApp,628416934921,Grup
1772625414412,2026-03-04 11:56:54,WhatsApp,628416100341,Pribadi
1772617710412,2026-03-04 09:48:30,WhatsApp,628189520313,Pribadi
1772602052412,2026-03-04 05:27:32,WhatsApp,628640339288,Grup
1772595716412,2026-03-04 03:41:56,WhatsApp,628274910313,Grup
1772619062412,2026-03-04 10:11:02,WhatsApp,628250145998,Grup
1772633037412,2026-03-04 14:03:57,WhatsApp,628860166339,Pribadi
1772591809412,2026-03-04 02:36:49,WhatsApp,628397411684,Pribadi
1772588458412,2026-03-04 01:40:58,WhatsApp,628886208348,Grup
1772655065412,2026-03-04 20:11:05,WhatsApp,628683856480,Pribadi
1772642038412,2026-03-04 16:33:58,WhatsApp,628919653654,Pribadi
1772616508412,2026-03-04 09:28:28,WhatsApp,628194950016,Pribadi
1772658206412,2026-03-04 21:03:26,WhatsApp,62885414772,Grup
1772602972412,2026-03-04 05:42:52,WhatsApp,628445272496,Grup
1772616784412,2026-03-04 09:33:04,WhatsApp,628280352356,Pribadi
1772583219412,2026-03-04 00:13:39,WhatsApp,62828426112,Pribadi
1772609894412,2026-03-04 07:38:14,WhatsApp,628615337096,Pribadi
1772626144412,2026-03-04 12:09:04,WhatsApp,628596896760,Grup
1772585350412,2026-03-04 00:49:10,WhatsApp,628686467854,Pribadi
1772654439412,2026-03-04 20:00:39,WhatsApp,628579420069,Grup
1772655544412,2026-03-04 20:19:04,WhatsApp,628696970002,Grup
1772619762412,2026-03-04 10:22:42,WhatsApp,62827431339,Grup
1772625600412,2026-03-04 12:00:00,WhatsApp,628109423947,Grup
1772584882412,2026-03-04 00:41:22,WhatsApp,628354451229,Grup
1772606077412,2026-03-04 06:34:37,WhatsApp,628776956823,Pribadi
1772608574412,2026-03-04 07:16:14,WhatsApp,628864889272,Grup
1772644579412,2026-03-04 17:16:19,WhatsApp,628406956337,Pribadi
1772668310412,2026-03-04 23:51:50,WhatsApp,62889015985,Grup
1772602417412,2026-03-04 05:33:37,WhatsApp,628405611123,Grup
1772629362412,2026-03-04 13:02:42,WhatsApp,628546160253,Grup
1772664958412,2026-03-04 22:55:58,WhatsApp,628921983681,Grup
1772666544412,2026-03-04 23:22:24,WhatsApp,628412736163,Grup
1772662875412,2026-03-04 22:21:15,WhatsApp,628672591319,Pribadi
1772587240412,2026-03-04 01:20:40,WhatsApp,628848515440,Pribadi
1772641102412,2026-03-04 16:18:22,WhatsApp,628760325437,Grup
1772624468412,2026-03-04 11:41:08,WhatsApp,628995839683,Grup
1772634328412,2026-03-04 14:25:28,Discord,user62776,Server
1772635848412,2026-03-04 14:50:48,Discord,user49793,Server
1772666931412,2026-03-04 23:28:51,Discord,user29364,Server
1772624576412,2026-03-04 11:42:56,Discord,user47589,Server
1772662834412,2026-03-04 22:20:34,Discord,user27492,Server
1772606810412,2026-03-04 06:46:50,Discord,user53723,DM
1772591630412,2026-03-04 02:33:50,Discord,user86363,DM
1772613581412,2026-03-04 08:39:41,Discord,user24251,Server
1772601353412,2026-03-04 05:15:53,Discord,user31089,DM
1772645408412,2026-03-04 17:30:08,Discord,user50396,Server
1772592215412,2026-03-04 02:43:35,Discord,user84367,DM
1772660015412,2026-03-04 21:33:35,Discord,user68621,Server
1772584298412,2026-03-04 00:31:38,Discord,user61852,Server
1772601116412,2026-03-04 05:11:56,Discord,user73867,DM
1772606517412,2026-03-04 06:41:57,Discord,user15964,DM
1772665508412,2026-03-04 23:05:08,Discord,user36415,DM
1772638350412,2026-03-04 15:32:30,Discord,user61193,DM
1772651444412,2026-03-04 19:10:44,Discord,user61012,DM
1772614442412,2026-03-04 08:54:02,Discord,user50710,Server
1772685802412,2026-03-05 04:43:22,WhatsApp,628914083159,Grup
1772669834412,2026-03-05 00:17:14,WhatsApp,628299102331,Pribadi
1772708905412,2026-03-05 11:08:25,WhatsApp,628346694927,Grup
1772742518412,2026-03-05 20:28:38,WhatsApp,628163572692,Grup
1772683043412,2026-03-05 03:57:23,WhatsApp,628753798463,Grup
1772673588412,2026-03-05 01:19:48,WhatsApp,628991141777,Grup
1772725525412,2026-03-05 15:45:25,WhatsApp,628660486497,Grup
1772729221412,2026-03-05 16:47:01,WhatsApp,628655625645,Pribadi
1772708094412,2026-03-05 10:54:54,WhatsApp,628781144195,Pribadi
1772709126412,2026-03-05 11:12:06,WhatsApp,628161054977,Pribadi
1772718741412,2026-03-05 13:52:21,WhatsApp,628218734854,Grup
1772678854412,2026-03-05 02:47:34,WhatsApp,628594471194,Grup
1772687187412,2026-03-05 05:06:27,WhatsApp,628903801503,Pribadi
1772731829412,2026-03-05 17:30:29,WhatsApp,628109017878,Pribadi
1772727986412,2026-03-05 16:26:26,WhatsApp,628764062807,Grup
1772739171412,2026-03-05 19:32:51,WhatsApp,62815665886,Pribadi
1772691561412,2026-03-05 06:19:21,WhatsApp,628426331017,Grup
1772702018412,2026-03-05 09:13:38,WhatsApp,628952167716,Grup
1772738529412,2026-03-05 19:22:09,WhatsApp,628106509618,Pribadi
1772751590412,2026-03-05 22:59:50,WhatsApp,628183134381,Grup
1772691981412,2026-03-05 06:26:21,WhatsApp,628245622299,Pribadi
1772711140412,2026-03-05 11:45:40,WhatsApp,628842437624,Grup
1772726931412,2026-03-05 16:08:51,WhatsApp,628332783062,Pribadi
1772724859412,2026-03-05 15:34:19,WhatsApp,628392459906,Pribadi
1772687589412,2026-03-05 05:13:09,WhatsApp,628838833740,Grup
1772696233412,2026-03-05 07:37:13,WhatsApp,628155890229,Pribadi
1772748186412,2026-03-05 22:03:06,WhatsApp,628743280519,Pribadi
1772690333412,2026-03-05 05:58:53,WhatsApp,628603015263,Grup
1772743817412,2026-03-05 20:50:17,WhatsApp,628110034738,Pribadi
1772700107412,2026-03-05 08:41:47,WhatsApp,628430760707,Pribadi
1772680665412,2026-03-05 03:17:45,WhatsApp,628960505559,Grup
1772684948412,2026-03-05 04:29:08,WhatsApp,628589735362,Grup
1772730977412,2026-03-05 17:16:17,WhatsApp,628234789065,Pribadi
1772695860412,2026-03-05 07:31:00,WhatsApp,628379605145,Grup
1772673394412,2026-03-05 01:16:34,WhatsApp,628126394088,Grup
1772743462412,2026-03-05 20:44:22,WhatsApp,628597794620,Pribadi
1772717453412,2026-03-05 13:30:53,WhatsApp,628584009140,Grup
1772718160412,2026-03-05 13:42:40,WhatsApp,628254799150,Grup
1772680798412,2026-03-05 03:19:58,WhatsApp,628874029572,Pribadi
1772703521412,2026-03-05 09:38:41,WhatsApp,628817495898,Grup
1772746317412,2026-03-05 21:31:57,WhatsApp,628845123243,Grup
1772704740412,2026-03-05 09:59:00,WhatsApp,628531704363,Grup
1772740384412,2026-03-05 19:53:04,WhatsApp,628876471924,Grup
1772739131412,2026-03-05 19:32:11,WhatsApp,628579334201,Pribadi
1772679668412,2026-03-05 03:01:08,WhatsApp,628491472916,Grup
1772732806412,2026-03-05 17:46:46,WhatsApp,628743896478,Grup
1772744009412,2026-03-05 20:53:29,WhatsApp,628250283866,Pribadi
1772736255412,2026-03-05 18:44:15,WhatsApp,628221535093,Grup
1772683736412,2026-03-05 04:08:56,WhatsApp,628123582359,Pribadi
1772725470412,2026-03-05 15:44:30,WhatsApp,628203906571,Grup
1772721906412,2026-03-05 14:45:06,WhatsApp,628469251762,Grup
1772736653412,2026-03-05 18:50:53,WhatsApp,628101981471,Grup
1772722399412,2026-03-05 14:53:19,WhatsApp,628200230471,Grup
1772685314412,2026-03-05 04:35:14,WhatsApp,628807166546,Pribadi
1772717298412,2026-03-05 13:28:18,WhatsApp,628302226248,Grup
1772733379412,2026-03-05 17:56:19,WhatsApp,628515755974,Pribadi
1772741193412,2026-03-05 20:06:33,WhatsApp,628253416370,Pribadi
1772699401412,2026-03-05 08:30:01,WhatsApp,628831540185,Grup
1772747950412,2026-03-05 21:59:10,WhatsApp,628790456697,Grup
1772700853412,2026-03-05 08:54:13,WhatsApp,628436185397,Pribadi
1772723926412,2026-03-05 15:18:46,WhatsApp,628455396952,Pribadi
1772694431412,2026-03-05 07:07:11,Discord,user46678,DM
1772708504412,2026-03-05 11:01:44,Discord,user88022,DM
1772732487412,2026-03-05 17:41:27,Discord,user3053,DM
1772710152412,2026-03-05 11:29:12,Discord,user61687,Server
1772707132412,2026-03-05 10:38:52,Discord,user36029,DM
1772720290412,2026-03-05 14:18:10,Discord,user89471,DM
1772745961412,2026-03-05 21:26:01,Discord,user42158,DM
1772736547412,2026-03-05 18:49:07,Discord,user18852,Server
1772681662412,2026-03-05 03:34:22,Discord,user39137,DM
1772698516412,2026-03-05 08:15:16,Discord,user26490,Server
1772753210412,2026-03-05 23:26:50,Discord,user16907,Server
1772736670412,2026-03-05 18:51:10,Discord,user68836,Server
1772737537412,2026-03-05 19:05:37,Discord,user75670,Server
1772730455412,2026-03-05 17:07:35,Discord,user1453,Server
1772704692412,2026-03-05 09:58:12,Discord,user10874,DM
1772725526412,2026-03-05 15:45:26,Discord,user8757,DM
1772726718412,2026-03-05 16:05:18,Discord,user24,DM
1772707026412,2026-03-05 10:37:06,Discord,user92537,Server
1772679693412,2026-03-05 03:01:33,Discord,user16993,DM
1772710232412,2026-03-05 11:30:32,Discord,user23929,DM
1772717111412,2026-03-05 13:25:11,Discord,user77725,Server
1772701442412,2026-03-05 09:04:02,Discord,user84591,DM
1772818818412,2026-03-06 17:40:18,WhatsApp,628320872062,Grup
1772816973412,2026-03-06 17:09:33,WhatsApp,62813154383,Grup
1772773709412,2026-03-06 05:08:29,WhatsApp,628733670818,Pribadi
1772807262412,2026-03-06 14:27:42,WhatsApp,628174071567,Grup
1772758587412,2026-03-06 00:56:27,WhatsApp,628259465990,Pribadi
1772816436412,2026-03-06 17:00:36,WhatsApp,62863806618,Pribadi
1772792875412,2026-03-06 10:27:55,WhatsApp,628665821014,Pribadi
1772822186412,2026-03-06 18:36:26,WhatsApp,628466054509,Grup
1772835693412,2026-03-06 22:21:33,WhatsApp,628744907979,Pribadi
1772805021412,2026-03-06 13:50:21,WhatsApp,628364837452,Pribadi
1772832727412,2026-03-06 21:32:07,WhatsApp,628995761756,Grup
1772815092412,2026-03-06 16:38:12,WhatsApp,628184626740,Pribadi
1772825036412,2026-03-06 19:23:56,WhatsApp,628678330167,Grup
1772817971412,2026-03-06 17:26:11,WhatsApp,628167440529,Grup
1772764612412,2026-03-06 02:36:52,WhatsApp,628654193514,Grup
1772804982412,2026-03-06 13:49:42,WhatsApp,628274613119,Pribadi
1772841492412,2026-03-06 23:58:12,WhatsApp,628824619734,Pribadi
1772801393412,2026-03-06 12:49:53,WhatsApp,628434545587,Grup
1772796958412,2026-03-06 11:35:58,WhatsApp,628202470302,Pribadi
1772763039412,2026-03-06 02:10:39,WhatsApp,628552248719,Pribadi
1772838684412,2026-03-06 23:11:24,WhatsApp,628177543763,Pribadi
1772820323412,2026-03-06 18:05:23,WhatsApp,628337086905,Grup
1772823409412,2026-03-06 18:56:49,WhatsApp,628884067703,Pribadi
1772762034412,2026-03-06 01:53:54,WhatsApp,628199845529,Pribadi
1772786320412,2026-03-06 08:38:40,WhatsApp,628188328006,Pribadi
1772814475412,2026-03-06 16:27:55,WhatsApp,628233920058,Grup
1772788590412,2026-03-06 09:16:30,WhatsApp,628439136736,Pribadi
1772835720412,2026-03-06 22:22:00,WhatsApp,628723877748,Pribadi
1772833246412,2026-03-06 21:40:46,WhatsApp,628828939980,Grup
1772807503412,2026-03-06 14:31:43,WhatsApp,628229740339,Pribadi
1772821020412,2026-03-06 18:17:00,WhatsApp,628781495562,Grup
1772800113412,2026-03-06 12:28:33,WhatsApp,628735352951,Grup
1772813634412,2026-03-06 16:13:54,WhatsApp,628919499372,Grup
1772756463412,2026-03-06 00:21:03,WhatsApp,628941002257,Grup
1772780590412,2026-03-06 07:03:10,WhatsApp,628357059026,Pribadi
1772791016412,2026-03-06 09:56:56,WhatsApp,628440980669,Grup
1772815585412,2026-03-06 16:46:25,WhatsApp,62874364829,Pribadi
1772779324412,2026-03-06 06:42:04,WhatsApp,628708607097,Grup
1772766432412,2026-03-06 03:07:12,WhatsApp,628640324410,Grup
1772835931412,2026-03-06 22:25:31,WhatsApp,628934724667,Grup
1772776422412,2026-03-06 05:53:42,WhatsApp,628739850153,Grup
1772789376412,2026-03-06 09:29:36,WhatsApp,6286769503,Pribadi
1772768970412,2026-03-06 03:49:30,WhatsApp,628508765236,Pribadi
1772824219412,2026-03-06 19:10:19,WhatsApp,628938142891,Pribadi
1772802873412,2026-03-06 13:14:33,WhatsApp,628318704175,Grup
1772771543412,2026-03-06 04:32:23,WhatsApp,628172474967,Grup
1772788213412,2026-03-06 09:10:13,WhatsApp,628774563302,Pribadi
1772774552412,2026-03-06 05:22:32,WhatsApp,628731433006,Grup
1772786366412,2026-03-06 08:39:26,WhatsApp,628259565105,Grup
1772787598412,2026-03-06 08:59:58,WhatsApp,628653297453,Pribadi
1772822195412,2026-03-06 18:36:35,WhatsApp,628417169031,Grup
1772835256412,2026-03-06 22:14:16,WhatsApp,628582416468,Grup
1772791853412,2026-03-06 10:10:53,WhatsApp,628527577636,Grup
1772823370412,2026-03-06 18:56:10,WhatsApp,62873086200,Pribadi
1772806278412,2026-03-06 14:11:18,WhatsApp,628577341267,Pribadi
1772769024412,2026-03-06 03:50:24,WhatsApp,628833889536,Grup
1772816916412,2026-03-06 17:08:36,WhatsApp,62837025650,Pribadi
1772771575412,2026-03-06 04:32:55,WhatsApp,628962131971,Grup
1772780975412,2026-03-06 07:09:35,WhatsApp,628336275443,Pribadi
1772776028412,2026-03-06 05:47:08,WhatsApp,628812883641,Grup
1772777119412,2026-03-06 06:05:19,WhatsApp,628609488037,Grup
1772824734412,2026-03-06 19:18:54,WhatsApp,628374881478,Grup
1772778793412,2026-03-06 06:33:13,Discord,user80217,DM
1772758665412,2026-03-06 00:57:45,Discord,user4532,DM
1772802075412,2026-03-06 13:01:15,Discord,user36385,Server
1772786306412,2026-03-06 08:38:26,Discord,user80484,DM
1772776222412,2026-03-06 05:50:22,Discord,user33186,DM
1772778479412,2026-03-06 06:27:59,Discord,user47024,DM
1772826190412,2026-03-06 19:43:10,Discord,user12720,DM
1772829386412,2026-03-06 20:36:26,Discord,user25019,DM
1772799414412,2026-03-06 12:16:54,Discord,user58738,Server
1772790481412,2026-03-06 09:48:01,Discord,user41526,DM
1772773949412,2026-03-06 05:12:29,Discord,user57130,Server
1772783613412,2026-03-06 07:53:33,Discord,user69568,DM
1772825703412,2026-03-06 19:35:03,Discord,user99689,DM
1772798280412,2026-03-06 11:58:00,Discord,user59709,DM
1772808396412,2026-03-06 14:46:36,Discord,user53655,Server
1772809157412,2026-03-06 14:59:17,Discord,user42610,DM
1772769788412,2026-03-06 04:03:08,Discord,user88730,DM
1772799267412,2026-03-06 12:14:27,Discord,user20116,Server
1772833803412,2026-03-06 21:50:03,Discord,user85716,Server
1772756911412,2026-03-06 00:28:31,Discord,user37538,DM
1772920619412,2026-03-07 21:56:59,WhatsApp,628733468849,Grup
1772851714412,2026-03-07 02:48:34,WhatsApp,628705055513,Grup
1772903880412,2026-03-07 17:18:00,WhatsApp,628537058484,Grup
1772883548412,2026-03-07 11:39:08,WhatsApp,628582436789,Pribadi
1772859768412,2026-03-07 05:02:48,WhatsApp,628443468752,Pribadi
1772886179412,2026-03-07 12:22:59,WhatsApp,628691879653,Grup
1772905200412,2026-03-07 17:40:00,WhatsApp,628602395018,Pribadi
1772861067412,2026-03-07 05:24:27,WhatsApp,628715419263,Pribadi
1772847437412,2026-03-07 01:37:17,WhatsApp,628167727916,Grup
1772870942412,2026-03-07 08:09:02,WhatsApp,628222664486,Pribadi
1772877947412,2026-03-07 10:05:47,WhatsApp,628277181900,Grup
1772888910412,2026-03-07 13:08:30,WhatsApp,628319196059,Pribadi
1772907181412,2026-03-07 18:13:01,WhatsApp,628683124937,Grup
1772897634412,2026-03-07 15:33:54,WhatsApp,628735146166,Pribadi
1772924311412,2026-03-07 22:58:31,WhatsApp,628473521556,Pribadi
1772855194412,2026-03-07 03:46:34,WhatsApp,628405117904,Grup
1772892928412,2026-03-07 14:15:28,WhatsApp,628799437730,Pribadi
1772927634412,2026-03-07 23:53:54,WhatsApp,628197872746,Pribadi
1772880954412,2026-03-07 10:55:54,WhatsApp,62863676013,Grup
1772909061412,2026-03-07 18:44:21,WhatsApp,628463843562,Grup
1772891312412,2026-03-07 13:48:32,WhatsApp,628782616284,Grup
1772863226412,2026-03-07 06:00:26,WhatsApp,628717987120,Pribadi
1772889391412,2026-03-07 13:16:31,WhatsApp,628798881095,Pribadi
1772913783412,2026-03-07 20:03:03,WhatsApp,628301355817,Grup
1772882812412,2026-03-07 11:26:52,WhatsApp,628328184718,Pribadi
1772916280412,2026-03-07 20:44:40,WhatsApp,628322093240,Pribadi
1772896725412,2026-03-07 15:18:45,WhatsApp,628984362662,Grup
1772879978412,2026-03-07 10:39:38,WhatsApp,628155916954,Grup
1772918023412,2026-03-07 21:13:43,WhatsApp,628126347981,Pribadi
1772856691412,2026-03-07 04:11:31,WhatsApp,628304955231,Pribadi
1772921531412,2026-03-07 22:12:11,WhatsApp,628980077703,Pribadi
1772866129412,2026-03-07 06:48:49,WhatsApp,628150397432,Grup
1772852893412,2026-03-07 03:08:13,WhatsApp,628610290250,Pribadi
1772842122412,2026-03-07 00:08:42,WhatsApp,628107663482,Pribadi
1772889722412,2026-03-07 13:22:02,WhatsApp,628784610474,Grup
1772922179412,2026-03-07 22:22:59,WhatsApp,628576419166,Pribadi
1772890811412,2026-03-07 13:40:11,WhatsApp,628678561950,Grup
1772870310412,2026-03-07 07:58:30,WhatsApp,628537329565,Grup
1772896572412,2026-03-07 15:16:12,WhatsApp,628263467756,Grup
1772892003412,2026-03-07 14:00:03,WhatsApp,628735021652,Pribadi
1772851739412,2026-03-07 02:48:59,WhatsApp,628444446497,Grup
1772893313412,2026-03-07 14:21:53,WhatsApp,628476254079,Pribadi
1772912813412,2026-03-07 19:46:53,WhatsApp,628818272157,Grup
1772917228412,2026-03-07 21:00:28,WhatsApp,628311284716,Pribadi
1772885203412,2026-03-07 12:06:43,WhatsApp,628344427481,Grup
1772873481412,2026-03-07 08:51:21,WhatsApp,62845938897,Pribadi
1772848629412,2026-03-07 01:57:09,WhatsApp,628221136398,Grup
1772900610412,2026-03-07 16:23:30,WhatsApp,628516249116,Grup
1772886880412,2026-03-07 12:34:40,WhatsApp,628817303951,Pribadi
1772910357412,2026-03-07 19:05:57,WhatsApp,628843543639,Grup
1772882933412,2026-03-07 11:28:53,WhatsApp,628629106986,Grup
1772849097412,2026-03-07 02:04:57,WhatsApp,628448247668,Grup
1772908640412,2026-03-07 18:37:20,WhatsApp,628112641929,Grup
1772899768412,2026-03-07 16:09:28,WhatsApp,628288152949,Pribadi
1772876419412,2026-03-07 09:40:19,WhatsApp,628117325275,Grup
1772894334412,2026-03-07 14:38:54,WhatsApp,628878779283,Grup
1772917134412,2026-03-07 20:58:54,WhatsApp,628128078821,Grup
1772926173412,2026-03-07 23:29:33,WhatsApp,628308462246,Pribadi
1772896519412,2026-03-07 15:15:19,WhatsApp,628920795671,Pribadi
1772884399412,2026-03-07 11:53:19,WhatsApp,628273026029,Pribadi
1772909294412,2026-03-07 18:48:14,WhatsApp,628309510413,Grup
1772850492412,2026-03-07 02:28:12,WhatsApp,628797215078,Pribadi
1772850417412,2026-03-07 02:26:57,WhatsApp,628465781223,Grup
1772911176412,2026-03-07 19:19:36,WhatsApp,628621385344,Pribadi
1772918854412,2026-03-07 21:27:34,WhatsApp,628699365212,Grup
1772882306412,2026-03-07 11:18:26,WhatsApp,628471151929,Grup
1772907072412,2026-03-07 18:11:12,WhatsApp,628727289499,Pribadi
1772872217412,2026-03-07 08:30:17,WhatsApp,628757624092,Pribadi
1772861036412,2026-03-07 05:23:56,WhatsApp,628438104308,Grup
1772919054412,2026-03-07 21:30:54,WhatsApp,628555947283,Grup
1772866322412,2026-03-07 06:52:02,WhatsApp,628454247896,Grup
1772848475412,2026-03-07 01:54:35,WhatsApp,628840542439,Pribadi
1772846005412,2026-03-07 01:13:25,Discord,user5402,Server
1772849363412,2026-03-07 02:09:23,Discord,user65973,Server
1772922432412,2026-03-07 22:27:12,Discord,user47440,Server
1772879897412,2026-03-07 10:38:17,Discord,user16991,Server
1772896162412,2026-03-07 15:09:22,Discord,user29001,Server
1772926507412,2026-03-07 23:35:07,Discord,user84734,DM
1772913498412,2026-03-07 19:58:18,Discord,user54392,DM
1772862522412,2026-03-07 05:48:42,Discord,user21308,Server
1772848746412,2026-03-07 01:59:06,Discord,user77968,Server
1772851591412,2026-03-07 02:46:31,Discord,user13418,DM
1772899282412,2026-03-07 16:01:22,Discord,user55441,DM
1772888428412,2026-03-07 13:00:28,Discord,user4942,Server
1772924925412,2026-03-07 23:08:45,Discord,user44086,Server
1772853271412,2026-03-07 03:14:31,Discord,user350,Server
1772927579412,2026-03-07 23:52:59,Discord,user68947,Server
1772876043412,2026-03-07 09:34:03,Discord,user6782,DM
1772847304412,2026-03-07 01:35:04,Discord,user59706,DM
1772876811412,2026-03-07 09:46:51,Discord,user76040,Server
1772885720412,2026-03-07 12:15:20,Discord,user29262,Server
1772914835412,2026-03-07 20:20:35,Discord,user17089,DM
1772853698412,2026-03-07 03:21:38,Discord,user14667,Server
1772879930412,2026-03-07 10:38:50,Discord,user56164,DM
1772955818412,2026-03-08 07:43:38,WhatsApp,628824356147,Grup
1772990600412,2026-03-08 17:23:20,WhatsApp,6286043411,Grup
1772972104412,2026-03-08 12:15:04,WhatsApp,628690305708,Pribadi
1772999715412,2026-03-08 19:55:15,WhatsApp,628378975625,Grup
1772987867412,2026-03-08 16:37:47,WhatsApp,628132989382,Pribadi
1772928344412,2026-03-08 00:05:44,WhatsApp,628599352661,Grup
1772990562412,2026-03-08 17:22:42,WhatsApp,628920914462,Pribadi
1772991457412,2026-03-08 17:37:37,WhatsApp,628523760762,Grup
1772943738412,2026-03-08 04:22:18,WhatsApp,628941852712,Grup
1772943434412,2026-03-08 04:17:14,WhatsApp,628109017765,Grup
1772981573412,2026-03-08 14:52:53,WhatsApp,628457641179,Grup
1772984590412,2026-03-08 15:43:10,WhatsApp,628726858438,Pribadi
1772995760412,2026-03-08 18:49:20,WhatsApp,628420395043,Pribadi
1772973134412,2026-03-08 12:32:14,WhatsApp,628701847623,Pribadi
1772973607412,2026-03-08 12:40:07,WhatsApp,628702646212,Pribadi
1773007570412,2026-03-08 22:06:10,WhatsApp,6284457754,Grup
1772969443412,2026-03-08 11:30:43,WhatsApp,628440078898,Grup
1772955777412,2026-03-08 07:42:57,WhatsApp,628241341954,Grup
1773007021412,2026-03-08 21:57:01,WhatsApp,628795534344,Pribadi
1772992438412,2026-03-08 17:53:58,WhatsApp,628386885016,Pribadi
1773004157412,2026-03-08 21:09:17,WhatsApp,628628066171,Pribadi
1772989349412,2026-03-08 17:02:29,WhatsApp,628778729435,Pribadi
1772957844412,2026-03-08 08:17:24,WhatsApp,628796831977,Grup
1772972191412,2026-03-08 12:16:31,WhatsApp,628257823955,Grup
1772950529412,2026-03-08 06:15:29,WhatsApp,628243483157,Grup
1772932857412,2026-03-08 01:20:57,WhatsApp,628156330007,Grup
1772947957412,2026-03-08 05:32:37,WhatsApp,628769077116,Pribadi
1772970288412,2026-03-08 11:44:48,WhatsApp,628854320152,Grup
1772954559412,2026-03-08 07:22:39,WhatsApp,628512763934,Grup
1772999479412,2026-03-08 19:51:19,WhatsApp,628549376434,Pribadi
1772937118412,2026-03-08 02:31:58,WhatsApp,62884528706,Grup
1772997463412,2026-03-08 19:17:43,WhatsApp,628642572865,Grup
1772931673412,2026-03-08 01:01:13,WhatsApp,628821479282,Pribadi
1772999117412,2026-03-08 19:45:17,WhatsApp,628252102106,Grup
1772937873412,2026-03-08 02:44:33,WhatsApp,628302844305,Grup
1772986519412,2026-03-08 16:15:19,WhatsApp,628873008757,Grup
1772946753412,2026-03-08 05:12:33,WhatsApp,628196111816,Grup
1772996262412,2026-03-08 18:57:42,WhatsApp,628119491006,Grup
1772938277412,2026-03-08 02:51:17,WhatsApp,628455694468,Grup
1772962029412,2026-03-08 09:27:09,WhatsApp,628910769595,Grup
1772951252412,2026-03-08 06:27:32,WhatsApp,628425174867,Grup
1772989931412,2026-03-08 17:12:11,WhatsApp,628120669141,Pribadi
1773006023412,2026-03-08 21:40:23,WhatsApp,628384326605,Pribadi
1772933196412,2026-03-08 01:26:36,WhatsApp,628825877452,Grup
1772941453412,2026-03-08 03:44:13,WhatsApp,628365434644,Grup
1773006970412,2026-03-08 21:56:10,WhatsApp,628928972491,Grup
1772966801412,2026-03-08 10:46:41,WhatsApp,628333434571,Pribadi
1772966596412,2026-03-08 10:43:16,WhatsApp,628412025604,Pribadi
1772954560412,2026-03-08 07:22:40,WhatsApp,628730064399,Pribadi
1773011490412,2026-03-08 23:11:30,WhatsApp,628837689374,Grup
1772961070412,2026-03-08 09:11:10,WhatsApp,62891547056,Pribadi
1772991384412,2026-03-08 17:36:24,WhatsApp,628808441834,Pribadi
1772938689412,2026-03-08 02:58:09,WhatsApp,628380654543,Grup
1772943707412,2026-03-08 04:21:47,WhatsApp,628650573655,Pribadi
1772957240412,2026-03-08 08:07:20,WhatsApp,628190264088,Grup
1773002870412,2026-03-08 20:47:50,WhatsApp,628938220275,Pribadi
1772934985412,2026-03-08 01:56:25,WhatsApp,628143502906,Grup
1773003089412,2026-03-08 20:51:29,WhatsApp,628463910049,Grup
1772949595412,2026-03-08 05:59:55,WhatsApp,628737772669,Pribadi
1772998106412,2026-03-08 19:28:26,WhatsApp,62830471821,Pribadi
1772965302412,2026-03-08 10:21:42,WhatsApp,62846626296,Pribadi
1772995734412,2026-03-08 18:48:54,WhatsApp,628378879498,Pribadi
1772943866412,2026-03-08 04:24:26,WhatsApp,628620561906,Pribadi
1772994748412,2026-03-08 18:32:28,WhatsApp,628382773376,Grup
1772993042412,2026-03-08 18:04:02,WhatsApp,62872371903,Grup
1772995871412,2026-03-08 18:51:11,WhatsApp,628245104840,Pribadi
1772990350412,2026-03-08 17:19:10,WhatsApp,628720788640,Grup
1772960073412,2026-03-08 08:54:33,WhatsApp,628801156690,Pribadi
1773008211412,2026-03-08 22:16:51,WhatsApp,628385340104,Grup
1773000018412,2026-03-08 20:00:18,WhatsApp,628189165382,Pribadi
1772933231412,2026-03-08 01:27:11,Discord,user8004,Server
1772990132412,2026-03-08 17:15:32,Discord,user12273,DM
1772952447412,2026-03-08 06:47:27,Discord,user12757,DM
1772972439412,2026-03-08 12:20:39,Discord,user45595,Server
1773000284412,2026-03-08 20:04:44,Discord,user5968,Server
1772964647412,2026-03-08 10:10:47,Discord,user31836,Server
1773011681412,2026-03-08 23:14:41,Discord,user23027,DM
1772957625412,2026-03-08 08:13:45,Discord,user85783,DM
1772934542412,2026-03-08 01:49:02,Discord,user70593,DM
1773013835412,2026-03-08 23:50:35,Discord,user40737,Server
1772994804412,2026-03-08 18:33:24,Discord,user91675,Server
1772929287412,2026-03-08 00:21:27,Discord,user73847,DM
1772932608412,2026-03-08 01:16:48,Discord,user9235,DM
1773012450412,2026-03-08 23:27:30,Discord,user19128,DM
1772965375412,2026-03-08 10:22:55,Discord,user8559,DM
1772947114412,2026-03-08 05:18:34,Discord,user74340,DM
1772956540412,2026-03-08 07:55:40,Discord,user84647,DM
1772957905412,2026-03-08 08:18:25,Discord,user35893,DM
1773001521412,2026-03-08 20:25:21,Discord,user94950,Server
1773006066412,2026-03-08 21:41:06,Discord,user27758,Server
1772936480412,2026-03-08 02:21:20,Discord,user11098,Server
1773007858412,2026-03-08 22:10:58,Discord,user97518,Server
1773075399412,2026-03-09 16:56:39,WhatsApp,628647442113,Pribadi
1773021603412,2026-03-09 02:00:03,WhatsApp,628399405187,Grup
1773091362412,2026-03-09 21:22:42,WhatsApp,628321912804,Grup
1773067213412,2026-03-09 14:40:13,WhatsApp,628886763870,Pribadi
1773065109412,2026-03-09 14:05:09,WhatsApp,628977830009,Grup
1773025558412,2026-03-09 03:05:58,WhatsApp,628709156053,Grup
1773061251412,2026-03-09 13:00:51,WhatsApp,628472523000,Grup
1773021614412,2026-03-09 02:00:14,WhatsApp,628355553312,Pribadi
1773029220412,2026-03-09 04:07:00,WhatsApp,628745309896,Pribadi
1773071352412,2026-03-09 15:49:12,WhatsApp,628109129534,Grup
1773048677412,2026-03-09 09:31:17,WhatsApp,628393481789,Pribadi
1773051503412,2026-03-09 10:18:23,WhatsApp,628703687332,Grup
1773041914412,2026-03-09 07:38:34,WhatsApp,628525195803,Grup
1773057618412,2026-03-09 12:00:18,WhatsApp,628658335894,Pribadi
1773030634412,2026-03-09 04:30:34,WhatsApp,628742590109,Grup
1773093919412,2026-03-09 22:05:19,WhatsApp,62854619547,Grup
1773053558412,2026-03-09 10:52:38,WhatsApp,62862163943,Pribadi
1773069172412,2026-03-09 15:12:52,WhatsApp,628967255383,Pribadi
1773099687412,2026-03-09 23:41:27,WhatsApp,628998677618,Grup
1773017635412,2026-03-09 00:53:55,WhatsApp,628489558126,Grup
1773040899412,2026-03-09 07:21:39,WhatsApp,628938895881,Grup
1773031304412,2026-03-09 04:41:44,WhatsApp,628474292789,Grup
1773019950412,2026-03-09 01:32:30,WhatsApp,628843746193,Pribadi
1773054949412,2026-03-09 11:15:49,WhatsApp,628334701526,Pribadi
1773027138412,2026-03-09 03:32:18,WhatsApp,628532517725,Grup
1773079872412,2026-03-09 18:11:12,WhatsApp,628452006450,Grup
1773085862412,2026-03-09 19:51:02,WhatsApp,628462160782,Grup
1773087193412,2026-03-09 20:13:13,WhatsApp,628198141828,Pribadi
1773078721412,2026-03-09 17:52:01,WhatsApp,628610240716,Grup
1773044197412,2026-03-09 08:16:37,WhatsApp,628526093864,Pribadi
1773059386412,2026-03-09 12:29:46,WhatsApp,628401923987,Pribadi
1773050318412,2026-03-09 09:58:38,WhatsApp,62832316099,Grup
1773041765412,2026-03-09 07:36:05,WhatsApp,628431070385,Pribadi
1773034526412,2026-03-09 05:35:26,WhatsApp,628633195253,Pribadi
1773074771412,2026-03-09 16:46:11,WhatsApp,628453171367,Grup
1773047830412,2026-03-09 09:17:10,WhatsApp,628381148643,Grup
1773083495412,2026-03-09 19:11:35,WhatsApp,628375088536,Pribadi
1773052227412,2026-03-09 10:30:27,WhatsApp,628587251621,Pribadi
1773026396412,2026-03-09 03:19:56,WhatsApp,628954153749,Grup
1773061550412,2026-03-09 13:05:50,WhatsApp,628738245049,Pribadi
1773064487412,2026-03-09 13:54:47,WhatsApp,628394795576,Grup
1773033840412,2026-03-09 05:24:00,WhatsApp,628323526115,Grup
1773016851412,2026-03-09 00:40:51,WhatsApp,628940694451,Pribadi
1773059664412,2026-03-09 12:34:24,WhatsApp,628923034264,Pribadi
1773074005412,2026-03-09 16:33:25,WhatsApp,628391845924,Grup
1773022087412,2026-03-09 02:08:07,WhatsApp,628819480953,Grup
1773056300412,2026-03-09 11:38:20,WhatsApp,62895444440,Grup
1773047331412,2026-03-09 09:08:51,WhatsApp,628993240530,Pribadi
1773017454412,2026-03-09 00:50:54,WhatsApp,628405479335,Grup
1773060528412,2026-03-09 12:48:48,WhatsApp,628613915741,Grup
1773061848412,2026-03-09 13:10:48,WhatsApp,628244452886,Grup
1773035871412,2026-03-09 05:57:51,WhatsApp,628138615901,Grup
1773058078412,2026-03-09 12:07:58,WhatsApp,628587732137,Grup
1773085966412,2026-03-09 19:52:46,WhatsApp,628915539870,Pribadi
1773058713412,2026-03-09 12:18:33,WhatsApp,628901409248,Grup
1773092748412,2026-03-09 21:45:48,WhatsApp,628592871370,Pribadi
1773024092412,2026-03-09 02:41:32,WhatsApp,628624018159,Grup
1773057532412,2026-03-09 11:58:52,WhatsApp,628702708282,Pribadi
1773069031412,2026-03-09 15:10:31,WhatsApp,628161842726,Grup
1773093103412,2026-03-09 21:51:43,WhatsApp,62830760209,Grup
1773090714412,2026-03-09 21:11:54,WhatsApp,628911373185,Pribadi
1773084337412,2026-03-09 19:25:37,WhatsApp,628757541490,Grup
1773021766412,2026-03-09 02:02:46,WhatsApp,628983317929,Grup
1773030930412,2026-03-09 04:35:30,WhatsApp,62856705806,Pribadi
1773069939412,2026-03-09 15:25:39,WhatsApp,628774077960,Grup
1773037921412,2026-03-09 06:32:01,WhatsApp,628781273025,Grup
1773090228412,2026-03-09 21:03:48,Discord,user83750,DM
1773049883412,2026-03-09 09:51:23,Discord,user74200,Server
1773098135412,2026-03-09 23:15:35,Discord,user91600,Server
1773090963412,2026-03-09 21:16:03,Discord,user21167,DM
1773088274412,2026-03-09 20:31:14,Discord,user71378,Server
1773064356412,2026-03-09 13:52:36,Discord,user2351,DM
1773083571412,2026-03-09 19:12:51,Discord,user3183,DM
1773046950412,2026-03-09 09:02:30,Discord,user93404,DM
1773063357412,2026-03-09 13:35:57,Discord,user54062,Server
1773063369412,2026-03-09 13:36:09,Discord,user48400,Server
1773027115412,2026-03-09 03:31:55,Discord,user42573,DM
1773066959412,2026-03-09 14:35:59,Discord,user93500,Server
1773093404412,2026-03-09 21:56:44,Discord,user993,Server
1773037275412,2026-03-09 06:21:15,Discord,user40984,DM
1773075878412,2026-03-09 17:04:38,Discord,user17783,DM
1773085536412,2026-03-09 19:45:36,Discord,user63461,Server
1773088963412,2026-03-09 20:42:43,Discord,user84334,DM
1773041003412,2026-03-09 07:23:23,Discord,user31308,DM
1773055117412,2026-03-09 11:18:37,Discord,user38105,DM
1773073468412,2026-03-09 16:24:28,Discord,user54371,Server
1773089272412,2026-03-09 20:47:52,Discord,user90664,Server
1773029421412,2026-03-09 04:10:21,Discord,user57967,DM
1773068291412,2026-03-09 14:58:11,Discord,user51851,Server
1773021159412,2026-03-09 01:52:39,Discord,user76208,Server
1773038945412,2026-03-09 06:49:05,Discord,user27193,Server
1773021609412,2026-03-09 02:00:09,Discord,user11925,DM
1773068831412,2026-03-09 15:07:11,Discord,user52042,DM
1773153405412,2026-03-10 14:36:45,WhatsApp,628215811466,Pribadi
1773151413412,2026-03-10 14:03:33,WhatsApp,628769726337,Grup
1773164607412,2026-03-10 17:43:27,WhatsApp,628392961370,Grup
1773166636412,2026-03-10 18:17:16,WhatsApp,62845773781,Pribadi
1773158592412,2026-03-10 16:03:12,WhatsApp,628285693833,Grup
1773146834412,2026-03-10 12:47:14,WhatsApp,628368776012,Pribadi
1773179047412,2026-03-10 21:44:07,WhatsApp,628654837351,Pribadi
1773177792412,2026-03-10 21:23:12,WhatsApp,628258736561,Grup
1773126399412,2026-03-10 07:06:39,WhatsApp,628543227639,Grup
1773164072412,2026-03-10 17:34:32,WhatsApp,62810163058,Pribadi
1773148194412,2026-03-10 13:09:54,WhatsApp,628289389343,Pribadi
1773133101412,2026-03-10 08:58:21,WhatsApp,62839318463,Grup
1773136397412,2026-03-10 09:53:17,WhatsApp,628553373517,Pribadi
1773138167412,2026-03-10 10:22:47,WhatsApp,628539955353,Grup
1773178681412,2026-03-10 21:38:01,WhatsApp,62856855833,Pribadi
1773185794412,2026-03-10 23:36:34,WhatsApp,628561435037,Grup
1773181567412,2026-03-10 22:26:07,WhatsApp,628852980459,Grup
1773101866412,2026-03-10 00:17:46,WhatsApp,628428758282,Grup
1773184242412,2026-03-10 23:10:42,WhatsApp,628752740325,Grup
1773129687412,2026-03-10 08:01:27,WhatsApp,628805421541,Pribadi
1773109285412,2026-03-10 02:21:25,WhatsApp,628344206070,Grup
1773137200412,2026-03-10 10:06:40,WhatsApp,628350230038,Grup
1773161677412,2026-03-10 16:54:37,WhatsApp,628741528395,Pribadi
1773144333412,2026-03-10 12:05:33,WhatsApp,628286392165,Pribadi
1773116390412,2026-03-10 04:19:50,WhatsApp,628244178565,Grup
1773140601412,2026-03-10 11:03:21,WhatsApp,628677553147,Pribadi
1773166406412,2026-03-10 18:13:26,WhatsApp,628521096840,Grup
1773168561412,2026-03-10 18:49:21,WhatsApp,628355020734,Grup
1773151921412,2026-03-10 14:12:01,WhatsApp,6285649434,Grup
1773184789412,2026-03-10 23:19:49,WhatsApp,628220955209,Pribadi
1773173712412,2026-03-10 20:15:12,WhatsApp,628883825450,Grup
1773154154412,2026-03-10 14:49:14,WhatsApp,628104584451,Grup
1773166565412,2026-03-10 18:16:05,WhatsApp,628664585302,Pribadi
1773126219412,2026-03-10 07:03:39,WhatsApp,628127374064,Grup
1773174933412,2026-03-10 20:35:33,WhatsApp,6281449445,Pribadi
1773137914412,2026-03-10 10:18:34,WhatsApp,628391160691,Pribadi
1773142098412,2026-03-10 11:28:18,WhatsApp,628875255104,Pribadi
1773124689412,2026-03-10 06:38:09,WhatsApp,628339624554,Pribadi
1773115672412,2026-03-10 04:07:52,WhatsApp,628686746022,Pribadi
1773167394412,2026-03-10 18:29:54,WhatsApp,628564880737,Pribadi
1773176485412,2026-03-10 21:01:25,WhatsApp,628407101238,Grup
1773112987412,2026-03-10 03:23:07,WhatsApp,628524178594,Grup
1773180690412,2026-03-10 22:11:30,WhatsApp,628774932823,Grup
1773118314412,2026-03-10 04:51:54,WhatsApp,628183027120,Pribadi
1773177959412,2026-03-10 21:25:59,WhatsApp,628188115681,Grup
1773106419412,2026-03-10 01:33:39,WhatsApp,628475876235,Grup
1773184560412,2026-03-10 23:16:00,WhatsApp,628134502177,Pribadi
1773112305412,2026-03-10 03:11:45,WhatsApp,628426088771,Pribadi
1773103458412,2026-03-10 00:44:18,WhatsApp,628860848043,Pribadi
1773185533412,2026-03-10 23:32:13,WhatsApp,628827778801,Pribadi
1773119838412,2026-03-10 05:17:18,WhatsApp,62879870163,Pribadi
1773145765412,2026-03-10 12:29:25,WhatsApp,628145161303,Pribadi
1773119329412,2026-03-10 05:08:49,WhatsApp,62834589216,Grup
1773161864412,2026-03-10 16:57:44,WhatsApp,628153910107,Pribadi
1773122069412,2026-03-10 05:54:29,WhatsApp,628149048430,Grup
1773111350412,2026-03-10 02:55:50,WhatsApp,628993948743,Pribadi
1773165040412,2026-03-10 17:50:40,WhatsApp,628841478008,Pribadi
1773175392412,2026-03-10 20:43:12,WhatsApp,62855649222,Grup
1773175891412,2026-03-10 20:51:31,WhatsApp,628669039231,Grup
1773117183412,2026-03-10 04:33:03,WhatsApp,628459234656,Grup
1773130285412,2026-03-10 08:11:25,WhatsApp,628590153911,Pribadi
1773146512412,2026-03-10 12:41:52,WhatsApp,62841702275,Grup
1773105283412,2026-03-10 01:14:43,WhatsApp,628638422804,Grup
1773130591412,2026-03-10 08:16:31,WhatsApp,628430683625,Grup
1773149124412,2026-03-10 13:25:24,WhatsApp,628511616021,Pribadi
1773106168412,2026-03-10 01:29:28,WhatsApp,628373069997,Grup
1773102370412,2026-03-10 00:26:10,WhatsApp,628955199079,Grup
1773116153412,2026-03-10 04:15:53,WhatsApp,628365637235,Grup
1773168108412,2026-03-10 18:41:48,WhatsApp,628779174070,Grup
1773182197412,2026-03-10 22:36:37,WhatsApp,628385427360,Grup
1773172927412,2026-03-10 20:02:07,WhatsApp,628870915097,Grup
1773112872412,2026-03-10 03:21:12,WhatsApp,628485243010,Pribadi
1773140107412,2026-03-10 10:55:07,WhatsApp,628151617672,Pribadi
1773167153412,2026-03-10 18:25:53,WhatsApp,628163485153,Pribadi
1773142536412,2026-03-10 11:35:36,WhatsApp,628830600019,Grup
1773141392412,2026-03-10 11:16:32,WhatsApp,628115222954,Grup
1773164475412,2026-03-10 17:41:15,WhatsApp,628989683570,Pribadi
1773103955412,2026-03-10 00:52:35,WhatsApp,628426008401,Pribadi
1773185096412,2026-03-10 23:24:56,Discord,user33111,Server
1773118053412,2026-03-10 04:47:33,Discord,user56331,Server
1773110426412,2026-03-10 02:40:26,Discord,user7316,Server
1773130188412,2026-03-10 08:09:48,Discord,user19290,Server
1773116414412,2026-03-10 04:20:14,Discord,user30502,DM
1773105255412,2026-03-10 01:14:15,Discord,user69161,DM
1773147366412,2026-03-10 12:56:06,Discord,user71001,DM
1773128848412,2026-03-10 07:47:28,Discord,user84119,DM
1773150263412,2026-03-10 13:44:23,Discord,user76589,DM
1773174989412,2026-03-10 20:36:29,Discord,user74764,DM
1773154095412,2026-03-10 14:48:15,Discord,user35887,DM
1773176066412,2026-03-10 20:54:26,Discord,user3145,DM
1773118684412,2026-03-10 04:58:04,Discord,user41964,Server
1773173954412,2026-03-10 20:19:14,Discord,user62819,DM
1773103568412,2026-03-10 00:46:08,Discord,user79616,Server
1773147157412,2026-03-10 12:52:37,Discord,user48388,DM
1773186463412,2026-03-10 23:47:43,Discord,user9617,Server
1773180972412,2026-03-10 22:16:12,Discord,user64739,Server
1773132437412,2026-03-10 08:47:17,Discord,user12582,Server
1773125614412,2026-03-10 06:53:34,Discord,user24381,DM
1773159028412,2026-03-10 16:10:28,Discord,user3294,Server
1773127753412,2026-03-10 07:29:13,Discord,user55667,Server
1773160354412,2026-03-10 16:32:34,Discord,user13516,Server
1773240887412,2026-03-11 14:54:47,WhatsApp,628988310260,Grup
1773271262412,2026-03-11 23:21:02,WhatsApp,628538651993,Pribadi
1773188361412,2026-03-11 00:19:21,WhatsApp,628207038298,Pribadi
1773232324412,2026-03-11 12:32:04,WhatsApp,628402143799,Grup
1773230576412,2026-03-11 12:02:56,WhatsApp,628765653266,Pribadi
1773221890412,2026-03-11 09:38:10,WhatsApp,628703804228,Pribadi
1773255885412,2026-03-11 19:04:45,WhatsApp,628474655942,Pribadi
1773256569412,2026-03-11 19:16:09,WhatsApp,62856080103,Pribadi
1773195671412,2026-03-11 02:21:11,WhatsApp,628542185365,Grup
1773242043412,2026-03-11 15:14:03,WhatsApp,628808703653,Pribadi
1773197524412,2026-03-11 02:52:04,WhatsApp,628685817051,Grup
1773255567412,2026-03-11 18:59:27,WhatsApp,628864284034,Pribadi
1773262046412,2026-03-11 20:47:26,WhatsApp,628816787989,Grup
1773221110412,2026-03-11 09:25:10,WhatsApp,628177803189,Pribadi
1773227238412,2026-03-11 11:07:18,WhatsApp,628136693832,Grup
1773233527412,2026-03-11 12:52:07,WhatsApp,628179154678,Pribadi
1773201619412,2026-03-11 04:00:19,WhatsApp,62875570503,Pribadi
1773251382412,2026-03-11 17:49:42,WhatsApp,628868138142,Grup
1773207948412,2026-03-11 05:45:48,WhatsApp,628122375866,Grup
1773207045412,2026-03-11 05:30:45,WhatsApp,628946588851,Grup
1773193165412,2026-03-11 01:39:25,WhatsApp,628837876129,Grup
1773215314412,2026-03-11 07:48:34,WhatsApp,628894568006,Pribadi
1773192889412,2026-03-11 01:34:49,WhatsApp,628263500435,Pribadi
1773215895412,2026-03-11 07:58:15,WhatsApp,628338036221,Pribadi
1773247125412,2026-03-11 16:38:45,WhatsApp,628266341955,Grup
1773223216412,2026-03-11 10:00:16,WhatsApp,628933284623,Grup
1773192310412,2026-03-11 01:25:10,WhatsApp,628605901049,Grup
1773252449412,2026-03-11 18:07:29,WhatsApp,628639962583,Grup
1773267829412,2026-03-11 22:23:49,WhatsApp,628559708248,Pribadi
1773254487412,2026-03-11 18:41:27,WhatsApp,628705597139,Pribadi
1773272999412,2026-03-11 23:49:59,WhatsApp,628621093452,Grup
1773216305412,2026-03-11 08:05:05,WhatsApp,628435676111,Grup
1773212341412,2026-03-11 06:59:01,WhatsApp,628500487869,Pribadi
1773234057412,2026-03-11 13:00:57,WhatsApp,628566979040,Grup
1773223026412,2026-03-11 09:57:06,WhatsApp,628630326419,Grup
1773255879412,2026-03-11 19:04:39,WhatsApp,628819169865,Grup
1773228064412,2026-03-11 11:21:04,WhatsApp,628746974420,Pribadi
1773250398412,2026-03-11 17:33:18,WhatsApp,62863459556,Pribadi
1773248492412,2026-03-11 17:01:32,WhatsApp,628715334030,Grup
1773250655412,2026-03-11 17:37:35,WhatsApp,628168699796,Grup
1773219439412,2026-03-11 08:57:19,WhatsApp,628634043809,Pribadi
1773232229412,2026-03-11 12:30:29,WhatsApp,628534212666,Pribadi
1773267452412,2026-03-11 22:17:32,WhatsApp,628295489403,Pribadi
1773221403412,2026-03-11 09:30:03,WhatsApp,628333584583,Pribadi
1773268989412,2026-03-11 22:43:09,WhatsApp,628742036975,Grup
1773245400412,2026-03-11 16:10:00,WhatsApp,628223911317,Grup
1773251181412,2026-03-11 17:46:21,WhatsApp,628182802726,Pribadi
1773188663412,2026-03-11 00:24:23,WhatsApp,628971177708,Grup
1773197940412,2026-03-11 02:59:00,WhatsApp,628357714050,Grup
1773219775412,2026-03-11 09:02:55,WhatsApp,62886025173,Grup
1773204322412,2026-03-11 04:45:22,WhatsApp,628196764506,Pribadi
1773218338412,2026-03-11 08:38:58,WhatsApp,628101630352,Grup
1773204300412,2026-03-11 04:45:00,WhatsApp,628424199706,Pribadi
1773193672412,2026-03-11 01:47:52,WhatsApp,6288880926,Grup
1773210418412,2026-03-11 06:26:58,WhatsApp,628543415626,Grup
1773208264412,2026-03-11 05:51:04,WhatsApp,628155657665,Pribadi
1773224157412,2026-03-11 10:15:57,WhatsApp,628631565020,Pribadi
1773215817412,2026-03-11 07:56:57,WhatsApp,628188200288,Grup
1773250021412,2026-03-11 17:27:01,WhatsApp,628965301072,Grup
1773265313412,2026-03-11 21:41:53,WhatsApp,628595660538,Grup
1773218984412,2026-03-11 08:49:44,WhatsApp,62891083760,Pribadi
1773217893412,2026-03-11 08:31:33,WhatsApp,628435157609,Grup
1773206615412,2026-03-11 05:23:35,WhatsApp,628899258339,Grup
1773270109412,2026-03-11 23:01:49,WhatsApp,628105402858,Grup
1773259673412,2026-03-11 20:07:53,WhatsApp,628590650070,Grup
1773194457412,2026-03-11 02:00:57,WhatsApp,628527864585,Grup
1773268600412,2026-03-11 22:36:40,WhatsApp,628883667587,Grup
1773208461412,2026-03-11 05:54:21,WhatsApp,628593700007,Grup
1773219378412,2026-03-11 08:56:18,WhatsApp,628190760221,Grup
1773216489412,2026-03-11 08:08:09,Discord,user6048,Server
1773191841412,2026-03-11 01:17:21,Discord,user30376,DM
1773188982412,2026-03-11 00:29:42,Discord,user28177,DM
1773198449412,2026-03-11 03:07:29,Discord,user81191,DM
1773218418412,2026-03-11 08:40:18,Discord,user31502,Server
1773269980412,2026-03-11 22:59:40,Discord,user12976,Server
1773245246412,2026-03-11 16:07:26,Discord,user16621,DM
1773257573412,2026-03-11 19:32:53,Discord,user40916,DM
1773224754412,2026-03-11 10:25:54,Discord,user38100,DM
1773245384412,2026-03-11 16:09:44,Discord,user94326,Server
1773238822412,2026-03-11 14:20:22,Discord,user94908,DM
1773209207412,2026-03-11 06:06:47,Discord,user73368,DM
1773261065412,2026-03-11 20:31:05,Discord,user2782,DM
1773236772412,2026-03-11 13:46:12,Discord,user32885,Server
1773204163412,2026-03-11 04:42:43,Discord,user20384,Server
1773208220412,2026-03-11 05:50:20,Discord,user39930,Server
1773204577412,2026-03-11 04:49:37,Discord,user83395,DM
1773253680412,2026-03-11 18:28:00,Discord,user76490,Server
1773269211412,2026-03-11 22:46:51,Discord,user59015,Server
1773261512412,2026-03-11 20:38:32,Discord,user12421,Server
1773204940412,2026-03-11 04:55:40,Discord,user4874,Server
1773205051412,2026-03-11 04:57:31,Discord,user61051,Server
1773207608412,2026-03-11 05:40:08,Discord,user1776,DM
1773220828412,2026-03-11 09:20:28,Discord,user85850,Server
1773224977412,2026-03-11 10:29:37,Discord,user44292,DM
1773272877412,2026-03-11 23:47:57,Discord,user50622,Server
1773253373412,2026-03-11 18:22:53,Discord,user15898,DM
1773331016412,2026-03-12 15:56:56,WhatsApp,628598401470,Pribadi
1773309892412,2026-03-12 10:04:52,WhatsApp,628956034169,Grup
1773349186412,2026-03-12 20:59:46,WhatsApp,628995248192,Grup
1773351053412,2026-03-12 21:30:53,WhatsApp,628633693072,Grup
1773285002412,2026-03-12 03:10:02,WhatsApp,628723187732,Grup
1773279667412,2026-03-12 01:41:07,WhatsApp,62882125850,Grup
1773336984412,2026-03-12 17:36:24,WhatsApp,628285625014,Grup
1773303803412,2026-03-12 08:23:23,WhatsApp,628233346184,Grup
1773344397412,2026-03-12 19:39:57,WhatsApp,628162584935,Grup
1773274751412,2026-03-12 00:19:11,WhatsApp,628465687606,Grup
1773340192412,2026-03-12 18:29:52,WhatsApp,62876876133,Pribadi
1773276042412,2026-03-12 00:40:42,WhatsApp,62893745352,Grup
1773274845412,2026-03-12 00:20:45,WhatsApp,628625916620,Pribadi
1773292597412,2026-03-12 05:16:37,WhatsApp,628518451458,Pribadi
1773308636412,2026-03-12 09:43:56,WhatsApp,628382642258,Grup
1773301313412,2026-03-12 07:41:53,WhatsApp,628857256911,Pribadi
1773337536412,2026-03-12 17:45:36,WhatsApp,628758723770,Pribadi
1773320134412,2026-03-12 12:55:34,WhatsApp,628464549630,Pribadi
1773286542412,2026-03-12 03:35:42,WhatsApp,628505027205,Grup
1773344082412,2026-03-12 19:34:42,WhatsApp,62857596042,Pribadi
1773359915412,2026-03-12 23:58:35,WhatsApp,628615923618,Pribadi
1773302322412,2026-03-12 07:58:42,WhatsApp,628841418387,Grup
1773318303412,2026-03-12 12:25:03,WhatsApp,628706626519,Pribadi
1773333425412,2026-03-12 16:37:05,WhatsApp,628887290360,Grup
1773323494412,2026-03-12 13:51:34,WhatsApp,62887133550,Grup
1773355508412,2026-03-12 22:45:08,WhatsApp,628356931395,Grup
1773348556412,2026-03-12 20:49:16,WhatsApp,628831493262,Grup
1773293180412,2026-03-12 05:26:20,WhatsApp,628693241541,Pribadi
1773275041412,2026-03-12 00:24:01,WhatsApp,628608882336,Grup
1773280487412,2026-03-12 01:54:47,WhatsApp,628165523064,Grup
1773328060412,2026-03-12 15:07:40,WhatsApp,628932450858,Grup
1773320266412,2026-03-12 12:57:46,WhatsApp,628476477972,Pribadi
1773314637412,2026-03-12 11:23:57,WhatsApp,628887998048,Grup
1773282773412,2026-03-12 02:32:53,WhatsApp,628337426457,Grup
1773345548412,2026-03-12 19:59:08,WhatsApp,628801900820,Pribadi
1773277697412,2026-03-12 01:08:17,WhatsApp,628402456948,Grup
1773291178412,2026-03-12 04:52:58,WhatsApp,628581253999,Grup
1773324435412,2026-03-12 14:07:15,WhatsApp,62824751919,Pribadi
1773334365412,2026-03-12 16:52:45,WhatsApp,628643117143,Grup
1773279412412,2026-03-12 01:36:52,WhatsApp,628608406490,Grup
1773287106412,2026-03-12 03:45:06,WhatsApp,628936042590,Grup
1773308763412,2026-03-12 09:46:03,WhatsApp,628223047706,Grup
1773312880412,2026-03-12 10:54:40,WhatsApp,62863385434,Pribadi
1773343926412,2026-03-12 19:32:06,WhatsApp,628221752656,Pribadi
1773291935412,2026-03-12 05:05:35,WhatsApp,628526313496,Grup
1773344180412,2026-03-12 19:36:20,WhatsApp,628621078901,Grup
1773298845412,2026-03-12 07:00:45,WhatsApp,628754052995,Grup
1773334506412,2026-03-12 16:55:06,WhatsApp,628700239399,Grup
1773276329412,2026-03-12 00:45:29,WhatsApp,628743401986,Pribadi
1773357808412,2026-03-12 23:23:28,WhatsApp,628177067458,Grup
1773280899412,2026-03-12 02:01:39,WhatsApp,628449822472,Grup
1773316957412,2026-03-12 12:02:37,WhatsApp,62819759789,Grup
1773328279412,2026-03-12 15:11:19,WhatsApp,628825831227,Grup
1773277626412,2026-03-12 01:07:06,WhatsApp,628728837394,Grup
1773313192412,2026-03-12 10:59:52,WhatsApp,62818697838,Pribadi
1773337040412,2026-03-12 17:37:20,WhatsApp,628112109715,Pribadi
1773306082412,2026-03-12 09:01:22,WhatsApp,628796869349,Pribadi
1773331670412,2026-03-12 16:07:50,WhatsApp,628647194944,Grup
1773344051412,2026-03-12 19:34:11,WhatsApp,628809563982,Pribadi
1773344762412,2026-03-12 19:46:02,WhatsApp,628974488038,Grup
1773357274412,2026-03-12 23:14:34,WhatsApp,628516008186,Grup
1773296594412,2026-03-12 06:23:14,WhatsApp,62835460602,Pribadi
1773339417412,2026-03-12 18:16:57,WhatsApp,628115589795,Grup
1773310003412,2026-03-12 10:06:43,WhatsApp,628845384402,Pribadi
1773328043412,2026-03-12 15:07:23,WhatsApp,628728404234,Pribadi
1773317913412,2026-03-12 12:18:33,WhatsApp,628909895307,Grup
1773301796412,2026-03-12 07:49:56,WhatsApp,62861339177,Grup
1773319160412,2026-03-12 12:39:20,WhatsApp,628642551153,Pribadi
1773350990412,2026-03-12 21:29:50,WhatsApp,628524290675,Grup
1773356493412,2026-03-12 23:01:33,WhatsApp,6289251905,Pribadi
1773317737412,2026-03-12 12:15:37,WhatsApp,628833164182,Grup
1773288870412,2026-03-12 04:14:30,WhatsApp,628941560099,Grup
1773354035412,2026-03-12 22:20:35,WhatsApp,62867999716,Grup
1773284883412,2026-03-12 03:08:03,WhatsApp,628782827914,Pribadi
1773310196412,2026-03-12 10:09:56,WhatsApp,628795841045,Grup
1773277835412,2026-03-12 01:10:35,WhatsApp,628179550684,Grup
1773359273412,2026-03-12 23:47:53,WhatsApp,62813464265,Grup
1773276244412,2026-03-12 00:44:04,WhatsApp,628161600762,Pribadi
1773358125412,2026-03-12 23:28:45,WhatsApp,628252864692,Pribadi
1773278440412,2026-03-12 01:20:40,WhatsApp,628893455474,Grup
1773350969412,2026-03-12 21:29:29,WhatsApp,62856211599,Pribadi
1773319700412,2026-03-12 12:48:20,WhatsApp,628905528953,Grup
1773333366412,2026-03-12 16:36:06,Discord,user95728,Server
1773275024412,2026-03-12 00:23:44,Discord,user85566,Server
1773315784412,2026-03-12 11:43:04,Discord,user46382,Server
1773348875412,2026-03-12 20:54:35,Discord,user32129,Server
1773320222412,2026-03-12 12:57:02,Discord,user12855,Server
1773322082412,2026-03-12 13:28:02,Discord,user91213,Server
1773347284412,2026-03-12 20:28:04,Discord,user79937,DM
1773275600412,2026-03-12 00:33:20,Discord,user98809,Server
1773313487412,2026-03-12 11:04:47,Discord,user80902,DM
1773346722412,2026-03-12 20:18:42,Discord,user67583,Server
1773347971412,2026-03-12 20:39:31,Discord,user87343,Server
1773288611412,2026-03-12 04:10:11,Discord,user49244,DM
1773331632412,2026-03-12 16:07:12,Discord,user11611,DM
1773303964412,2026-03-12 08:26:04,Discord,user55449,DM
1773303122412,2026-03-12 08:12:02,Discord,user92051,DM
1773334097412,2026-03-12 16:48:17,Discord,user63859,Server
1773349622412,2026-03-12 21:07:02,Discord,user81930,DM
1773318922412,2026-03-12 12:35:22,Discord,user92463,Server
1773294526412,2026-03-12 05:48:46,Discord,user15294,DM
1773356213412,2026-03-12 22:56:53,Discord,user5611,Server
1773278577412,2026-03-12 01:22:57,Discord,user55680,Server
1773314568412,2026-03-12 11:22:48,Discord,user92389,DM
1773370872412,2026-03-13 03:01:12,WhatsApp,628728013878,Grup
1773430802412,2026-03-13 19:40:02,WhatsApp,628748419959,Pribadi
1773423745412,2026-03-13 17:42:25,WhatsApp,628110555637,Grup
1773362264412,2026-03-13 00:37:44,WhatsApp,628171685070,Pribadi
1773406127412,2026-03-13 12:48:47,WhatsApp,628837387973,Grup
1773397200412,2026-03-13 10:20:00,WhatsApp,628760352651,Pribadi
1773386118412,2026-03-13 07:15:18,WhatsApp,628958157485,Pribadi
1773368272412,2026-03-13 02:17:52,WhatsApp,628345410714,Grup
1773384553412,2026-03-13 06:49:13,WhatsApp,628305057470,Grup
1773426729412,2026-03-13 18:32:09,WhatsApp,628445848021,Pribadi
1773431690412,2026-03-13 19:54:50,WhatsApp,628786463226,Grup
1773393332412,2026-03-13 09:15:32,WhatsApp,628323678605,Pribadi
1773422073412,2026-03-13 17:14:33,WhatsApp,628980912751,Grup
1773394647412,2026-03-13 09:37:27,WhatsApp,628770415498,Pribadi
1773439832412,2026-03-13 22:10:32,WhatsApp,628230236179,Grup
1773360369412,2026-03-13 00:06:09,WhatsApp,62894607244,Pribadi
1773422087412,2026-03-13 17:14:47,WhatsApp,628766541343,Grup
1773383620412,2026-03-13 06:33:40,WhatsApp,628774498044,Pribadi
1773422666412,2026-03-13 17:24:26,WhatsApp,6285341089,Pribadi
1773360672412,2026-03-13 00:11:12,WhatsApp,628224096597,Grup
1773414952412,2026-03-13 15:15:52,WhatsApp,628916992596,Grup
1773387602412,2026-03-13 07:40:02,WhatsApp,628850016409,Grup
1773410431412,2026-03-13 14:00:31,WhatsApp,628958832250,Grup
1773374841412,2026-03-13 04:07:21,WhatsApp,628659176184,Grup
1773426015412,2026-03-13 18:20:15,WhatsApp,628365723218,Grup
1773378080412,2026-03-13 05:01:20,WhatsApp,628731280032,Pribadi
1773424612412,2026-03-13 17:56:52,WhatsApp,62844666990,Pribadi
1773387847412,2026-03-13 07:44:07,WhatsApp,628241603214,Grup
1773436599412,2026-03-13 21:16:39,WhatsApp,628413326126,Pribadi
1773436358412,2026-03-13 21:12:38,WhatsApp,628704396990,Pribadi
1773365057412,2026-03-13 01:24:17,WhatsApp,628748970964,Pribadi
1773414885412,2026-03-13 15:14:45,WhatsApp,628524536834,Grup
1773372112412,2026-03-13 03:21:52,WhatsApp,6281550423,Pribadi
1773445259412,2026-03-13 23:40:59,WhatsApp,628644026854,Grup
1773444987412,2026-03-13 23:36:27,WhatsApp,628570339287,Pribadi
1773411350412,2026-03-13 14:15:50,WhatsApp,628700447169,Grup
1773382293412,2026-03-13 06:11:33,WhatsApp,628752074748,Grup
1773387099412,2026-03-13 07:31:39,WhatsApp,62865338475,Grup
1773414151412,2026-03-13 15:02:31,WhatsApp,628999695525,Grup
1773372656412,2026-03-13 03:30:56,WhatsApp,628987584865,Pribadi
1773375815412,2026-03-13 04:23:35,WhatsApp,628453975754,Pribadi
1773430982412,2026-03-13 19:43:02,WhatsApp,628329421934,Pribadi
1773439824412,2026-03-13 22:10:24,WhatsApp,62869822630,Grup
1773372501412,2026-03-13 03:28:21,WhatsApp,62896936235,Pribadi
1773387058412,2026-03-13 07:30:58,WhatsApp,628975948488,Pribadi
1773424760412,2026-03-13 17:59:20,WhatsApp,628256367947,Pribadi
1773365991412,2026-03-13 01:39:51,WhatsApp,628753276821,Grup
1773403516412,2026-03-13 12:05:16,WhatsApp,628320792696,Pribadi
1773440428412,2026-03-13 22:20:28,WhatsApp,628507414305,Pribadi
1773371391412,2026-03-13 03:09:51,WhatsApp,628446042824,Grup
1773391694412,2026-03-13 08:48:14,WhatsApp,62890105684,Grup
1773363588412,2026-03-13 00:59:48,WhatsApp,628667049012,Grup
1773383148412,2026-03-13 06:25:48,WhatsApp,628541273079,Grup
1773392984412,2026-03-13 09:09:44,WhatsApp,628457006939,Grup
1773425515412,2026-03-13 18:11:55,WhatsApp,628649340106,Grup
1773409033412,2026-03-13 13:37:13,WhatsApp,628394516079,Grup
1773374412412,2026-03-13 04:00:12,WhatsApp,628288494291,Grup
1773361914412,2026-03-13 00:31:54,WhatsApp,628210454603,Grup
1773404887412,2026-03-13 12:28:07,WhatsApp,628979037790,Grup
1773445291412,2026-03-13 23:41:31,WhatsApp,628763888257,Pribadi
1773427477412,2026-03-13 18:44:37,WhatsApp,628917724678,Grup
1773433495412,2026-03-13 20:24:55,WhatsApp,628279322946,Pribadi
1773435020412,2026-03-13 20:50:20,WhatsApp,628375129101,Grup
1773438458412,2026-03-13 21:47:38,WhatsApp,628406742576,Grup
1773405305412,2026-03-13 12:35:05,WhatsApp,628105110681,Pribadi
1773367094412,2026-03-13 01:58:14,WhatsApp,628713776884,Grup
1773361513412,2026-03-13 00:25:13,WhatsApp,628848407748,Grup
1773418430412,2026-03-13 16:13:50,WhatsApp,628293923817,Pribadi
1773444322412,2026-03-13 23:25:22,WhatsApp,628654970451,Grup
1773411066412,2026-03-13 14:11:06,WhatsApp,628364383395,Pribadi
1773425335412,2026-03-13 18:08:55,WhatsApp,628684177395,Grup
1773361415412,2026-03-13 00:23:35,WhatsApp,628910522279,Pribadi
1773382422412,2026-03-13 06:13:42,WhatsApp,628579095281,Grup
1773429116412,2026-03-13 19:11:56,WhatsApp,628949971891,Grup
1773398365412,2026-03-13 10:39:25,WhatsApp,628981953610,Grup
1773439323412,2026-03-13 22:02:03,Discord,user40718,Server
1773367050412,2026-03-13 01:57:30,Discord,user87081,Server
1773435821412,2026-03-13 21:03:41,Discord,user51332,DM
1773394767412,2026-03-13 09:39:27,Discord,user70424,DM
1773380013412,2026-03-13 05:33:33,Discord,user36301,DM
1773414254412,2026-03-13 15:04:14,Discord,user87910,DM
1773408166412,2026-03-13 13:22:46,Discord,user17669,Server
1773436995412,2026-03-13 21:23:15,Discord,user71729,Server
1773390216412,2026-03-13 08:23:36,Discord,user63469,DM
1773410562412,2026-03-13 14:02:42,Discord,user87796,DM
1773435402412,2026-03-13 20:56:42,Discord,user38987,DM
1773416982412,2026-03-13 15:49:42,Discord,user49836,Server
1773427105412,2026-03-13 18:38:25,Discord,user98009,DM
1773421240412,2026-03-13 17:00:40,Discord,user27914,Server
1773376525412,2026-03-13 04:35:25,Discord,user32307,DM
1773386794412,2026-03-13 07:26:34,Discord,user60277,DM
1773423770412,2026-03-13 17:42:50,Discord,user49636,DM
1773361486412,2026-03-13 00:24:46,Discord,user34131,Server
1773413853412,2026-03-13 14:57:33,Discord,user97189,Server
1773363999412,2026-03-13 01:06:39,Discord,user49634,Server
1773396961412,2026-03-13 10:16:01,Discord,user71085,Server
1773428846412,2026-03-13 19:07:26,Discord,user91078,Server
1773372091412,2026-03-13 03:21:31,Discord,user45873,DM
1773499509412,2026-03-14 14:45:09,WhatsApp,628884129334,Grup
1773501455412,2026-03-14 15:17:35,WhatsApp,628647245729,Grup
1773526505412,2026-03-14 22:15:05,WhatsApp,628691293230,Pribadi
1773493175412,2026-03-14 12:59:35,WhatsApp,628370641437,Grup
1773464740412,2026-03-14 05:05:40,WhatsApp,628571527792,Grup
1773521503412,2026-03-14 20:51:43,WhatsApp,628309801938,Grup
1773514243412,2026-03-14 18:50:43,WhatsApp,628750214649,Grup
1773496626412,2026-03-14 13:57:06,WhatsApp,628381528681,Grup
1773466110412,2026-03-14 05:28:30,WhatsApp,628252504495,Grup
1773449490412,2026-03-14 00:51:30,WhatsApp,628396508606,Pribadi
1773460676412,2026-03-14 03:57:56,WhatsApp,628676532080,Pribadi
1773513188412,2026-03-14 18:33:08,WhatsApp,628454709380,Grup
1773518877412,2026-03-14 20:07:57,WhatsApp,628398204081,Pribadi
1773474092412,2026-03-14 07:41:32,WhatsApp,628507927451,Pribadi
1773504076412,2026-03-14 16:01:16,WhatsApp,628761466262,Grup
1773519250412,2026-03-14 20:14:10,WhatsApp,628532269858,Grup
1773466343412,2026-03-14 05:32:23,WhatsApp,628240796810,Pribadi
1773516593412,2026-03-14 19:29:53,WhatsApp,628830787545,Pribadi
1773475277412,2026-03-14 08:01:17,WhatsApp,628509192531,Pribadi
1773469164412,2026-03-14 06:19:24,WhatsApp,628703744943,Grup
1773449572412,2026-03-14 00:52:52,WhatsApp,628727852,Pribadi
1773450764412,2026-03-14 01:12:44,WhatsApp,628998143629,Grup
1773492011412,2026-03-14 12:40:11,WhatsApp,628354338619,Pribadi
1773524820412,2026-03-14 21:47:00,WhatsApp,628565655171,Grup
1773502398412,2026-03-14 15:33:18,WhatsApp,628197244704,Grup
1773471225412,2026-03-14 06:53:45,WhatsApp,628971122701,Grup
1773498081412,2026-03-14 14:21:21,WhatsApp,628772763025,Grup
1773484375412,2026-03-14 10:32:55,WhatsApp,628901090048,Pribadi
1773478307412,2026-03-14 08:51:47,WhatsApp,628391823622,Grup
1773522067412,2026-03-14 21:01:07,WhatsApp,62863065305,Pribadi
1773453551412,2026-03-14 01:59:11,WhatsApp,628896768816,Grup
1773479667412,2026-03-14 09:14:27,WhatsApp,628160276736,Grup
1773467815412,2026-03-14 05:56:55,WhatsApp,628482913008,Grup
1773499965412,2026-03-14 14:52:45,WhatsApp,628513319511,Grup
1773493112412,2026-03-14 12:58:32,WhatsApp,628569189320,Pribadi
1773518163412,2026-03-14 19:56:03,WhatsApp,628694105668,Grup
1773457890412,2026-03-14 03:11:30,WhatsApp,628125983681,Pribadi
1773497693412,2026-03-14 14:14:53,WhatsApp,6283773872,Grup
1773512417412,2026-03-14 18:20:17,WhatsApp,628700249866,Pribadi
1773450830412,2026-03-14 01:13:50,WhatsApp,62872690573,Grup
1773463057412,2026-03-14 04:37:37,WhatsApp,628762698954,Grup
1773496240412,2026-03-14 13:50:40,WhatsApp,628741450816,Pribadi
1773468676412,2026-03-14 06:11:16,WhatsApp,628466126829,Grup
1773511488412,2026-03-14 18:04:48,WhatsApp,628998283789,Pribadi
1773467156412,2026-03-14 05:45:56,WhatsApp,628289541619,Grup
1773529958412,2026-03-14 23:12:38,WhatsApp,628264653835,Grup
1773457128412,2026-03-14 02:58:48,WhatsApp,628606496032,Pribadi
1773477980412,2026-03-14 08:46:20,WhatsApp,628610579014,Grup
1773531762412,2026-03-14 23:42:42,WhatsApp,628428288854,Grup
1773504099412,2026-03-14 16:01:39,WhatsApp,628558761338,Grup
1773462527412,2026-03-14 04:28:47,WhatsApp,628453157381,Pribadi
1773518254412,2026-03-14 19:57:34,WhatsApp,62861360669,Pribadi
1773516480412,2026-03-14 19:28:00,WhatsApp,628782462540,Pribadi
1773453168412,2026-03-14 01:52:48,WhatsApp,628738461656,Pribadi
1773507271412,2026-03-14 16:54:31,WhatsApp,628312680117,Pribadi
1773473141412,2026-03-14 07:25:41,WhatsApp,628658643799,Grup
1773512381412,2026-03-14 18:19:41,WhatsApp,628216048883,Grup
1773499012412,2026-03-14 14:36:52,WhatsApp,628627037725,Grup
1773510389412,2026-03-14 17:46:29,WhatsApp,628833673926,Grup
1773474849412,2026-03-14 07:54:09,WhatsApp,628507500181,Grup
1773483697412,2026-03-14 10:21:37,WhatsApp,628690555631,Grup
1773451532412,2026-03-14 01:25:32,WhatsApp,628819525396,Pribadi
1773519871412,2026-03-14 20:24:31,WhatsApp,6287608445,Grup
1773508942412,2026-03-14 17:22:22,WhatsApp,628529215135,Grup
1773456362412,2026-03-14 02:46:02,WhatsApp,62813628157,Pribadi
1773523564412,2026-03-14 21:26:04,WhatsApp,628152835514,Pribadi
1773531446412,2026-03-14 23:37:26,WhatsApp,628218516897,Grup
1773507213412,2026-03-14 16:53:33,WhatsApp,628554372105,Pribadi
1773477270412,2026-03-14 08:34:30,WhatsApp,628189728252,Pribadi
1773483725412,2026-03-14 10:22:05,WhatsApp,628873709203,Grup
1773523066412,2026-03-14 21:17:46,WhatsApp,628767056745,Pribadi
1773502030412,2026-03-14 15:27:10,WhatsApp,62826683807,Pribadi
1773478774412,2026-03-14 08:59:34,WhatsApp,628611913649,Grup
1773479309412,2026-03-14 09:08:29,WhatsApp,628831476381,Pribadi
1773530988412,2026-03-14 23:29:48,WhatsApp,628326424548,Pribadi
1773503810412,2026-03-14 15:56:50,WhatsApp,628362797342,Pribadi
1773477883412,2026-03-14 08:44:43,WhatsApp,628119417173,Grup
1773516427412,2026-03-14 19:27:07,WhatsApp,628608693025,Grup
1773474558412,2026-03-14 07:49:18,WhatsApp,628758598241,Grup
1773474598412,2026-03-14 07:49:58,WhatsApp,628423913779,Pribadi
1773505993412,2026-03-14 16:33:13,WhatsApp,628154117223,Grup
1773508071412,2026-03-14 17:07:51,WhatsApp,628697362606,Grup
1773487457412,2026-03-14 11:24:17,WhatsApp,62836908810,Grup
1773516906412,2026-03-14 19:35:06,WhatsApp,628109542788,Grup
1773472932412,2026-03-14 07:22:12,WhatsApp,628145359870,Grup
1773452360412,2026-03-14 01:39:20,WhatsApp,628327281860,Pribadi
1773502409412,2026-03-14 15:33:29,Discord,user33427,DM
1773514184412,2026-03-14 18:49:44,Discord,user77006,Server
1773493105412,2026-03-14 12:58:25,Discord,user25137,Server
1773464963412,2026-03-14 05:09:23,Discord,user94545,DM
1773520246412,2026-03-14 20:30:46,Discord,user22206,Server
1773479407412,2026-03-14 09:10:07,Discord,user50253,Server
1773498826412,2026-03-14 14:33:46,Discord,user18941,DM
1773528584412,2026-03-14 22:49:44,Discord,user40346,Server
1773476090412,2026-03-14 08:14:50,Discord,user45718,Server
1773450853412,2026-03-14 01:14:13,Discord,user49826,DM
1773532246412,2026-03-14 23:50:46,Discord,user46430,DM
1773486673412,2026-03-14 11:11:13,Discord,user14284,Server
1773507156412,2026-03-14 16:52:36,Discord,user35225,DM
1773490297412,2026-03-14 12:11:37,Discord,user18794,Server
1773455716412,2026-03-14 02:35:16,Discord,user80074,DM
1773473414412,2026-03-14 07:30:14,Discord,user41160,DM
1773480560412,2026-03-14 09:29:20,Discord,user66571,Server
1773469269412,2026-03-14 06:21:09,Discord,user31770,DM
1773451370412,2026-03-14 01:22:50,Discord,user57012,Server
1773459690412,2026-03-14 03:41:30,Discord,user73290,DM
1773481217412,2026-03-14 09:40:17,Discord,user2552,DM
1773472024412,2026-03-14 07:07:04,Discord,user68595,Server
1773495679412,2026-03-14 13:41:19,Discord,user6881,Server
1773522336412,2026-03-14 21:05:36,Discord,user15562,DM
1773521830412,2026-03-14 20:57:10,Discord,user87472,DM
1773519179412,2026-03-14 20:12:59,Discord,user51068,Server
1773467080412,2026-03-14 05:44:40,Discord,user81687,DM
1773553880412,2026-03-15 05:51:20,WhatsApp,628188980996,Grup
1773548137412,2026-03-15 04:15:37,WhatsApp,628727948882,Grup
1773569702412,2026-03-15 10:15:02,WhatsApp,628675624166,Grup
1773544538412,2026-03-15 03:15:38,WhatsApp,62822564321,Grup
1773543187412,2026-03-15 02:53:07,WhatsApp,6284193209,Pribadi
1773541943412,2026-03-15 02:32:23,WhatsApp,628603428755,Grup
1773607028412,2026-03-15 20:37:08,WhatsApp,628309123719,Grup
1773601623412,2026-03-15 19:07:03,WhatsApp,628590571897,Grup
1773593192412,2026-03-15 16:46:32,WhatsApp,628344025256,Grup
1773534446412,2026-03-15 00:27:26,WhatsApp,628517231022,Grup
1773569246412,2026-03-15 10:07:26,WhatsApp,628106523147,Grup
1773575892412,2026-03-15 11:58:12,WhatsApp,628927575459,Pribadi
1773555060412,2026-03-15 06:11:00,WhatsApp,628441407009,Pribadi
1773606270412,2026-03-15 20:24:30,WhatsApp,628245824276,Grup
1773541623412,2026-03-15 02:27:03,WhatsApp,62825352108,Grup
1773547093412,2026-03-15 03:58:13,WhatsApp,628163077775,Grup
1773578577412,2026-03-15 12:42:57,WhatsApp,628887653341,Grup
1773568782412,2026-03-15 09:59:42,WhatsApp,628372924324,Pribadi
1773608624412,2026-03-15 21:03:44,WhatsApp,62842754179,Grup
1773573926412,2026-03-15 11:25:26,WhatsApp,628956214319,Grup
1773603665412,2026-03-15 19:41:05,WhatsApp,628158312265,Grup
1773557654412,2026-03-15 06:54:14,WhatsApp,628930006568,Pribadi
1773571851412,2026-03-15 10:50:51,WhatsApp,628962177865,Grup
1773546832412,2026-03-15 03:53:52,WhatsApp,628382994377,Pribadi
1773570576412,2026-03-15 10:29:36,WhatsApp,628808748852,Pribadi
1773564062412,2026-03-15 08:41:02,WhatsApp,628713633766,Pribadi
1773561692412,2026-03-15 08:01:32,WhatsApp,62853761368,Grup
1773574543412,2026-03-15 11:35:43,WhatsApp,628591057338,Grup
1773588543412,2026-03-15 15:29:03,WhatsApp,628864083823,Grup
1773556056412,2026-03-15 06:27:36,WhatsApp,628834899789,Pribadi
1773550086412,2026-03-15 04:48:06,WhatsApp,628153322697,Pribadi
1773549217412,2026-03-15 04:33:37,WhatsApp,628861427957,Pribadi
1773615927412,2026-03-15 23:05:27,WhatsApp,62877243915,Grup
1773605757412,2026-03-15 20:15:57,WhatsApp,628818883551,Pribadi
1773592529412,2026-03-15 16:35:29,WhatsApp,628665822581,Grup
1773601574412,2026-03-15 19:06:14,WhatsApp,628165560788,Grup
1773595248412,2026-03-15 17:20:48,WhatsApp,628206850672,Grup
1773538405412,2026-03-15 01:33:25,WhatsApp,62850543197,Grup
1773585258412,2026-03-15 14:34:18,WhatsApp,628466541203,Grup
1773617781412,2026-03-15 23:36:21,WhatsApp,628624423243,Pribadi
1773560011412,2026-03-15 07:33:31,WhatsApp,628861439998,Pribadi
1773618535412,2026-03-15 23:48:55,WhatsApp,628198564469,Grup
1773575156412,2026-03-15 11:45:56,WhatsApp,628639531824,Grup
1773582055412,2026-03-15 13:40:55,WhatsApp,628764217952,Grup
1773607718412,2026-03-15 20:48:38,WhatsApp,628409288915,Grup
1773554698412,2026-03-15 06:04:58,WhatsApp,628902634086,Grup
1773586558412,2026-03-15 14:55:58,WhatsApp,628266405847,Grup
1773540395412,2026-03-15 02:06:35,WhatsApp,628453189847,Pribadi
1773617524412,2026-03-15 23:32:04,WhatsApp,62850788090,Grup
1773562278412,2026-03-15 08:11:18,WhatsApp,628814380245,Pribadi
1773595927412,2026-03-15 17:32:07,WhatsApp,628846433222,Grup
1773596377412,2026-03-15 17:39:37,WhatsApp,628752560335,Grup
1773562511412,2026-03-15 08:15:11,WhatsApp,628939358735,Grup
1773563846412,2026-03-15 08:37:26,WhatsApp,628524573738,Grup
1773557204412,2026-03-15 06:46:44,WhatsApp,628660563633,Grup
1773538109412,2026-03-15 01:28:29,WhatsApp,6289407860,Grup
1773612706412,2026-03-15 22:11:46,WhatsApp,628118710724,Pribadi
1773591720412,2026-03-15 16:22:00,WhatsApp,628518510699,Grup
1773566052412,2026-03-15 09:14:12,WhatsApp,628569366933,Grup
1773566509412,2026-03-15 09:21:49,WhatsApp,628527542703,Grup
1773615802412,2026-03-15 23:03:22,WhatsApp,628296754464,Grup
1773586188412,2026-03-15 14:49:48,WhatsApp,628437490291,Pribadi
1773540768412,2026-03-15 02:12:48,WhatsApp,628321931370,Grup
1773591328412,2026-03-15 16:15:28,WhatsApp,628499151281,Grup
1773534758412,2026-03-15 00:32:38,WhatsApp,628421561673,Grup
1773538864412,2026-03-15 01:41:04,WhatsApp,628498172785,Pribadi
1773541604412,2026-03-15 02:26:44,WhatsApp,628490685252,Grup
1773565246412,2026-03-15 09:00:46,WhatsApp,628465889214,Pribadi
1773608010412,2026-03-15 20:53:30,WhatsApp,628567064321,Pribadi
1773585704412,2026-03-15 14:41:44,WhatsApp,628102021769,Pribadi
1773595005412,2026-03-15 17:16:45,WhatsApp,628891294498,Pribadi
1773570457412,2026-03-15 10:27:37,WhatsApp,62834387624,Grup
1773590115412,2026-03-15 15:55:15,WhatsApp,628446844106,Pribadi
1773609354412,2026-03-15 21:15:54,WhatsApp,628802658241,Grup
1773574120412,2026-03-15 11:28:40,WhatsApp,628308128191,Grup
1773578731412,2026-03-15 12:45:31,WhatsApp,628527331804,Grup
1773582842412,2026-03-15 13:54:02,WhatsApp,628261367848,Pribadi
1773589617412,2026-03-15 15:46:57,Discord,user76097,DM
1773547707412,2026-03-15 04:08:27,Discord,user34481,Server
1773599339412,2026-03-15 18:28:59,Discord,user41008,Server
1773597377412,2026-03-15 17:56:17,Discord,user93216,Server
1773548337412,2026-03-15 04:18:57,Discord,user78931,DM
1773535755412,2026-03-15 00:49:15,Discord,user82568,DM
1773569164412,2026-03-15 10:06:04,Discord,user9628,Server
1773585430412,2026-03-15 14:37:10,Discord,user2745,DM
1773591719412,2026-03-15 16:21:59,Discord,user90220,Server
1773591100412,2026-03-15 16:11:40,Discord,user93508,DM
1773610463412,2026-03-15 21:34:23,Discord,user43022,Server
1773618208412,2026-03-15 23:43:28,Discord,user98566,Server
1773590685412,2026-03-15 16:04:45,Discord,user66763,Server
1773584597412,2026-03-15 14:23:17,Discord,user29871,DM
1773568324412,2026-03-15 09:52:04,Discord,user85756,Server
1773592049412,2026-03-15 16:27:29,Discord,user2651,Server
1773577284412,2026-03-15 12:21:24,Discord,user23308,Server
1773538453412,2026-03-15 01:34:13,Discord,user51465,Server
1773579152412,2026-03-15 12:52:32,Discord,user83172,Server
1773535878412,2026-03-15 00:51:18,Discord,user54430,DM
1773539011412,2026-03-15 01:43:31,Discord,user4738,DM
1773616434412,2026-03-15 23:13:54,Discord,user8389,Server
1773547939412,2026-03-15 04:12:19,Discord,user70050,Server
1773566106412,2026-03-15 09:15:06,Discord,user69660,Server
1773610459412,2026-03-15 21:34:19,Discord,user91123,DM
1773548446412,2026-03-15 04:20:46,Discord,user85335,Server
1773587627412,2026-03-15 15:13:47,Discord,user24236,Server
1773572815412,2026-03-15 11:06:55,Discord,user76876,Server
1773603017412,2026-03-15 19:30:17,Discord,user88646,DM
1773677828412,2026-03-16 16:17:08,WhatsApp,628240196865,Pribadi
1773635161412,2026-03-16 04:26:01,WhatsApp,628348401077,Pribadi
1773638214412,2026-03-16 05:16:54,WhatsApp,62828418178,Pribadi
1773659032412,2026-03-16 11:03:52,WhatsApp,628548325434,Grup
1773701382412,2026-03-16 22:49:42,WhatsApp,628442868008,Grup
1773660130412,2026-03-16 11:22:10,WhatsApp,628939824963,Grup
1773647509412,2026-03-16 07:51:49,WhatsApp,628186283184,Pribadi
1773628231412,2026-03-16 02:30:31,WhatsApp,628670405224,Grup
1773676696412,2026-03-16 15:58:16,WhatsApp,628564506603,Pribadi
1773679660412,2026-03-16 16:47:40,WhatsApp,628495898011,Grup
1773648304412,2026-03-16 08:05:04,WhatsApp,628219474147,Grup
1773631389412,2026-03-16 03:23:09,WhatsApp,628710463062,Grup
1773654098412,2026-03-16 09:41:38,WhatsApp,628975687710,Grup
1773626138412,2026-03-16 01:55:38,WhatsApp,628690581811,Pribadi
1773668522412,2026-03-16 13:42:02,WhatsApp,628104337593,Pribadi
1773684284412,2026-03-16 18:04:44,WhatsApp,628697278626,Pribadi
1773646281412,2026-03-16 07:31:21,WhatsApp,62843029669,Pribadi
1773698829412,2026-03-16 22:07:09,WhatsApp,628359542470,Grup
1773628898412,2026-03-16 02:41:38,WhatsApp,628826889608,Grup
1773624480412,2026-03-16 01:28:00,WhatsApp,628757169945,Pribadi
1773620711412,2026-03-16 00:25:11,WhatsApp,628930991559,Grup
1773679194412,2026-03-16 16:39:54,WhatsApp,628572000842,Grup
1773674240412,2026-03-16 15:17:20,WhatsApp,628688507821,Grup
1773686450412,2026-03-16 18:40:50,WhatsApp,628725280973,Grup
1773650799412,2026-03-16 08:46:39,WhatsApp,628576377337,Grup
1773645220412,2026-03-16 07:13:40,WhatsApp,628914354150,Grup
1773653735412,2026-03-16 09:35:35,WhatsApp,628222204875,Pribadi
1773704631412,2026-03-16 23:43:51,WhatsApp,628550949552,Grup
1773691567412,2026-03-16 20:06:07,WhatsApp,628783832330,Grup
1773671665412,2026-03-16 14:34:25,WhatsApp,62831734893,Grup
1773690744412,2026-03-16 19:52:24,WhatsApp,628534804332,Pribadi
1773636531412,2026-03-16 04:48:51,WhatsApp,628235167905,Grup
1773660576412,2026-03-16 11:29:36,WhatsApp,628758608092,Grup
1773676412412,2026-03-16 15:53:32,WhatsApp,628567067716,Grup
1773695076412,2026-03-16 21:04:36,WhatsApp,628325735241,Grup
1773627201412,2026-03-16 02:13:21,WhatsApp,628174835917,Grup
1773635265412,2026-03-16 04:27:45,WhatsApp,628332134022,Grup
1773637888412,2026-03-16 05:11:28,WhatsApp,628547477605,Grup
1773662438412,2026-03-16 12:00:38,WhatsApp,62820170111,Grup
1773645386412,2026-03-16 07:16:26,WhatsApp,62832019583,Grup
1773621864412,2026-03-16 00:44:24,WhatsApp,628558472180,Grup
1773624060412,2026-03-16 01:21:00,WhatsApp,62863240157,Grup
1773691036412,2026-03-16 19:57:16,WhatsApp,628545616864,Pribadi
1773627783412,2026-03-16 02:23:03,WhatsApp,628894868030,Grup
1773651256412,2026-03-16 08:54:16,WhatsApp,628228682784,Pribadi
1773640983412,2026-03-16 06:03:03,WhatsApp,628860531372,Grup
1773685141412,2026-03-16 18:19:01,WhatsApp,628301034518,Grup
1773688699412,2026-03-16 19:18:19,WhatsApp,62822477176,Grup
1773685572412,2026-03-16 18:26:12,WhatsApp,628272981546,Pribadi
1773632055412,2026-03-16 03:34:15,WhatsApp,628311345567,Grup
1773657368412,2026-03-16 10:36:08,WhatsApp,628188387490,Grup
1773650550412,2026-03-16 08:42:30,WhatsApp,628897976576,Pribadi
1773628235412,2026-03-16 02:30:35,WhatsApp,628996750698,Grup
1773677007412,2026-03-16 16:03:27,WhatsApp,628113794012,Pribadi
1773644916412,2026-03-16 07:08:36,WhatsApp,628681905384,Grup
1773675177412,2026-03-16 15:32:57,WhatsApp,628224333944,Pribadi
1773627393412,2026-03-16 02:16:33,WhatsApp,628908433186,Grup
1773631205412,2026-03-16 03:20:05,WhatsApp,628181630263,Pribadi
1773631230412,2026-03-16 03:20:30,WhatsApp,628143312502,Grup
1773681128412,2026-03-16 17:12:08,WhatsApp,628381854636,Grup
1773621105412,2026-03-16 00:31:45,WhatsApp,628405402245,Pribadi
1773689894412,2026-03-16 19:38:14,WhatsApp,628461587823,Pribadi
1773656267412,2026-03-16 10:17:47,WhatsApp,62846008785,Grup
1773690552412,2026-03-16 19:49:12,WhatsApp,628980276280,Grup
1773676035412,2026-03-16 15:47:15,WhatsApp,628272371331,Pribadi
1773683768412,2026-03-16 17:56:08,WhatsApp,628316550342,Grup
1773671467412,2026-03-16 14:31:07,WhatsApp,628470203063,Grup
1773664298412,2026-03-16 12:31:38,WhatsApp,628474865519,Grup
1773627435412,2026-03-16 02:17:15,WhatsApp,628254944899,Grup
1773696798412,2026-03-16 21:33:18,WhatsApp,628115005945,Grup
1773628659412,2026-03-16 02:37:39,WhatsApp,628937022790,Grup
1773638769412,2026-03-16 05:26:09,WhatsApp,628301061237,Pribadi
1773682458412,2026-03-16 17:34:18,WhatsApp,628823719448,Pribadi
1773644784412,2026-03-16 07:06:24,WhatsApp,628701705569,Pribadi
1773639801412,2026-03-16 05:43:21,WhatsApp,628892788019,Pribadi
1773686156412,2026-03-16 18:35:56,WhatsApp,628643634609,Pribadi
1773705294412,2026-03-16 23:54:54,WhatsApp,62870965389,Pribadi
1773690376412,2026-03-16 19:46:16,WhatsApp,628630470352,Pribadi
1773660976412,2026-03-16 11:36:16,WhatsApp,628517763350,Pribadi
1773632441412,2026-03-16 03:40:41,WhatsApp,628471699689,Pribadi
1773688079412,2026-03-16 19:07:59,WhatsApp,628616186932,Grup
1773651332412,2026-03-16 08:55:32,Discord,user61762,DM
1773685950412,2026-03-16 18:32:30,Discord,user481,Server
1773658238412,2026-03-16 10:50:38,Discord,user64620,Server
1773685862412,2026-03-16 18:31:02,Discord,user25416,DM
1773666970412,2026-03-16 13:16:10,Discord,user56758,DM
1773628855412,2026-03-16 02:40:55,Discord,user34770,DM
1773677253412,2026-03-16 16:07:33,Discord,user13715,Server
1773658170412,2026-03-16 10:49:30,Discord,user84718,Server
1773657759412,2026-03-16 10:42:39,Discord,user75228,DM
1773686529412,2026-03-16 18:42:09,Discord,user49470,DM
1773699034412,2026-03-16 22:10:34,Discord,user46582,DM
1773651972412,2026-03-16 09:06:12,Discord,user32786,DM
1773667702412,2026-03-16 13:28:22,Discord,user63443,Server
1773658528412,2026-03-16 10:55:28,Discord,user98524,DM
1773689058412,2026-03-16 19:24:18,Discord,user48521,Server
1773680056412,2026-03-16 16:54:16,Discord,user17406,Server
1773694922412,2026-03-16 21:02:02,Discord,user12389,Server
1773686326412,2026-03-16 18:38:46,Discord,user82138,Server
1773641113412,2026-03-16 06:05:13,Discord,user9167,Server
1773649442412,2026-03-16 08:24:02,Discord,user76116,Server
1773679554412,2026-03-16 16:45:54,Discord,user38616,DM
1773684704412,2026-03-16 18:11:44,Discord,user3799,Server
1773638087412,2026-03-16 05:14:47,Discord,user37605,DM
1773681459412,2026-03-16 17:17:39,Discord,user74966,Server
1773622475412,2026-03-16 00:54:35,Discord,user75714,Server
1773698267412,2026-03-16 21:57:47,Discord,user75350,DM
1773630973412,2026-03-16 03:16:13,Discord,user31918,DM
1773715012412,2026-03-17 02:36:52,WhatsApp,628834130206,Pribadi
1773762659412,2026-03-17 15:50:59,WhatsApp,628612229389,Pribadi
1773729614412,2026-03-17 06:40:14,WhatsApp,628819306961,Pribadi
1773761091412,2026-03-17 15:24:51,WhatsApp,628317714543,Pribadi
1773739981412,2026-03-17 09:33:01,WhatsApp,628176421353,Grup
1773751457412,2026-03-17 12:44:17,WhatsApp,628639869108,Grup
1773717462412,2026-03-17 03:17:42,WhatsApp,628650019042,Grup
1773717346412,2026-03-17 03:15:46,WhatsApp,628738006618,Pribadi
1773749344412,2026-03-17 12:09:04,WhatsApp,628178478056,Pribadi
1773745232412,2026-03-17 11:00:32,WhatsApp,62899146747,Grup
1773787311412,2026-03-17 22:41:51,WhatsApp,628699049001,Pribadi
1773788634412,2026-03-17 23:03:54,WhatsApp,628600572376,Pribadi
1773786520412,2026-03-17 22:28:40,WhatsApp,628111637612,Grup
1773744208412,2026-03-17 10:43:28,WhatsApp,628645950420,Pribadi
1773754484412,2026-03-17 13:34:44,WhatsApp,628967197450,Pribadi
1773765269412,2026-03-17 16:34:29,WhatsApp,628982167215,Pribadi
1773786400412,2026-03-17 22:26:40,WhatsApp,628663313427,Pribadi
1773715655412,2026-03-17 02:47:35,WhatsApp,628336698593,Pribadi
1773723127412,2026-03-17 04:52:07,WhatsApp,628776942560,Grup
1773755782412,2026-03-17 13:56:22,WhatsApp,628249345784,Pribadi
1773745702412,2026-03-17 11:08:22,WhatsApp,628728894583,Pribadi
1773733466412,2026-03-17 07:44:26,WhatsApp,628834170885,Pribadi
1773739579412,2026-03-17 09:26:19,WhatsApp,628647178044,Pribadi
1773741658412,2026-03-17 10:00:58,WhatsApp,628924177011,Grup
1773748105412,2026-03-17 11:48:25,WhatsApp,628632268346,Grup
1773760849412,2026-03-17 15:20:49,WhatsApp,628960411847,Grup
1773758998412,2026-03-17 14:49:58,WhatsApp,62859929670,Grup
1773754933412,2026-03-17 13:42:13,WhatsApp,628600687440,Grup
1773720494412,2026-03-17 04:08:14,WhatsApp,628534008664,Grup
1773772216412,2026-03-17 18:30:16,WhatsApp,628502985843,Grup
1773728455412,2026-03-17 06:20:55,WhatsApp,628883076208,Pribadi
1773715893412,2026-03-17 02:51:33,WhatsApp,628696232557,Pribadi
1773781764412,2026-03-17 21:09:24,WhatsApp,628118344810,Pribadi
1773747646412,2026-03-17 11:40:46,WhatsApp,628356896868,Grup
1773708032412,2026-03-17 00:40:32,WhatsApp,628732361789,Grup
1773707161412,2026-03-17 00:26:01,WhatsApp,628189550148,Grup
1773784362412,2026-03-17 21:52:42,WhatsApp,628114874525,Grup
1773740274412,2026-03-17 09:37:54,WhatsApp,628371524134,Grup
1773778162412,2026-03-17 20:09:22,WhatsApp,628277099642,Pribadi
1773772580412,2026-03-17 18:36:20,WhatsApp,628753224088,Pribadi
1773755124412,2026-03-17 13:45:24,WhatsApp,628706224535,Pribadi
1773778270412,2026-03-17 20:11:10,WhatsApp,628666982718,Pribadi
1773773963412,2026-03-17 18:59:23,WhatsApp,628845531784,Pribadi
1773712543412,2026-03-17 01:55:43,WhatsApp,628734756169,Grup
1773718435412,2026-03-17 03:33:55,WhatsApp,628562450274,Grup
1773733929412,2026-03-17 07:52:09,WhatsApp,628962813396,Grup
1773718764412,2026-03-17 03:39:24,WhatsApp,628498556016,Grup
1773768191412,2026-03-17 17:23:11,WhatsApp,628695687220,Grup
1773756824412,2026-03-17 14:13:44,WhatsApp,628840439303,Grup
1773739217412,2026-03-17 09:20:17,WhatsApp,628745412204,Pribadi
1773725973412,2026-03-17 05:39:33,WhatsApp,628389559712,Pribadi
1773746008412,2026-03-17 11:13:28,WhatsApp,62881997427,Pribadi
1773764553412,2026-03-17 16:22:33,WhatsApp,628578802096,Grup
1773706061412,2026-03-17 00:07:41,WhatsApp,628538476473,Pribadi
1773713840412,2026-03-17 02:17:20,WhatsApp,62888437291,Grup
1773779148412,2026-03-17 20:25:48,WhatsApp,628569595381,Pribadi
1773707327412,2026-03-17 00:28:47,WhatsApp,628433227317,Grup
1773780764412,2026-03-17 20:52:44,WhatsApp,628886233022,Pribadi
1773767160412,2026-03-17 17:06:00,WhatsApp,628847945300,Pribadi
1773712783412,2026-03-17 01:59:43,WhatsApp,628712942309,Grup
1773736436412,2026-03-17 08:33:56,WhatsApp,62881453108,Grup
1773711102412,2026-03-17 01:31:42,WhatsApp,628510071357,Grup
1773731496412,2026-03-17 07:11:36,WhatsApp,628926588228,Pribadi
1773753446412,2026-03-17 13:17:26,WhatsApp,628468259828,Pribadi
1773755859412,2026-03-17 13:57:39,WhatsApp,628838679756,Grup
1773771815412,2026-03-17 18:23:35,WhatsApp,628134750999,Grup
1773746121412,2026-03-17 11:15:21,WhatsApp,628331552394,Pribadi
1773730116412,2026-03-17 06:48:36,WhatsApp,62895882174,Grup
1773770593412,2026-03-17 18:03:13,WhatsApp,628716251923,Pribadi
1773756018412,2026-03-17 14:00:18,WhatsApp,628584789353,Pribadi
1773724630412,2026-03-17 05:17:10,WhatsApp,628982940942,Grup
1773771194412,2026-03-17 18:13:14,WhatsApp,628125535930,Grup
1773716336412,2026-03-17 02:58:56,WhatsApp,62851121303,Grup
1773725051412,2026-03-17 05:24:11,WhatsApp,628133146887,Pribadi
1773728665412,2026-03-17 06:24:25,WhatsApp,628712723644,Grup
1773725061412,2026-03-17 05:24:21,WhatsApp,628258059007,Grup
1773737589412,2026-03-17 08:53:09,WhatsApp,628127557956,Grup
1773771194412,2026-03-17 18:13:14,WhatsApp,628896555116,Grup
1773710580412,2026-03-17 01:23:00,WhatsApp,628241095845,Grup
1773739989412,2026-03-17 09:33:09,WhatsApp,628164506141,Grup
1773718260412,2026-03-17 03:31:00,WhatsApp,628949999682,Pribadi
1773751191412,2026-03-17 12:39:51,WhatsApp,628969561619,Grup
1773751423412,2026-03-17 12:43:43,WhatsApp,628860588274,Grup
1773777261412,2026-03-17 19:54:21,WhatsApp,628213897088,Grup
1773785196412,2026-03-17 22:06:36,WhatsApp,628835900701,Pribadi
1773744930412,2026-03-17 10:55:30,Discord,user80019,Server
1773753161412,2026-03-17 13:12:41,Discord,user11640,DM
1773762638412,2026-03-17 15:50:38,Discord,user63215,DM
1773764909412,2026-03-17 16:28:29,Discord,user33775,Server
1773745053412,2026-03-17 10:57:33,Discord,user35432,Server
1773787784412,2026-03-17 22:49:44,Discord,user59429,DM
1773715779412,2026-03-17 02:49:39,Discord,user61635,Server
1773787008412,2026-03-17 22:36:48,Discord,user27201,DM
1773769231412,2026-03-17 17:40:31,Discord,user89758,Server
1773733375412,2026-03-17 07:42:55,Discord,user73705,DM
1773750425412,2026-03-17 12:27:05,Discord,user79539,Server
1773720032412,2026-03-17 04:00:32,Discord,user85997,Server
1773737594412,2026-03-17 08:53:14,Discord,user12036,Server
1773752995412,2026-03-17 13:09:55,Discord,user26579,Server
1773713395412,2026-03-17 02:09:55,Discord,user33914,Server
1773745892412,2026-03-17 11:11:32,Discord,user86806,Server
1773765114412,2026-03-17 16:31:54,Discord,user58836,Server
1773784514412,2026-03-17 21:55:14,Discord,user42414,DM
1773722982412,2026-03-17 04:49:42,Discord,user47516,DM
1773726941412,2026-03-17 05:55:41,Discord,user37021,Server
1773710917412,2026-03-17 01:28:37,Discord,user73223,DM
1773764122412,2026-03-17 16:15:22,Discord,user37333,DM
1773777800412,2026-03-17 20:03:20,Discord,user87247,DM
1773728566412,2026-03-17 06:22:46,Discord,user87688,Server
1773732283412,2026-03-17 07:24:43,Discord,user39546,Server
1773750874412,2026-03-17 12:34:34,Discord,user29395,Server
1773732324412,2026-03-17 07:25:24,Discord,user14260,Server
1773840706412,2026-03-18 13:31:46,WhatsApp,62855304982,Pribadi
1773872707412,2026-03-18 22:25:07,WhatsApp,628430474871,Grup
1773816627412,2026-03-18 06:50:27,WhatsApp,628987684119,Pribadi
1773866186412,2026-03-18 20:36:26,WhatsApp,6286573465,Pribadi
1773801721412,2026-03-18 02:42:01,WhatsApp,628817211108,Grup
1773855697412,2026-03-18 17:41:37,WhatsApp,628321905869,Grup
1773810786412,2026-03-18 05:13:06,WhatsApp,628823665887,Grup
1773849179412,2026-03-18 15:52:59,WhatsApp,628857459570,Pribadi
1773878296412,2026-03-18 23:58:16,WhatsApp,628367702681,Grup
1773822000412,2026-03-18 08:20:00,WhatsApp,628359574039,Grup
1773850061412,2026-03-18 16:07:41,WhatsApp,628503242448,Grup
1773850709412,2026-03-18 16:18:29,WhatsApp,628400606860,Grup
1773853754412,2026-03-18 17:09:14,WhatsApp,628281465143,Grup
1773861701412,2026-03-18 19:21:41,WhatsApp,628785607314,Grup
1773871687412,2026-03-18 22:08:07,WhatsApp,6285264913,Pribadi
1773804374412,2026-03-18 03:26:14,WhatsApp,628649699540,Pribadi
1773796377412,2026-03-18 01:12:57,WhatsApp,628638745729,Grup
1773800028412,2026-03-18 02:13:48,WhatsApp,628723071836,Pribadi
1773850256412,2026-03-18 16:10:56,WhatsApp,628649868021,Pribadi
1773799395412,2026-03-18 02:03:15,WhatsApp,628540311562,Pribadi
1773865160412,2026-03-18 20:19:20,WhatsApp,628897466784,Grup
1773796096412,2026-03-18 01:08:16,WhatsApp,628319142477,Pribadi
1773808836412,2026-03-18 04:40:36,WhatsApp,628448056098,Pribadi
1773863777412,2026-03-18 19:56:17,WhatsApp,62885836954,Grup
1773797218412,2026-03-18 01:26:58,WhatsApp,62885806931,Pribadi
1773854182412,2026-03-18 17:16:22,WhatsApp,628522725371,Grup
1773862272412,2026-03-18 19:31:12,WhatsApp,628908760641,Pribadi
1773824218412,2026-03-18 08:56:58,WhatsApp,628352169612,Grup
1773814526412,2026-03-18 06:15:26,WhatsApp,628554127428,Pribadi
1773811364412,2026-03-18 05:22:44,WhatsApp,628968562137,Pribadi
1773836593412,2026-03-18 12:23:13,WhatsApp,628321886980,Grup
1773877898412,2026-03-18 23:51:38,WhatsApp,628506662198,Grup
1773873713412,2026-03-18 22:41:53,WhatsApp,628460628901,Grup
1773847217412,2026-03-18 15:20:17,WhatsApp,628684033388,Pribadi
1773818827412,2026-03-18 07:27:07,WhatsApp,628934514556,Grup
1773806050412,2026-03-18 03:54:10,WhatsApp,628608480127,Grup
1773813204412,2026-03-18 05:53:24,WhatsApp,628422974023,Pribadi
1773801046412,2026-03-18 02:30:46,WhatsApp,628164013619,Pribadi
1773830712412,2026-03-18 10:45:12,WhatsApp,628479666210,Grup
1773836430412,2026-03-18 12:20:30,WhatsApp,628549115377,Grup
1773850075412,2026-03-18 16:07:55,WhatsApp,628814638887,Grup
1773877374412,2026-03-18 23:42:54,WhatsApp,628970660742,Grup
1773798307412,2026-03-18 01:45:07,WhatsApp,62873583920,Grup
1773818660412,2026-03-18 07:24:20,WhatsApp,628335143570,Pribadi
1773860250412,2026-03-18 18:57:30,WhatsApp,628754675451,Grup
1773858451412,2026-03-18 18:27:31,WhatsApp,628146223598,Grup
1773841866412,2026-03-18 13:51:06,WhatsApp,628416487706,Grup
1773866311412,2026-03-18 20:38:31,WhatsApp,628778262419,Pribadi
1773862694412,2026-03-18 19:38:14,WhatsApp,628399445027,Grup
1773865308412,2026-03-18 20:21:48,WhatsApp,628237910916,Grup
1773815546412,2026-03-18 06:32:26,WhatsApp,628518564054,Grup
1773849554412,2026-03-18 15:59:14,WhatsApp,628925868381,Pribadi
1773812518412,2026-03-18 05:41:58,WhatsApp,628511251483,Pribadi
1773804535412,2026-03-18 03:28:55,WhatsApp,628414465167,Pribadi
1773821664412,2026-03-18 08:14:24,WhatsApp,628966795258,Grup
1773804801412,2026-03-18 03:33:21,WhatsApp,628371528579,Pribadi
1773827045412,2026-03-18 09:44:05,WhatsApp,628627003081,Grup
1773793355412,2026-03-18 00:22:35,WhatsApp,628117721172,Pribadi
1773793918412,2026-03-18 00:31:58,WhatsApp,628133289010,Grup
1773851970412,2026-03-18 16:39:30,WhatsApp,628490784448,Grup
1773872989412,2026-03-18 22:29:49,WhatsApp,628159448502,Pribadi
1773814235412,2026-03-18 06:10:35,WhatsApp,628953288079,Pribadi
1773837390412,2026-03-18 12:36:30,WhatsApp,62821516904,Pribadi
1773801376412,2026-03-18 02:36:16,WhatsApp,62877060026,Pribadi
1773832633412,2026-03-18 11:17:13,WhatsApp,628129181527,Pribadi
1773799308412,2026-03-18 02:01:48,WhatsApp,628505850902,Grup
1773869916412,2026-03-18 21:38:36,WhatsApp,628512431832,Grup
1773811994412,2026-03-18 05:33:14,WhatsApp,62875994662,Pribadi
1773827369412,2026-03-18 09:49:29,WhatsApp,628315574289,Pribadi
1773871272412,2026-03-18 22:01:12,WhatsApp,628204031789,Grup
1773856619412,2026-03-18 17:56:59,WhatsApp,628331759726,Grup
1773812868412,2026-03-18 05:47:48,WhatsApp,628112000108,Grup
1773792595412,2026-03-18 00:09:55,WhatsApp,628755870392,Pribadi
1773838764412,2026-03-18 12:59:24,WhatsApp,628591937489,Pribadi
1773841367412,2026-03-18 13:42:47,WhatsApp,628703892066,Grup
1773834043412,2026-03-18 11:40:43,WhatsApp,628632597973,Grup
1773834554412,2026-03-18 11:49:14,WhatsApp,628540085456,Grup
1773840298412,2026-03-18 13:24:58,WhatsApp,628550621597,Grup
1773862503412,2026-03-18 19:35:03,WhatsApp,628116181568,Grup
1773810246412,2026-03-18 05:04:06,WhatsApp,628328355901,Grup
1773802479412,2026-03-18 02:54:39,WhatsApp,628850076750,Grup
1773872986412,2026-03-18 22:29:46,WhatsApp,628936306837,Pribadi
1773849967412,2026-03-18 16:06:07,WhatsApp,628205116270,Grup
1773870975412,2026-03-18 21:56:15,WhatsApp,628507280513,Grup
1773855212412,2026-03-18 17:33:32,WhatsApp,62826244696,Grup
1773836323412,2026-03-18 12:18:43,WhatsApp,628161915191,Grup
1773871743412,2026-03-18 22:09:03,WhatsApp,628312903634,Grup
1773826191412,2026-03-18 09:29:51,WhatsApp,628972673061,Pribadi
1773845393412,2026-03-18 14:49:53,WhatsApp,628182731387,Pribadi
1773876868412,2026-03-18 23:34:28,WhatsApp,62886424365,Grup
1773843723412,2026-03-18 14:22:03,WhatsApp,628378833958,Grup
1773831711412,2026-03-18 11:01:51,WhatsApp,628640631163,Grup
1773802551412,2026-03-18 02:55:51,WhatsApp,628847502475,Pribadi
1773851076412,2026-03-18 16:24:36,WhatsApp,628839506190,Pribadi
1773809897412,2026-03-18 04:58:17,WhatsApp,628373866840,Pribadi
1773820887412,2026-03-18 08:01:27,Discord,user89703,Server
1773842207412,2026-03-18 13:56:47,Discord,user83367,Server
1773850159412,2026-03-18 16:09:19,Discord,user45893,Server
1773868236412,2026-03-18 21:10:36,Discord,user97342,DM
1773833004412,2026-03-18 11:23:24,Discord,user48169,Server
1773844193412,2026-03-18 14:29:53,Discord,user17703,DM
1773845140412,2026-03-18 14:45:40,Discord,user35159,DM
1773794341412,2026-03-18 00:39:01,Discord,user82293,Server
1773819285412,2026-03-18 07:34:45,Discord,user90926,DM
1773867259412,2026-03-18 20:54:19,Discord,user58324,DM
1773800946412,2026-03-18 02:29:06,Discord,user69047,DM
1773808593412,2026-03-18 04:36:33,Discord,user72701,DM
1773799909412,2026-03-18 02:11:49,Discord,user37897,Server
1773849435412,2026-03-18 15:57:15,Discord,user50836,Server
1773844892412,2026-03-18 14:41:32,Discord,user45119,DM
1773861224412,2026-03-18 19:13:44,Discord,user39357,DM
1773796756412,2026-03-18 01:19:16,Discord,user76768,DM
1773852614412,2026-03-18 16:50:14,Discord,user86433,Server
1773849460412,2026-03-18 15:57:40,Discord,user39128,DM
1773797675412,2026-03-18 01:34:35,Discord,user51338,DM
1773805237412,2026-03-18 03:40:37,Discord,user60307,DM
1773799335412,2026-03-18 02:02:15,Discord,user95109,DM
1773798181412,2026-03-18 01:43:01,Discord,user83878,Server
1773800797412,2026-03-18 02:26:37,Discord,user93827,DM
1773824602412,2026-03-18 09:03:22,Discord,user81383,Server
1773875669412,2026-03-18 23:14:29,Discord,user50694,Server
1773822587412,2026-03-18 08:29:47,Discord,user46010,DM
1773864160412,2026-03-18 20:02:40,Discord,user36318,Server
1773808551412,2026-03-18 04:35:51,Discord,user44062,Server
1773809507412,2026-03-18 04:51:47,Discord,user87291,Server
1773858331412,2026-03-18 18:25:31,Discord,user19163,Server
1773804112412,2026-03-18 03:21:52,Discord,user700,Server
1773814864412,2026-03-18 06:21:04,Discord,user9542,DM
1773952902412,2026-03-19 20:41:42,WhatsApp,628752756038,Pribadi
1773944417412,2026-03-19 18:20:17,WhatsApp,628450825200,Grup
1773891657412,2026-03-19 03:40:57,WhatsApp,628748061009,Grup
1773883709412,2026-03-19 01:28:29,WhatsApp,628276800146,Grup
1773913978412,2026-03-19 09:52:58,WhatsApp,628867621088,Pribadi
1773908343412,2026-03-19 08:19:03,WhatsApp,628415381831,Pribadi
1773899681412,2026-03-19 05:54:41,WhatsApp,628688320376,Grup
1773899841412,2026-03-19 05:57:21,WhatsApp,628619897248,Grup
1773909601412,2026-03-19 08:40:01,WhatsApp,628247269133,Grup
1773915846412,2026-03-19 10:24:06,WhatsApp,628177584927,Pribadi
1773892115412,2026-03-19 03:48:35,WhatsApp,628217171435,Grup
1773947306412,2026-03-19 19:08:26,WhatsApp,628238900457,Pribadi
1773900480412,2026-03-19 06:08:00,WhatsApp,628371400824,Grup
1773895924412,2026-03-19 04:52:04,WhatsApp,628790308947,Pribadi
1773895865412,2026-03-19 04:51:05,WhatsApp,628329809572,Grup
1773882406412,2026-03-19 01:06:46,WhatsApp,62883757879,Grup
1773918784412,2026-03-19 11:13:04,WhatsApp,628393971743,Pribadi
1773927326412,2026-03-19 13:35:26,WhatsApp,628260563675,Grup
1773935734412,2026-03-19 15:55:34,WhatsApp,628413902113,Grup
1773941765412,2026-03-19 17:36:05,WhatsApp,628293285358,Grup
1773955217412,2026-03-19 21:20:17,WhatsApp,62857426475,Grup
1773900781412,2026-03-19 06:13:01,WhatsApp,628959070359,Grup
1773920267412,2026-03-19 11:37:47,WhatsApp,628843362425,Grup
1773891510412,2026-03-19 03:38:30,WhatsApp,628947256049,Grup
1773932473412,2026-03-19 15:01:13,WhatsApp,62884021713,Pribadi
1773939258412,2026-03-19 16:54:18,WhatsApp,628243358312,Pribadi
1773915945412,2026-03-19 10:25:45,WhatsApp,628907673312,Grup
1773929196412,2026-03-19 14:06:36,WhatsApp,628618463834,Grup
1773953143412,2026-03-19 20:45:43,WhatsApp,628953474174,Pribadi
1773896959412,2026-03-19 05:09:19,WhatsApp,628452005026,Grup
1773954884412,2026-03-19 21:14:44,WhatsApp,628985367291,Grup
1773949371412,2026-03-19 19:42:51,WhatsApp,628715160386,Pribadi
1773891261412,2026-03-19 03:34:21,WhatsApp,628923812868,Grup
1773946707412,2026-03-19 18:58:27,WhatsApp,628707918582,Grup
1773914845412,2026-03-19 10:07:25,WhatsApp,628882746831,Grup
1773882114412,2026-03-19 01:01:54,WhatsApp,628390291770,Pribadi
1773957358412,2026-03-19 21:55:58,WhatsApp,628306965273,Grup
1773960372412,2026-03-19 22:46:12,WhatsApp,628971257144,Grup
1773964674412,2026-03-19 23:57:54,WhatsApp,628386391311,Grup
1773880957412,2026-03-19 00:42:37,WhatsApp,628825831333,Pribadi
1773882452412,2026-03-19 01:07:32,WhatsApp,628563664311,Grup
1773920148412,2026-03-19 11:35:48,WhatsApp,628951468094,Grup
1773926764412,2026-03-19 13:26:04,WhatsApp,628957163332,Pribadi
1773909653412,2026-03-19 08:40:53,WhatsApp,628852181528,Grup
1773910462412,2026-03-19 08:54:22,WhatsApp,628989068462,Pribadi
1773894466412,2026-03-19 04:27:46,WhatsApp,62869641560,Pribadi
1773937383412,2026-03-19 16:23:03,WhatsApp,6283168746,Pribadi
1773899395412,2026-03-19 05:49:55,WhatsApp,628927018378,Grup
1773914642412,2026-03-19 10:04:02,WhatsApp,628652945766,Grup
1773929847412,2026-03-19 14:17:27,WhatsApp,628615596324,Grup
1773909915412,2026-03-19 08:45:15,WhatsApp,628883051291,Grup
1773921470412,2026-03-19 11:57:50,WhatsApp,628533905392,Pribadi
1773905449412,2026-03-19 07:30:49,WhatsApp,628776733221,Grup
1773927116412,2026-03-19 13:31:56,WhatsApp,628889272299,Grup
1773921060412,2026-03-19 11:51:00,WhatsApp,628704829609,Grup
1773882265412,2026-03-19 01:04:25,WhatsApp,628244878239,Grup
1773959563412,2026-03-19 22:32:43,WhatsApp,628695229121,Grup
1773954435412,2026-03-19 21:07:15,WhatsApp,628698637550,Grup
1773923603412,2026-03-19 12:33:23,WhatsApp,628972287228,Grup
1773908238412,2026-03-19 08:17:18,WhatsApp,628144408098,Grup
1773931619412,2026-03-19 14:46:59,WhatsApp,628414513942,Grup
1773910145412,2026-03-19 08:49:05,WhatsApp,628137674360,Pribadi
1773935110412,2026-03-19 15:45:10,WhatsApp,628719995079,Grup
1773896605412,2026-03-19 05:03:25,WhatsApp,628891883609,Grup
1773949732412,2026-03-19 19:48:52,WhatsApp,628394204550,Grup
1773923580412,2026-03-19 12:33:00,WhatsApp,628479543332,Grup
1773933562412,2026-03-19 15:19:22,WhatsApp,628221219558,Pribadi
1773899303412,2026-03-19 05:48:23,WhatsApp,628489071009,Grup
1773888390412,2026-03-19 02:46:30,WhatsApp,628610742050,Grup
1773902447412,2026-03-19 06:40:47,WhatsApp,628526426397,Grup
1773897785412,2026-03-19 05:23:05,WhatsApp,628367241511,Pribadi
1773902717412,2026-03-19 06:45:17,WhatsApp,628280707279,Pribadi
1773885395412,2026-03-19 01:56:35,WhatsApp,628823398380,Grup
1773915501412,2026-03-19 10:18:21,WhatsApp,628755026553,Pribadi
1773958217412,2026-03-19 22:10:17,WhatsApp,628485052741,Grup
1773936203412,2026-03-19 16:03:23,WhatsApp,628475003511,Pribadi
1773896604412,2026-03-19 05:03:24,WhatsApp,62893009972,Pribadi
1773881243412,2026-03-19 00:47:23,WhatsApp,628668924753,Pribadi
1773884100412,2026-03-19 01:35:00,WhatsApp,628756397800,Pribadi
1773887982412,2026-03-19 02:39:42,WhatsApp,628131595746,Grup
1773914955412,2026-03-19 10:09:15,WhatsApp,628674253639,Grup
1773926918412,2026-03-19 13:28:38,WhatsApp,628728263455,Grup
1773927237412,2026-03-19 13:33:57,WhatsApp,628376375796,Grup
1773904669412,2026-03-19 07:17:49,WhatsApp,628279238541,Pribadi
1773886941412,2026-03-19 02:22:21,WhatsApp,628137407357,Pribadi
1773943022412,2026-03-19 17:57:02,WhatsApp,62831193525,Pribadi
1773879317412,2026-03-19 00:15:17,Discord,user77769,DM
1773956972412,2026-03-19 21:49:32,Discord,user33127,Server
1773948628412,2026-03-19 19:30:28,Discord,user68042,Server
1773959155412,2026-03-19 22:25:55,Discord,user19801,Server
1773899448412,2026-03-19 05:50:48,Discord,user86490,Server
1773897370412,2026-03-19 05:16:10,Discord,user59591,DM
1773932422412,2026-03-19 15:00:22,Discord,user38303,Server
1773905228412,2026-03-19 07:27:08,Discord,user15209,DM
1773895593412,2026-03-19 04:46:33,Discord,user43241,DM
1773884678412,2026-03-19 01:44:38,Discord,user89032,Server
1773921103412,2026-03-19 11:51:43,Discord,user36812,DM
1773887031412,2026-03-19 02:23:51,Discord,user16470,Server
1773895402412,2026-03-19 04:43:22,Discord,user27738,DM
1773944828412,2026-03-19 18:27:08,Discord,user85077,Server
1773954132412,2026-03-19 21:02:12,Discord,user63322,Server
1773908923412,2026-03-19 08:28:43,Discord,user59669,DM
1773906150412,2026-03-19 07:42:30,Discord,user75890,Server
1773922946412,2026-03-19 12:22:26,Discord,user45190,Server
1773923903412,2026-03-19 12:38:23,Discord,user6245,Server
1773958006412,2026-03-19 22:06:46,Discord,user63238,Server
1773902107412,2026-03-19 06:35:07,Discord,user93668,Server
1773942228412,2026-03-19 17:43:48,Discord,user85419,Server
1773910967412,2026-03-19 09:02:47,Discord,user13451,DM
1773907825412,2026-03-19 08:10:25,Discord,user10785,DM
1773921566412,2026-03-19 11:59:26,Discord,user97081,DM
1773956430412,2026-03-19 21:40:30,Discord,user40945,DM
1773892426412,2026-03-19 03:53:46,Discord,user73893,Server
1773904617412,2026-03-19 07:16:57,Discord,user6628,Server
1773896970412,2026-03-19 05:09:30,Discord,user58127,Server
1773939220412,2026-03-19 16:53:40,Discord,user13064,DM
1773904687412,2026-03-19 07:18:07,Discord,user52202,Server
1774020721412,2026-03-20 15:32:01,WhatsApp,628666312987,Grup
1774013536412,2026-03-20 13:32:16,WhatsApp,628814886428,Grup
1773989299412,2026-03-20 06:48:19,WhatsApp,628447931553,Pribadi
1774044415412,2026-03-20 22:06:55,WhatsApp,628905542953,Grup
1774024078412,2026-03-20 16:27:58,WhatsApp,628331382491,Grup
1773978475412,2026-03-20 03:47:55,WhatsApp,628526684252,Grup
1774032062412,2026-03-20 18:41:02,WhatsApp,628117667552,Grup
1774045199412,2026-03-20 22:19:59,WhatsApp,628373927817,Pribadi
1774028936412,2026-03-20 17:48:56,WhatsApp,628963390760,Grup
1773967593412,2026-03-20 00:46:33,WhatsApp,628180125992,Grup
1774043361412,2026-03-20 21:49:21,WhatsApp,628205803551,Pribadi
1773989915412,2026-03-20 06:58:35,WhatsApp,628149100800,Grup
1774045780412,2026-03-20 22:29:40,WhatsApp,628703810839,Pribadi
1773977888412,2026-03-20 03:38:08,WhatsApp,62846552039,Grup
1773992238412,2026-03-20 07:37:18,WhatsApp,628669982836,Pribadi
1774004388412,2026-03-20 10:59:48,WhatsApp,628878369243,Grup
1774026039412,2026-03-20 17:00:39,WhatsApp,628551412757,Pribadi
1774030738412,2026-03-20 18:18:58,WhatsApp,628191972308,Grup
1773973749412,2026-03-20 02:29:09,WhatsApp,628136750743,Pribadi
1774042343412,2026-03-20 21:32:23,WhatsApp,628842957773,Grup
1774014860412,2026-03-20 13:54:20,WhatsApp,628618507356,Pribadi
1773967017412,2026-03-20 00:36:57,WhatsApp,628737846336,Grup
1774029623412,2026-03-20 18:00:23,WhatsApp,628756294585,Grup
1774004337412,2026-03-20 10:58:57,WhatsApp,628514418820,Grup
1773993272412,2026-03-20 07:54:32,WhatsApp,628364572434,Grup
1774007524412,2026-03-20 11:52:04,WhatsApp,628919844889,Grup
1774029043412,2026-03-20 17:50:43,WhatsApp,628756452198,Grup
1774036116412,2026-03-20 19:48:36,WhatsApp,628730357012,Grup
1773981184412,2026-03-20 04:33:04,WhatsApp,628978551804,Grup
1773978174412,2026-03-20 03:42:54,WhatsApp,628925019353,Grup
1774032006412,2026-03-20 18:40:06,WhatsApp,628256095999,Grup
1774029173412,2026-03-20 17:52:53,WhatsApp,628885399807,Grup
1773975595412,2026-03-20 02:59:55,WhatsApp,628191088516,Grup
1773985675412,2026-03-20 05:47:55,WhatsApp,628424445759,Grup
1774007716412,2026-03-20 11:55:16,WhatsApp,628708482096,Pribadi
1774019637412,2026-03-20 15:13:57,WhatsApp,628699553174,Pribadi
1773970936412,2026-03-20 01:42:16,WhatsApp,628693154342,Grup
1774014097412,2026-03-20 13:41:37,WhatsApp,628403731837,Grup
1774007816412,2026-03-20 11:56:56,WhatsApp,628221462976,Grup
1773986466412,2026-03-20 06:01:06,WhatsApp,628677959242,Grup
1774048115412,2026-03-20 23:08:35,WhatsApp,628868566026,Grup
1774035151412,2026-03-20 19:32:31,WhatsApp,62851924030,Grup
1773966831412,2026-03-20 00:33:51,WhatsApp,628532607418,Grup
1773996729412,2026-03-20 08:52:09,WhatsApp,628355975141,Grup
1773971210412,2026-03-20 01:46:50,WhatsApp,62815410782,Grup
1773967359412,2026-03-20 00:42:39,WhatsApp,628518614681,Grup
1774016761412,2026-03-20 14:26:01,WhatsApp,62824525142,Grup
1774046143412,2026-03-20 22:35:43,WhatsApp,628320226768,Pribadi
1773981608412,2026-03-20 04:40:08,WhatsApp,62831061608,Grup
1774030798412,2026-03-20 18:19:58,WhatsApp,628987031248,Pribadi
1774027631412,2026-03-20 17:27:11,WhatsApp,628171720230,Grup
1773995367412,2026-03-20 08:29:27,WhatsApp,628549424011,Pribadi
1774010686412,2026-03-20 12:44:46,WhatsApp,628317298551,Grup
1774011015412,2026-03-20 12:50:15,WhatsApp,628843770997,Grup
1774050862412,2026-03-20 23:54:22,WhatsApp,628116471786,Pribadi
1774017990412,2026-03-20 14:46:30,WhatsApp,628600920967,Grup
1774026263412,2026-03-20 17:04:23,WhatsApp,628769125941,Grup
1774035609412,2026-03-20 19:40:09,WhatsApp,628954743895,Grup
1774009591412,2026-03-20 12:26:31,WhatsApp,628356789591,Grup
1774006161412,2026-03-20 11:29:21,WhatsApp,62820853655,Grup
1773995531412,2026-03-20 08:32:11,WhatsApp,628220243214,Grup
1774009065412,2026-03-20 12:17:45,WhatsApp,628954961942,Pribadi
1774005496412,2026-03-20 11:18:16,WhatsApp,628743750933,Grup
1774033561412,2026-03-20 19:06:01,WhatsApp,628140636452,Pribadi
1774040166412,2026-03-20 20:56:06,WhatsApp,628943582503,Pribadi
1774026728412,2026-03-20 17:12:08,WhatsApp,628585068416,Grup
1773985607412,2026-03-20 05:46:47,WhatsApp,628442071440,Grup
1774036060412,2026-03-20 19:47:40,WhatsApp,628875735036,Grup
1773999406412,2026-03-20 09:36:46,WhatsApp,628484404255,Grup
1774037020412,2026-03-20 20:03:40,WhatsApp,628595739227,Grup
1773994217412,2026-03-20 08:10:17,WhatsApp,628608419990,Pribadi
1773983435412,2026-03-20 05:10:35,WhatsApp,628459345517,Grup
1774014454412,2026-03-20 13:47:34,WhatsApp,628907549876,Pribadi
1774041229412,2026-03-20 21:13:49,WhatsApp,628137859891,Pribadi
1773971286412,2026-03-20 01:48:06,WhatsApp,628559994628,Grup
1774023329412,2026-03-20 16:15:29,WhatsApp,628687660454,Pribadi
1773975008412,2026-03-20 02:50:08,WhatsApp,628484868423,Grup
1774029901412,2026-03-20 18:05:01,WhatsApp,628699549777,Grup
1774032931412,2026-03-20 18:55:31,WhatsApp,628926191206,Grup
1773987304412,2026-03-20 06:15:04,WhatsApp,628267052785,Grup
1773993081412,2026-03-20 07:51:21,WhatsApp,628426444216,Grup
1773992234412,2026-03-20 07:37:14,WhatsApp,628691897287,Grup
1774007373412,2026-03-20 11:49:33,WhatsApp,628531964111,Pribadi
1773971895412,2026-03-20 01:58:15,WhatsApp,62887338283,Grup
1774018854412,2026-03-20 15:00:54,WhatsApp,628329451114,Grup
1774020398412,2026-03-20 15:26:38,WhatsApp,628722129504,Pribadi
1774000527412,2026-03-20 09:55:27,WhatsApp,628437372319,Grup
1773981656412,2026-03-20 04:40:56,WhatsApp,628465092996,Pribadi
1774031561412,2026-03-20 18:32:41,WhatsApp,628954490136,Grup
1773968691412,2026-03-20 01:04:51,Discord,user48627,Server
1773984221412,2026-03-20 05:23:41,Discord,user20841,DM
1774043709412,2026-03-20 21:55:09,Discord,user91710,Server
1773987763412,2026-03-20 06:22:43,Discord,user78552,DM
1773990551412,2026-03-20 07:09:11,Discord,user72962,Server
1774040210412,2026-03-20 20:56:50,Discord,user44996,Server
1774017184412,2026-03-20 14:33:04,Discord,user46506,DM
1774006806412,2026-03-20 11:40:06,Discord,user49753,Server
1774048066412,2026-03-20 23:07:46,Discord,user96578,Server
1774016514412,2026-03-20 14:21:54,Discord,user65684,DM
1774038592412,2026-03-20 20:29:52,Discord,user25526,Server
1774033463412,2026-03-20 19:04:23,Discord,user28047,Server
1773988573412,2026-03-20 06:36:13,Discord,user60694,Server
1773971025412,2026-03-20 01:43:45,Discord,user65297,DM
1773973686412,2026-03-20 02:28:06,Discord,user53488,Server
1774030234412,2026-03-20 18:10:34,Discord,user98225,Server
1773967728412,2026-03-20 00:48:48,Discord,user3091,DM
1774024854412,2026-03-20 16:40:54,Discord,user12064,DM
1773964843412,2026-03-20 00:00:43,Discord,user15303,Server
1773967646412,2026-03-20 00:47:26,Discord,user84295,Server
1773997610412,2026-03-20 09:06:50,Discord,user78106,Server
1774045648412,2026-03-20 22:27:28,Discord,user75546,DM
1774007055412,2026-03-20 11:44:15,Discord,user29856,DM
1774042922412,2026-03-20 21:42:02,Discord,user92502,Server
1773999505412,2026-03-20 09:38:25,Discord,user5061,DM
1774020743412,2026-03-20 15:32:23,Discord,user29856,Server
1774012749412,2026-03-20 13:19:09,Discord,user76254,DM
1774034075412,2026-03-20 19:14:35,Discord,user28163,Server
1774086898412,2026-03-21 09:54:58,WhatsApp,628838012138,Grup
1774124412412,2026-03-21 20:20:12,WhatsApp,628294320672,Grup
1774086233412,2026-03-21 09:43:53,WhatsApp,628272959820,Pribadi
1774129608412,2026-03-21 21:46:48,WhatsApp,628486181086,Pribadi
1774059667412,2026-03-21 02:21:07,WhatsApp,628763786134,Grup
1774056546412,2026-03-21 01:29:06,WhatsApp,62862443112,Grup
1774109248412,2026-03-21 16:07:28,WhatsApp,628341418882,Pribadi
1774118905412,2026-03-21 18:48:25,WhatsApp,628345715194,Pribadi
1774089266412,2026-03-21 10:34:26,WhatsApp,628732315971,Pribadi
1774072256412,2026-03-21 05:50:56,WhatsApp,628827727268,Grup
1774059868412,2026-03-21 02:24:28,WhatsApp,628901006302,Pribadi
1774078133412,2026-03-21 07:28:53,WhatsApp,628387809128,Pribadi
1774093088412,2026-03-21 11:38:08,WhatsApp,628793426997,Grup
1774076318412,2026-03-21 06:58:38,WhatsApp,628865464933,Grup
1774072563412,2026-03-21 05:56:03,WhatsApp,628625427759,Grup
1774081778412,2026-03-21 08:29:38,WhatsApp,628664041109,Grup
1774056073412,2026-03-21 01:21:13,WhatsApp,628605241524,Pribadi
1774128120412,2026-03-21 21:22:00,WhatsApp,628581929224,Grup
1774105832412,2026-03-21 15:10:32,WhatsApp,628427291673,Grup
1774091924412,2026-03-21 11:18:44,WhatsApp,628497935647,Pribadi
1774075356412,2026-03-21 06:42:36,WhatsApp,628431967769,Grup
1774121470412,2026-03-21 19:31:10,WhatsApp,628476211458,Pribadi
1774065341412,2026-03-21 03:55:41,WhatsApp,628163230686,Grup
1774062694412,2026-03-21 03:11:34,WhatsApp,628202683924,Pribadi
1774074835412,2026-03-21 06:33:55,WhatsApp,628399021765,Grup
1774062205412,2026-03-21 03:03:25,WhatsApp,62897050026,Grup
1774080938412,2026-03-21 08:15:38,WhatsApp,628946033693,Grup
1774079428412,2026-03-21 07:50:28,WhatsApp,628736887629,Grup
1774077238412,2026-03-21 07:13:58,WhatsApp,628184553901,Grup
1774083926412,2026-03-21 09:05:26,WhatsApp,628347993148,Pribadi
1774061862412,2026-03-21 02:57:42,WhatsApp,628236818259,Pribadi
1774093005412,2026-03-21 11:36:45,WhatsApp,628885748937,Grup
1774114590412,2026-03-21 17:36:30,WhatsApp,628601040732,Pribadi
1774074227412,2026-03-21 06:23:47,WhatsApp,628656699751,Grup
1774071513412,2026-03-21 05:38:33,WhatsApp,62889077195,Pribadi
1774093510412,2026-03-21 11:45:10,WhatsApp,628991987358,Grup
1774060237412,2026-03-21 02:30:37,WhatsApp,62837621647,Grup
1774131419412,2026-03-21 22:16:59,WhatsApp,628190500844,Pribadi
1774076508412,2026-03-21 07:01:48,WhatsApp,628363899080,Pribadi
1774096683412,2026-03-21 12:38:03,WhatsApp,628275797623,Grup
1774082025412,2026-03-21 08:33:45,WhatsApp,628906356721,Pribadi
1774074777412,2026-03-21 06:32:57,WhatsApp,628765435624,Pribadi
1774075498412,2026-03-21 06:44:58,WhatsApp,628612533603,Pribadi
1774132542412,2026-03-21 22:35:42,WhatsApp,628393329985,Grup
1774097622412,2026-03-21 12:53:42,WhatsApp,62838437886,Grup
1774084528412,2026-03-21 09:15:28,WhatsApp,628792849402,Pribadi
1774053503412,2026-03-21 00:38:23,WhatsApp,628141993305,Grup
1774129578412,2026-03-21 21:46:18,WhatsApp,628321830316,Pribadi
1774056864412,2026-03-21 01:34:24,WhatsApp,628873894142,Grup
1774062300412,2026-03-21 03:05:00,WhatsApp,628324279988,Grup
1774108038412,2026-03-21 15:47:18,WhatsApp,628836658492,Pribadi
1774106062412,2026-03-21 15:14:22,WhatsApp,62833780703,Pribadi
1774106891412,2026-03-21 15:28:11,WhatsApp,628132769494,Pribadi
1774056282412,2026-03-21 01:24:42,WhatsApp,628795813153,Grup
1774089530412,2026-03-21 10:38:50,WhatsApp,628508276380,Pribadi
1774098111412,2026-03-21 13:01:51,WhatsApp,628642027825,Grup
1774106971412,2026-03-21 15:29:31,WhatsApp,628935513438,Grup
1774091004412,2026-03-21 11:03:24,WhatsApp,628427347419,Grup
1774060031412,2026-03-21 02:27:11,WhatsApp,628847829963,Grup
1774091815412,2026-03-21 11:16:55,WhatsApp,628552749170,Grup
1774133785412,2026-03-21 22:56:25,WhatsApp,628133078241,Grup
1774061463412,2026-03-21 02:51:03,WhatsApp,628859456846,Pribadi
1774095917412,2026-03-21 12:25:17,WhatsApp,628432346440,Grup
1774103450412,2026-03-21 14:30:50,WhatsApp,628129003046,Grup
1774101221412,2026-03-21 13:53:41,WhatsApp,628924624968,Pribadi
1774106332412,2026-03-21 15:18:52,WhatsApp,628807506947,Pribadi
1774122303412,2026-03-21 19:45:03,WhatsApp,628556387797,Grup
1774125425412,2026-03-21 20:37:05,WhatsApp,628809344027,Pribadi
1774133383412,2026-03-21 22:49:43,WhatsApp,628182228724,Grup
1774124971412,2026-03-21 20:29:31,WhatsApp,628707455139,Grup
1774124756412,2026-03-21 20:25:56,WhatsApp,628933815979,Pribadi
1774086096412,2026-03-21 09:41:36,WhatsApp,628870954419,Grup
1774121946412,2026-03-21 19:39:06,WhatsApp,628878958973,Grup
1774113930412,2026-03-21 17:25:30,WhatsApp,628515325377,Grup
1774051218412,2026-03-21 00:00:18,WhatsApp,628440358543,Pribadi
1774094026412,2026-03-21 11:53:46,WhatsApp,62831800615,Pribadi
1774096068412,2026-03-21 12:27:48,WhatsApp,628658157668,Grup
1774088829412,2026-03-21 10:27:09,WhatsApp,628289000385,Grup
1774122913412,2026-03-21 19:55:13,WhatsApp,628590892162,Pribadi
1774088790412,2026-03-21 10:26:30,WhatsApp,628112894681,Grup
1774081560412,2026-03-21 08:26:00,WhatsApp,628996515291,Grup
1774077680412,2026-03-21 07:21:20,WhatsApp,628828870660,Grup
1774137142412,2026-03-21 23:52:22,WhatsApp,628184985692,Pribadi
1774054927412,2026-03-21 01:02:07,WhatsApp,628282256850,Pribadi
1774099889412,2026-03-21 13:31:29,WhatsApp,628181207556,Grup
1774122657412,2026-03-21 19:50:57,WhatsApp,628796979451,Pribadi
1774113627412,2026-03-21 17:20:27,WhatsApp,628894357346,Grup
1774097918412,2026-03-21 12:58:38,WhatsApp,628301078084,Grup
1774109550412,2026-03-21 16:12:30,WhatsApp,62874436844,Pribadi
1774055923412,2026-03-21 01:18:43,WhatsApp,628780386895,Grup
1774097695412,2026-03-21 12:54:55,WhatsApp,628175895531,Grup
1774065535412,2026-03-21 03:58:55,WhatsApp,628784390568,Pribadi
1774072094412,2026-03-21 05:48:14,WhatsApp,628550423729,Pribadi
1774101261412,2026-03-21 13:54:21,WhatsApp,628374587086,Pribadi
1774064983412,2026-03-21 03:49:43,WhatsApp,628453588663,Grup
1774093374412,2026-03-21 11:42:54,WhatsApp,628785733664,Grup
1774061006412,2026-03-21 02:43:26,WhatsApp,628312274437,Grup
1774133151412,2026-03-21 22:45:51,WhatsApp,628896777434,Pribadi
1774069245412,2026-03-21 05:00:45,Discord,user15357,Server
1774058516412,2026-03-21 02:01:56,Discord,user58040,DM
1774058589412,2026-03-21 02:03:09,Discord,user27894,Server
1774129952412,2026-03-21 21:52:32,Discord,user91379,DM
1774068919412,2026-03-21 04:55:19,Discord,user61051,DM
1774074207412,2026-03-21 06:23:27,Discord,user96137,Server
1774093440412,2026-03-21 11:44:00,Discord,user79832,DM
1774069158412,2026-03-21 04:59:18,Discord,user6364,DM
1774129520412,2026-03-21 21:45:20,Discord,user1342,DM
1774092729412,2026-03-21 11:32:09,Discord,user95675,DM
1774069329412,2026-03-21 05:02:09,Discord,user41118,DM
1774126104412,2026-03-21 20:48:24,Discord,user55817,DM
1774103681412,2026-03-21 14:34:41,Discord,user51719,DM
1774068828412,2026-03-21 04:53:48,Discord,user96802,Server
1774112255412,2026-03-21 16:57:35,Discord,user87118,Server
1774118313412,2026-03-21 18:38:33,Discord,user39583,Server
1774123903412,2026-03-21 20:11:43,Discord,user11635,Server
1774094857412,2026-03-21 12:07:37,Discord,user55551,Server
1774119818412,2026-03-21 19:03:38,Discord,user67542,Server
1774059517412,2026-03-21 02:18:37,Discord,user14527,DM
1774129856412,2026-03-21 21:50:56,Discord,user30705,DM
1774134250412,2026-03-21 23:04:10,Discord,user63069,Server
1774090410412,2026-03-21 10:53:30,Discord,user173,DM
1774087855412,2026-03-21 10:10:55,Discord,user57722,Server
1774102201412,2026-03-21 14:10:01,Discord,user44534,Server
1774117360412,2026-03-21 18:22:40,Discord,user28873,DM
1774065397412,2026-03-21 03:56:37,Discord,user71062,Server
1774059338412,2026-03-21 02:15:38,Discord,user16099,Server
1774072812412,2026-03-21 06:00:12,Discord,user52021,Server
1774089879412,2026-03-21 10:44:39,Discord,user38272,Server
1774079444412,2026-03-21 07:50:44,Discord,user50532,Server
1774159242412,2026-03-22 06:00:42,WhatsApp,628144627883,Pribadi
1774191702412,2026-03-22 15:01:42,WhatsApp,62846749537,Pribadi
1774175229412,2026-03-22 10:27:09,WhatsApp,628460000491,Grup
1774178952412,2026-03-22 11:29:12,WhatsApp,62868272610,Pribadi
1774161245412,2026-03-22 06:34:05,WhatsApp,628798524724,Pribadi
1774181504412,2026-03-22 12:11:44,WhatsApp,628601806355,Grup
1774206563412,2026-03-22 19:09:23,WhatsApp,628231101787,Pribadi
1774139095412,2026-03-22 00:24:55,WhatsApp,628643593758,Grup
1774170707412,2026-03-22 09:11:47,WhatsApp,628658703255,Pribadi
1774185454412,2026-03-22 13:17:34,WhatsApp,628131616996,Grup
1774154831412,2026-03-22 04:47:11,WhatsApp,628951469083,Grup
1774172994412,2026-03-22 09:49:54,WhatsApp,628122955212,Grup
1774169837412,2026-03-22 08:57:17,WhatsApp,628232070913,Grup
1774221786412,2026-03-22 23:23:06,WhatsApp,628271080158,Grup
1774190978412,2026-03-22 14:49:38,WhatsApp,628369706865,Pribadi
1774172174412,2026-03-22 09:36:14,WhatsApp,628591415155,Pribadi
1774221268412,2026-03-22 23:14:28,WhatsApp,628601285612,Grup
1774222366412,2026-03-22 23:32:46,WhatsApp,628280543643,Pribadi
1774151247412,2026-03-22 03:47:27,WhatsApp,628786470922,Grup
1774158244412,2026-03-22 05:44:04,WhatsApp,628813007226,Pribadi
1774217432412,2026-03-22 22:10:32,WhatsApp,628634985874,Grup
1774223075412,2026-03-22 23:44:35,WhatsApp,628812111498,Pribadi
1774219229412,2026-03-22 22:40:29,WhatsApp,628728875069,Grup
1774156434412,2026-03-22 05:13:54,WhatsApp,628519281357,Grup
1774210743412,2026-03-22 20:19:03,WhatsApp,628789970628,Pribadi
1774195407412,2026-03-22 16:03:27,WhatsApp,628777611309,Grup
1774202493412,2026-03-22 18:01:33,WhatsApp,628106690044,Grup
1774178825412,2026-03-22 11:27:05,WhatsApp,628744424984,Grup
1774213287412,2026-03-22 21:01:27,WhatsApp,628859697971,Grup
1774164459412,2026-03-22 07:27:39,WhatsApp,628827509527,Grup
1774182463412,2026-03-22 12:27:43,WhatsApp,628220402248,Grup
1774152075412,2026-03-22 04:01:15,WhatsApp,628335750100,Grup
1774192088412,2026-03-22 15:08:08,WhatsApp,628999045452,Grup
1774180217412,2026-03-22 11:50:17,WhatsApp,628414269991,Grup
1774177400412,2026-03-22 11:03:20,WhatsApp,628701428195,Grup
1774212314412,2026-03-22 20:45:14,WhatsApp,628593187178,Pribadi
1774211173412,2026-03-22 20:26:13,WhatsApp,628136645171,Pribadi
1774189667412,2026-03-22 14:27:47,WhatsApp,628992008805,Grup
1774205481412,2026-03-22 18:51:21,WhatsApp,6289031486,Grup
1774222229412,2026-03-22 23:30:29,WhatsApp,628837304493,Grup
1774202237412,2026-03-22 17:57:17,WhatsApp,628507556124,Grup
1774222222412,2026-03-22 23:30:22,WhatsApp,628727032778,Pribadi
1774197940412,2026-03-22 16:45:40,WhatsApp,628609775408,Grup
1774210016412,2026-03-22 20:06:56,WhatsApp,628566649181,Grup
1774186595412,2026-03-22 13:36:35,WhatsApp,628893442958,Grup
1774204632412,2026-03-22 18:37:12,WhatsApp,628852766731,Pribadi
1774206651412,2026-03-22 19:10:51,WhatsApp,628840640104,Pribadi
1774180200412,2026-03-22 11:50:00,WhatsApp,628680543420,Pribadi
1774210388412,2026-03-22 20:13:08,WhatsApp,628945603771,Grup
1774216285412,2026-03-22 21:51:25,WhatsApp,628997242086,Pribadi
1774173039412,2026-03-22 09:50:39,WhatsApp,628972732458,Pribadi
1774171159412,2026-03-22 09:19:19,WhatsApp,628166570344,Pribadi
1774149428412,2026-03-22 03:17:08,WhatsApp,628981053991,Grup
1774185723412,2026-03-22 13:22:03,WhatsApp,628129248055,Grup
1774205032412,2026-03-22 18:43:52,WhatsApp,628581324643,Grup
1774180911412,2026-03-22 12:01:51,WhatsApp,628913234686,Grup
1774221025412,2026-03-22 23:10:25,WhatsApp,628836665357,Pribadi
1774163452412,2026-03-22 07:10:52,WhatsApp,628969023398,Grup
1774172151412,2026-03-22 09:35:51,WhatsApp,628866149591,Pribadi
1774152336412,2026-03-22 04:05:36,WhatsApp,628149136368,Pribadi
1774170916412,2026-03-22 09:15:16,WhatsApp,628108564766,Pribadi
1774153761412,2026-03-22 04:29:21,WhatsApp,628219014563,Pribadi
1774195545412,2026-03-22 16:05:45,WhatsApp,628520754977,Pribadi
1774173733412,2026-03-22 10:02:13,WhatsApp,628575573229,Grup
1774220657412,2026-03-22 23:04:17,WhatsApp,628210149016,Grup
1774210507412,2026-03-22 20:15:07,WhatsApp,628534439753,Pribadi
1774164956412,2026-03-22 07:35:56,WhatsApp,628831946699,Grup
1774222562412,2026-03-22 23:36:02,WhatsApp,62833308676,Grup
1774213180412,2026-03-22 20:59:40,WhatsApp,628245618471,Grup
1774207085412,2026-03-22 19:18:05,WhatsApp,628912978025,Pribadi
1774188113412,2026-03-22 14:01:53,WhatsApp,628112220961,Pribadi
1774165380412,2026-03-22 07:43:00,WhatsApp,628101294578,Grup
1774199485412,2026-03-22 17:11:25,WhatsApp,628532964213,Pribadi
1774200967412,2026-03-22 17:36:07,WhatsApp,628694321441,Grup
1774197331412,2026-03-22 16:35:31,WhatsApp,62831487430,Pribadi
1774211089412,2026-03-22 20:24:49,WhatsApp,628245415002,Grup
1774137696412,2026-03-22 00:01:36,WhatsApp,628420262803,Pribadi
1774143882412,2026-03-22 01:44:42,WhatsApp,628109732271,Grup
1774164003412,2026-03-22 07:20:03,WhatsApp,628426186608,Pribadi
1774201283412,2026-03-22 17:41:23,WhatsApp,628809909870,Grup
1774222833412,2026-03-22 23:40:33,WhatsApp,628617526436,Pribadi
1774167762412,2026-03-22 08:22:42,WhatsApp,628776955913,Grup
1774212252412,2026-03-22 20:44:12,WhatsApp,628522720511,Grup
1774139884412,2026-03-22 00:38:04,WhatsApp,628103727914,Grup
1774165092412,2026-03-22 07:38:12,WhatsApp,628721767199,Grup
1774216204412,2026-03-22 21:50:04,WhatsApp,628142397390,Grup
1774220413412,2026-03-22 23:00:13,WhatsApp,628568296682,Grup
1774140376412,2026-03-22 00:46:16,WhatsApp,628437906061,Grup
1774219300412,2026-03-22 22:41:40,WhatsApp,628903112032,Grup
1774140074412,2026-03-22 00:41:14,WhatsApp,628205327013,Grup
1774214304412,2026-03-22 21:18:24,WhatsApp,628691749454,Grup
1774216098412,2026-03-22 21:48:18,WhatsApp,628457353644,Pribadi
1774170563412,2026-03-22 09:09:23,WhatsApp,628691429709,Pribadi
1774220194412,2026-03-22 22:56:34,WhatsApp,62826475836,Grup
1774167012412,2026-03-22 08:10:12,WhatsApp,628180055867,Pribadi
1774169021412,2026-03-22 08:43:41,WhatsApp,628592415835,Pribadi
1774172778412,2026-03-22 09:46:18,WhatsApp,628809668313,Grup
1774200402412,2026-03-22 17:26:42,WhatsApp,628119527013,Grup
1774182941412,2026-03-22 12:35:41,WhatsApp,628668870377,Grup
1774144953412,2026-03-22 02:02:33,Discord,user37470,Server
1774153799412,2026-03-22 04:29:59,Discord,user22130,Server
1774191815412,2026-03-22 15:03:35,Discord,user63893,Server
1774203196412,2026-03-22 18:13:16,Discord,user77650,DM
1774155934412,2026-03-22 05:05:34,Discord,user14942,Server
1774181383412,2026-03-22 12:09:43,Discord,user10046,DM
1774211308412,2026-03-22 20:28:28,Discord,user39918,Server
1774141219412,2026-03-22 01:00:19,Discord,user35906,DM
1774193572412,2026-03-22 15:32:52,Discord,user81353,DM
1774218753412,2026-03-22 22:32:33,Discord,user50189,DM
1774157645412,2026-03-22 05:34:05,Discord,user99904,DM
1774203358412,2026-03-22 18:15:58,Discord,user52745,Server
1774203486412,2026-03-22 18:18:06,Discord,user16171,DM
1774221545412,2026-03-22 23:19:05,Discord,user86622,Server
1774138420412,2026-03-22 00:13:40,Discord,user98930,DM
1774198818412,2026-03-22 17:00:18,Discord,user50475,DM
1774195870412,2026-03-22 16:11:10,Discord,user4318,DM
1774166277412,2026-03-22 07:57:57,Discord,user39686,DM
1774199497412,2026-03-22 17:11:37,Discord,user42065,Server
1774165792412,2026-03-22 07:49:52,Discord,user18460,DM
1774188413412,2026-03-22 14:06:53,Discord,user62602,DM
1774184547412,2026-03-22 13:02:27,Discord,user4054,Server
1774211113412,2026-03-22 20:25:13,Discord,user72991,Server
1774204737412,2026-03-22 18:38:57,Discord,user45725,Server
1774201042412,2026-03-22 17:37:22,Discord,user88525,DM
1774177181412,2026-03-22 10:59:41,Discord,user59687,DM
1774139398412,2026-03-22 00:29:58,Discord,user13709,DM
1774195312412,2026-03-22 16:01:52,Discord,user72826,Server
1774160115412,2026-03-22 06:15:15,Discord,user67537,Server
1774214518412,2026-03-22 21:21:58,Discord,user24441,Server
1774227143412,2026-03-23 00:52:23,WhatsApp,628142787175,Grup
1774271631412,2026-03-23 13:13:51,WhatsApp,628581856893,Pribadi
1774269595412,2026-03-23 12:39:55,WhatsApp,628310545099,Grup
1774296831412,2026-03-23 20:13:51,WhatsApp,62849651064,Grup
1774304524412,2026-03-23 22:22:04,WhatsApp,628722216768,Grup
1774233663412,2026-03-23 02:41:03,WhatsApp,628335076715,Grup
1774301677412,2026-03-23 21:34:37,WhatsApp,628760163182,Grup
1774279109412,2026-03-23 15:18:29,WhatsApp,628422583166,Grup
1774266948412,2026-03-23 11:55:48,WhatsApp,628239499687,Pribadi
1774256925412,2026-03-23 09:08:45,WhatsApp,628692597221,Pribadi
1774279861412,2026-03-23 15:31:01,WhatsApp,628217457974,Grup
1774306718412,2026-03-23 22:58:38,WhatsApp,628809834445,Grup
1774301306412,2026-03-23 21:28:26,WhatsApp,628381227846,Grup
1774269061412,2026-03-23 12:31:01,WhatsApp,62856554011,Pribadi
1774249416412,2026-03-23 07:03:36,WhatsApp,628210329286,Pribadi
1774297850412,2026-03-23 20:30:50,WhatsApp,628312586051,Pribadi
1774244821412,2026-03-23 05:47:01,WhatsApp,628920802286,Grup
1774256589412,2026-03-23 09:03:09,WhatsApp,628794031792,Grup
1774289779412,2026-03-23 18:16:19,WhatsApp,628557782907,Grup
1774306119412,2026-03-23 22:48:39,WhatsApp,628153275007,Grup
1774257308412,2026-03-23 09:15:08,WhatsApp,628996046020,Pribadi
1774271184412,2026-03-23 13:06:24,WhatsApp,628766166279,Pribadi
1774306172412,2026-03-23 22:49:32,WhatsApp,62835774188,Pribadi
1774239603412,2026-03-23 04:20:03,WhatsApp,628132194402,Pribadi
1774290026412,2026-03-23 18:20:26,WhatsApp,62819586751,Grup
1774297952412,2026-03-23 20:32:32,WhatsApp,628300105554,Pribadi
1774286307412,2026-03-23 17:18:27,WhatsApp,628245503901,Grup
1774265133412,2026-03-23 11:25:33,WhatsApp,62867088750,Grup
1774279192412,2026-03-23 15:19:52,WhatsApp,62846220449,Grup
1774258331412,2026-03-23 09:32:11,WhatsApp,628458053089,Grup
1774270545412,2026-03-23 12:55:45,WhatsApp,628827096295,Grup
1774242713412,2026-03-23 05:11:53,WhatsApp,628932540122,Grup
1774288189412,2026-03-23 17:49:49,WhatsApp,628437040232,Grup
1774267925412,2026-03-23 12:12:05,WhatsApp,628205936778,Grup
1774237048412,2026-03-23 03:37:28,WhatsApp,628694150005,Grup
1774228667412,2026-03-23 01:17:47,WhatsApp,628352407499,Grup
1774229549412,2026-03-23 01:32:29,WhatsApp,628322250406,Grup
1774235951412,2026-03-23 03:19:11,WhatsApp,628499413300,Pribadi
1774247186412,2026-03-23 06:26:26,WhatsApp,628578710775,Pribadi
1774287586412,2026-03-23 17:39:46,WhatsApp,628460904445,Pribadi
1774297488412,2026-03-23 20:24:48,WhatsApp,628628752264,Pribadi
1774241419412,2026-03-23 04:50:19,WhatsApp,62828123826,Grup
1774236781412,2026-03-23 03:33:01,WhatsApp,628966521863,Grup
1774300559412,2026-03-23 21:15:59,WhatsApp,628593057810,Pribadi
1774300866412,2026-03-23 21:21:06,WhatsApp,628731954922,Pribadi
1774237465412,2026-03-23 03:44:25,WhatsApp,628372408046,Pribadi
1774240095412,2026-03-23 04:28:15,WhatsApp,628656981344,Pribadi
1774294048412,2026-03-23 19:27:28,WhatsApp,628115076625,Grup
1774266283412,2026-03-23 11:44:43,WhatsApp,628165236982,Grup
1774306808412,2026-03-23 23:00:08,WhatsApp,628835349025,Grup
1774268298412,2026-03-23 12:18:18,WhatsApp,628440193498,Grup
1774308977412,2026-03-23 23:36:17,WhatsApp,628328375948,Pribadi
1774255343412,2026-03-23 08:42:23,WhatsApp,628708056554,Pribadi
1774245911412,2026-03-23 06:05:11,WhatsApp,628445535597,Pribadi
1774225142412,2026-03-23 00:19:02,WhatsApp,628190326090,Grup
1774287281412,2026-03-23 17:34:41,WhatsApp,628859505352,Pribadi
1774234998412,2026-03-23 03:03:18,WhatsApp,628373163443,Grup
1774297190412,2026-03-23 20:19:50,WhatsApp,62854693995,Grup
1774309640412,2026-03-23 23:47:20,WhatsApp,6281389940,Grup
1774281731412,2026-03-23 16:02:11,WhatsApp,628417321560,Grup
1774249736412,2026-03-23 07:08:56,WhatsApp,628118280285,Grup
1774253512412,2026-03-23 08:11:52,WhatsApp,628393085955,Grup
1774296276412,2026-03-23 20:04:36,WhatsApp,628292808155,Pribadi
1774257832412,2026-03-23 09:23:52,WhatsApp,628683124193,Pribadi
1774264458412,2026-03-23 11:14:18,WhatsApp,628985889697,Grup
1774306980412,2026-03-23 23:03:00,WhatsApp,628545161183,Grup
1774255662412,2026-03-23 08:47:42,WhatsApp,62882331176,Pribadi
1774269137412,2026-03-23 12:32:17,WhatsApp,6289288742,Grup
1774240325412,2026-03-23 04:32:05,WhatsApp,628836716754,Pribadi
1774233799412,2026-03-23 02:43:19,WhatsApp,628278893893,Grup
1774265106412,2026-03-23 11:25:06,WhatsApp,628483324992,Grup
1774245414412,2026-03-23 05:56:54,WhatsApp,628934313831,Grup
1774260799412,2026-03-23 10:13:19,WhatsApp,628805754850,Pribadi
1774268206412,2026-03-23 12:16:46,WhatsApp,628834982638,Grup
1774243766412,2026-03-23 05:29:26,WhatsApp,628382726708,Pribadi
1774261110412,2026-03-23 10:18:30,WhatsApp,628897581260,Pribadi
1774278131412,2026-03-23 15:02:11,WhatsApp,628789231696,Grup
1774287414412,2026-03-23 17:36:54,WhatsApp,628851273235,Pribadi
1774267916412,2026-03-23 12:11:56,WhatsApp,62810502434,Pribadi
1774262338412,2026-03-23 10:38:58,WhatsApp,628547938314,Grup
1774268573412,2026-03-23 12:22:53,WhatsApp,628616568042,Grup
1774295907412,2026-03-23 19:58:27,WhatsApp,62819666475,Pribadi
1774307439412,2026-03-23 23:10:39,WhatsApp,628274247315,Grup
1774301645412,2026-03-23 21:34:05,WhatsApp,628494830932,Grup
1774255818412,2026-03-23 08:50:18,WhatsApp,628947985263,Grup
1774290291412,2026-03-23 18:24:51,WhatsApp,628366149647,Pribadi
1774262225412,2026-03-23 10:37:05,WhatsApp,628595001519,Pribadi
1774257423412,2026-03-23 09:17:03,WhatsApp,628226905919,Grup
1774288552412,2026-03-23 17:55:52,WhatsApp,628675558836,Pribadi
1774309180412,2026-03-23 23:39:40,WhatsApp,628335111366,Pribadi
1774232212412,2026-03-23 02:16:52,WhatsApp,628796750266,Grup
1774232913412,2026-03-23 02:28:33,WhatsApp,628671990992,Pribadi
1774273046412,2026-03-23 13:37:26,WhatsApp,62861287849,Grup
1774278553412,2026-03-23 15:09:13,WhatsApp,628772824556,Grup
1774279233412,2026-03-23 15:20:33,WhatsApp,628789008626,Pribadi
1774231703412,2026-03-23 02:08:23,WhatsApp,628250471568,Grup
1774291456412,2026-03-23 18:44:16,WhatsApp,628487765325,Pribadi
1774242662412,2026-03-23 05:11:02,WhatsApp,628728757271,Grup
1774293848412,2026-03-23 19:24:08,WhatsApp,628311379251,Pribadi
1774240731412,2026-03-23 04:38:51,WhatsApp,628293895841,Grup
1774225947412,2026-03-23 00:32:27,WhatsApp,628626835432,Grup
1774264331412,2026-03-23 11:12:11,WhatsApp,628134017822,Grup
1774242452412,2026-03-23 05:07:32,Discord,user33688,DM
1774260489412,2026-03-23 10:08:09,Discord,user28023,DM
1774270907412,2026-03-23 13:01:47,Discord,user50156,DM
1774242619412,2026-03-23 05:10:19,Discord,user41762,DM
1774244259412,2026-03-23 05:37:39,Discord,user13191,DM
1774274580412,2026-03-23 14:03:00,Discord,user94547,Server
1774257753412,2026-03-23 09:22:33,Discord,user55683,Server
1774227454412,2026-03-23 00:57:34,Discord,user29991,Server
1774276397412,2026-03-23 14:33:17,Discord,user74747,Server
1774238579412,2026-03-23 04:02:59,Discord,user9193,Server
1774297444412,2026-03-23 20:24:04,Discord,user26924,DM
1774263389412,2026-03-23 10:56:29,Discord,user88243,DM
1774245869412,2026-03-23 06:04:29,Discord,user68501,DM
1774285726412,2026-03-23 17:08:46,Discord,user99167,DM
1774307344412,2026-03-23 23:09:04,Discord,user62405,Server
1774296652412,2026-03-23 20:10:52,Discord,user69847,DM
1774234554412,2026-03-23 02:55:54,Discord,user47016,DM
1774271381412,2026-03-23 13:09:41,Discord,user88946,Server
1774249174412,2026-03-23 06:59:34,Discord,user96269,Server
1774266195412,2026-03-23 11:43:15,Discord,user51429,Server
1774229698412,2026-03-23 01:34:58,Discord,user90939,DM
1774241721412,2026-03-23 04:55:21,Discord,user37952,Server
1774304450412,2026-03-23 22:20:50,Discord,user27215,DM
1774237178412,2026-03-23 03:39:38,Discord,user14894,Server
1774295011412,2026-03-23 19:43:31,Discord,user88938,Server
1774240061412,2026-03-23 04:27:41,Discord,user26233,DM
1774233967412,2026-03-23 02:46:07,Discord,user58420,Server
1774232431412,2026-03-23 02:20:31,Discord,user30991,Server
1774239826412,2026-03-23 04:23:46,Discord,user171,DM
1774244268412,2026-03-23 05:37:48,Discord,user49906,DM
1774256508412,2026-03-23 09:01:48,Discord,user46315,Server
1774356481412,2026-03-24 12:48:01,WhatsApp,628662591559,Grup
1774370839412,2026-03-24 16:47:19,WhatsApp,628208461799,Pribadi
1774342898412,2026-03-24 09:01:38,WhatsApp,628547481538,Pribadi
1774329190412,2026-03-24 05:13:10,WhatsApp,628988367390,Pribadi
1774351073412,2026-03-24 11:17:53,WhatsApp,628712134382,Grup
1774340556412,2026-03-24 08:22:36,WhatsApp,628137944194,Grup
1774394723412,2026-03-24 23:25:23,WhatsApp,628632007954,Pribadi
1774355293412,2026-03-24 12:28:13,WhatsApp,628318544973,Grup
1774396705412,2026-03-24 23:58:25,WhatsApp,628501142829,Pribadi
1774336885412,2026-03-24 07:21:25,WhatsApp,628236055736,Pribadi
1774323089412,2026-03-24 03:31:29,WhatsApp,628666611208,Grup
1774351631412,2026-03-24 11:27:11,WhatsApp,628667346371,Grup
1774336481412,2026-03-24 07:14:41,WhatsApp,628290072634,Grup
1774357259412,2026-03-24 13:00:59,WhatsApp,628680596829,Pribadi
1774329720412,2026-03-24 05:22:00,WhatsApp,628131706608,Pribadi
1774376855412,2026-03-24 18:27:35,WhatsApp,628798586346,Grup
1774347748412,2026-03-24 10:22:28,WhatsApp,628369854075,Grup
1774366899412,2026-03-24 15:41:39,WhatsApp,628639410726,Grup
1774350717412,2026-03-24 11:11:57,WhatsApp,628761529145,Pribadi
1774343154412,2026-03-24 09:05:54,WhatsApp,62880854825,Grup
1774376156412,2026-03-24 18:15:56,WhatsApp,628764006650,Pribadi
1774316013412,2026-03-24 01:33:33,WhatsApp,628866243802,Grup
1774394802412,2026-03-24 23:26:42,WhatsApp,628815518907,Pribadi
1774323872412,2026-03-24 03:44:32,WhatsApp,628624772656,Grup
1774355597412,2026-03-24 12:33:17,WhatsApp,628606272862,Grup
1774385835412,2026-03-24 20:57:15,WhatsApp,628415472750,Pribadi
1774368387412,2026-03-24 16:06:27,WhatsApp,628550401479,Grup
1774335409412,2026-03-24 06:56:49,WhatsApp,628933012438,Grup
1774388774412,2026-03-24 21:46:14,WhatsApp,628557258468,Grup
1774325304412,2026-03-24 04:08:24,WhatsApp,628124704195,Grup
1774391247412,2026-03-24 22:27:27,WhatsApp,628637280555,Pribadi
1774323177412,2026-03-24 03:32:57,WhatsApp,628240447994,Pribadi
1774363453412,2026-03-24 14:44:13,WhatsApp,628359277514,Pribadi
1774337542412,2026-03-24 07:32:22,WhatsApp,628413710663,Grup
1774348052412,2026-03-24 10:27:32,WhatsApp,628747362123,Grup
1774324243412,2026-03-24 03:50:43,WhatsApp,628971530335,Grup
1774370801412,2026-03-24 16:46:41,WhatsApp,628796620471,Grup
1774395412412,2026-03-24 23:36:52,WhatsApp,628961301131,Grup
1774363424412,2026-03-24 14:43:44,WhatsApp,628618207719,Pribadi
1774377159412,2026-03-24 18:32:39,WhatsApp,628592819807,Grup
1774357146412,2026-03-24 12:59:06,WhatsApp,628643297156,Pribadi
1774377400412,2026-03-24 18:36:40,WhatsApp,628112611556,Grup
1774359152412,2026-03-24 13:32:32,WhatsApp,628122780533,Pribadi
1774368123412,2026-03-24 16:02:03,WhatsApp,62814466518,Grup
1774355380412,2026-03-24 12:29:40,WhatsApp,628751712775,Grup
1774327108412,2026-03-24 04:38:28,WhatsApp,628800567401,Grup
1774363291412,2026-03-24 14:41:31,WhatsApp,628782296465,Pribadi
1774362589412,2026-03-24 14:29:49,WhatsApp,628321205264,Grup
1774339559412,2026-03-24 08:05:59,WhatsApp,628944481758,Pribadi
1774369827412,2026-03-24 16:30:27,WhatsApp,628514926489,Grup
1774333627412,2026-03-24 06:27:07,WhatsApp,628828153867,Grup
1774331818412,2026-03-24 05:56:58,WhatsApp,628743368627,Pribadi
1774379982412,2026-03-24 19:19:42,WhatsApp,628970348609,Pribadi
1774386812412,2026-03-24 21:13:32,WhatsApp,628912014233,Grup
1774319866412,2026-03-24 02:37:46,WhatsApp,628149492939,Pribadi
1774342162412,2026-03-24 08:49:22,WhatsApp,628251049136,Grup
1774396287412,2026-03-24 23:51:27,WhatsApp,628919265938,Pribadi
1774366619412,2026-03-24 15:36:59,WhatsApp,62833031494,Grup
1774368563412,2026-03-24 16:09:23,WhatsApp,628825579829,Pribadi
1774365880412,2026-03-24 15:24:40,WhatsApp,628702875052,Pribadi
1774360583412,2026-03-24 13:56:23,WhatsApp,628168174156,Pribadi
1774341327412,2026-03-24 08:35:27,WhatsApp,628371495650,Pribadi
1774316739412,2026-03-24 01:45:39,WhatsApp,628681463717,Grup
1774328103412,2026-03-24 04:55:03,WhatsApp,628393144975,Grup
1774327947412,2026-03-24 04:52:27,WhatsApp,628734421229,Pribadi
1774331565412,2026-03-24 05:52:45,WhatsApp,62864136155,Grup
1774345226412,2026-03-24 09:40:26,WhatsApp,62818027020,Grup
1774322765412,2026-03-24 03:26:05,WhatsApp,628632995371,Grup
1774384361412,2026-03-24 20:32:41,WhatsApp,628863679262,Grup
1774368678412,2026-03-24 16:11:18,WhatsApp,628940582677,Grup
1774381008412,2026-03-24 19:36:48,WhatsApp,628539235431,Grup
1774380003412,2026-03-24 19:20:03,WhatsApp,628973778230,Pribadi
1774355815412,2026-03-24 12:36:55,WhatsApp,628550584148,Grup
1774355679412,2026-03-24 12:34:39,WhatsApp,628532941902,Grup
1774380163412,2026-03-24 19:22:43,WhatsApp,628954041807,Grup
1774310757412,2026-03-24 00:05:57,WhatsApp,628494827650,Grup
1774368303412,2026-03-24 16:05:03,WhatsApp,628888584894,Grup
1774319809412,2026-03-24 02:36:49,WhatsApp,62827277715,Grup
1774324673412,2026-03-24 03:57:53,WhatsApp,628435317883,Grup
1774370369412,2026-03-24 16:39:29,WhatsApp,628273174161,Grup
1774392299412,2026-03-24 22:44:59,WhatsApp,628639832354,Grup
1774317559412,2026-03-24 01:59:19,WhatsApp,628490741791,Grup
1774320951412,2026-03-24 02:55:51,WhatsApp,628401074597,Pribadi
1774348396412,2026-03-24 10:33:16,WhatsApp,628429443062,Grup
1774334892412,2026-03-24 06:48:12,WhatsApp,628876859412,Pribadi
1774358838412,2026-03-24 13:27:18,WhatsApp,628479197993,Pribadi
1774319375412,2026-03-24 02:29:35,WhatsApp,628336979671,Grup
1774387723412,2026-03-24 21:28:43,WhatsApp,628410778587,Pribadi
1774387558412,2026-03-24 21:25:58,WhatsApp,628951032689,Pribadi
1774334808412,2026-03-24 06:46:48,WhatsApp,62825917903,Grup
1774373566412,2026-03-24 17:32:46,WhatsApp,628328317190,Grup
1774347113412,2026-03-24 10:11:53,WhatsApp,628285743924,Grup
1774348107412,2026-03-24 10:28:27,WhatsApp,628913003604,Grup
1774344650412,2026-03-24 09:30:50,WhatsApp,628226686715,Grup
1774378681412,2026-03-24 18:58:01,WhatsApp,628711722654,Grup
1774330740412,2026-03-24 05:39:00,WhatsApp,628545833274,Grup
1774330194412,2026-03-24 05:29:54,WhatsApp,628524106816,Grup
1774324739412,2026-03-24 03:58:59,WhatsApp,628683993090,Grup
1774324717412,2026-03-24 03:58:37,WhatsApp,628577068201,Grup
1774358549412,2026-03-24 13:22:29,WhatsApp,628349101618,Grup
1774395506412,2026-03-24 23:38:26,WhatsApp,628624993985,Pribadi
1774379275412,2026-03-24 19:07:55,WhatsApp,628709914824,Grup
1774348257412,2026-03-24 10:30:57,WhatsApp,62871049791,Pribadi
1774382195412,2026-03-24 19:56:35,WhatsApp,628130147686,Pribadi
1774368528412,2026-03-24 16:08:48,Discord,user69143,Server
1774343730412,2026-03-24 09:15:30,Discord,user52643,Server
1774335750412,2026-03-24 07:02:30,Discord,user15643,DM
1774387698412,2026-03-24 21:28:18,Discord,user65314,Server
1774354151412,2026-03-24 12:09:11,Discord,user13615,DM
1774326250412,2026-03-24 04:24:10,Discord,user47032,DM
1774324060412,2026-03-24 03:47:40,Discord,user25840,DM
1774338001412,2026-03-24 07:40:01,Discord,user77548,Server
1774366159412,2026-03-24 15:29:19,Discord,user1623,Server
1774315200412,2026-03-24 01:20:00,Discord,user35603,DM
1774337576412,2026-03-24 07:32:56,Discord,user63917,Server
1774338038412,2026-03-24 07:40:38,Discord,user8,Server
1774315319412,2026-03-24 01:21:59,Discord,user89082,DM
1774363682412,2026-03-24 14:48:02,Discord,user70021,Server
1774336748412,2026-03-24 07:19:08,Discord,user55734,Server
1774337575412,2026-03-24 07:32:55,Discord,user63579,DM
1774356346412,2026-03-24 12:45:46,Discord,user84410,Server
1774369280412,2026-03-24 16:21:20,Discord,user33606,DM
1774363578412,2026-03-24 14:46:18,Discord,user72632,DM
1774369697412,2026-03-24 16:28:17,Discord,user83568,DM
1774337599412,2026-03-24 07:33:19,Discord,user4659,Server
1774392419412,2026-03-24 22:46:59,Discord,user64654,DM
1774334741412,2026-03-24 06:45:41,Discord,user31415,DM
1774345940412,2026-03-24 09:52:20,Discord,user93541,DM
1774364084412,2026-03-24 14:54:44,Discord,user42645,Server
1774325738412,2026-03-24 04:15:38,Discord,user4942,DM
1774339226412,2026-03-24 08:00:26,Discord,user48177,DM
1774393848412,2026-03-24 23:10:48,Discord,user90641,Server
1774366462412,2026-03-24 15:34:22,Discord,user790,DM
1774322052412,2026-03-24 03:14:12,Discord,user49464,DM
1774349232412,2026-03-24 10:47:12,Discord,user7481,DM
1774331446412,2026-03-24 05:50:46,Discord,user29020,DM
1774441997412,2026-03-25 12:33:17,WhatsApp,628299147866,Pribadi
1774457285412,2026-03-25 16:48:05,WhatsApp,62876660749,Grup
1774441126412,2026-03-25 12:18:46,WhatsApp,628345133787,Grup
1774421280412,2026-03-25 06:48:00,WhatsApp,628176778017,Pribadi
1774481430412,2026-03-25 23:30:30,WhatsApp,628276966019,Grup
1774465807412,2026-03-25 19:10:07,WhatsApp,62878279517,Pribadi
1774440272412,2026-03-25 12:04:32,WhatsApp,628526722587,Pribadi
1774480268412,2026-03-25 23:11:08,WhatsApp,628309174904,Grup
1774441545412,2026-03-25 12:25:45,WhatsApp,628510416618,Grup
1774478244412,2026-03-25 22:37:24,WhatsApp,628961940978,Pribadi
1774413356412,2026-03-25 04:35:56,WhatsApp,628570081741,Pribadi
1774475409412,2026-03-25 21:50:09,WhatsApp,628496142011,Grup
1774421944412,2026-03-25 06:59:04,WhatsApp,628205226304,Pribadi
1774443850412,2026-03-25 13:04:10,WhatsApp,628955988080,Grup
1774419231412,2026-03-25 06:13:51,WhatsApp,62814667478,Pribadi
1774435797412,2026-03-25 10:49:57,WhatsApp,628238639762,Grup
1774473517412,2026-03-25 21:18:37,WhatsApp,628285744033,Grup
1774434296412,2026-03-25 10:24:56,WhatsApp,628864761030,Pribadi
1774450307412,2026-03-25 14:51:47,WhatsApp,62820402403,Pribadi
1774445533412,2026-03-25 13:32:13,WhatsApp,62891728492,Grup
1774408402412,2026-03-25 03:13:22,WhatsApp,628392909417,Pribadi
1774458981412,2026-03-25 17:16:21,WhatsApp,628423516784,Grup
1774404028412,2026-03-25 02:00:28,WhatsApp,62823960219,Grup
1774413883412,2026-03-25 04:44:43,WhatsApp,628178814755,Grup
1774442024412,2026-03-25 12:33:44,WhatsApp,628875371458,Pribadi
1774453416412,2026-03-25 15:43:36,WhatsApp,6283611037,Pribadi
1774480031412,2026-03-25 23:07:11,WhatsApp,62862316991,Grup
1774457180412,2026-03-25 16:46:20,WhatsApp,628829415337,Grup
1774441625412,2026-03-25 12:27:05,WhatsApp,628132747475,Grup
1774417936412,2026-03-25 05:52:16,WhatsApp,628847474234,Grup
1774441513412,2026-03-25 12:25:13,WhatsApp,62845615833,Grup
1774444653412,2026-03-25 13:17:33,WhatsApp,62828592891,Pribadi
1774411212412,2026-03-25 04:00:12,WhatsApp,628670684860,Grup
1774472793412,2026-03-25 21:06:33,WhatsApp,628684534995,Grup
1774456328412,2026-03-25 16:32:08,WhatsApp,628834447057,Grup
1774411294412,2026-03-25 04:01:34,WhatsApp,628678581946,Grup
1774402395412,2026-03-25 01:33:15,WhatsApp,628501578770,Grup
1774445634412,2026-03-25 13:33:54,WhatsApp,6285453022,Grup
1774431082412,2026-03-25 09:31:22,WhatsApp,628704847459,Grup
1774453677412,2026-03-25 15:47:57,WhatsApp,628700563674,Pribadi
1774464030412,2026-03-25 18:40:30,WhatsApp,628560222421,Pribadi
1774437507412,2026-03-25 11:18:27,WhatsApp,628983657083,Pribadi
1774414418412,2026-03-25 04:53:38,WhatsApp,628652777144,Grup
1774456113412,2026-03-25 16:28:33,WhatsApp,628366741374,Grup
1774447335412,2026-03-25 14:02:15,WhatsApp,628482877011,Grup
1774469962412,2026-03-25 20:19:22,WhatsApp,628730285594,Pribadi
1774422884412,2026-03-25 07:14:44,WhatsApp,628708680813,Grup
1774468464412,2026-03-25 19:54:24,WhatsApp,628249031162,Grup
1774440311412,2026-03-25 12:05:11,WhatsApp,628590620109,Pribadi
1774407271412,2026-03-25 02:54:31,WhatsApp,62856886203,Grup
1774475584412,2026-03-25 21:53:04,WhatsApp,628327929114,Grup
1774401173412,2026-03-25 01:12:53,WhatsApp,628504772909,Grup
1774451648412,2026-03-25 15:14:08,WhatsApp,628242167053,Pribadi
1774407826412,2026-03-25 03:03:46,WhatsApp,628756727162,Grup
1774456872412,2026-03-25 16:41:12,WhatsApp,628363174375,Pribadi
1774464501412,2026-03-25 18:48:21,WhatsApp,628545516537,Grup
1774401976412,2026-03-25 01:26:16,WhatsApp,628839434361,Pribadi
1774447808412,2026-03-25 14:10:08,WhatsApp,628116802215,Grup
1774480686412,2026-03-25 23:18:06,WhatsApp,628675685080,Grup
1774478450412,2026-03-25 22:40:50,WhatsApp,628450706205,Grup
1774432714412,2026-03-25 09:58:34,WhatsApp,62830842618,Pribadi
1774429337412,2026-03-25 09:02:17,WhatsApp,62810275981,Pribadi
1774401808412,2026-03-25 01:23:28,WhatsApp,628799546656,Grup
1774444606412,2026-03-25 13:16:46,WhatsApp,628208858068,Grup
1774439356412,2026-03-25 11:49:16,WhatsApp,628402732231,Grup
1774458922412,2026-03-25 17:15:22,WhatsApp,628277921057,Grup
1774454800412,2026-03-25 16:06:40,WhatsApp,628330164033,Pribadi
1774443343412,2026-03-25 12:55:43,WhatsApp,628719032546,Pribadi
1774397917412,2026-03-25 00:18:37,WhatsApp,628331242053,Pribadi
1774449927412,2026-03-25 14:45:27,WhatsApp,628311294680,Pribadi
1774399652412,2026-03-25 00:47:32,WhatsApp,628459669151,Grup
1774475869412,2026-03-25 21:57:49,WhatsApp,628672896373,Grup
1774472287412,2026-03-25 20:58:07,WhatsApp,628188954878,Pribadi
1774457711412,2026-03-25 16:55:11,WhatsApp,628596163880,Grup
1774461944412,2026-03-25 18:05:44,WhatsApp,628306258807,Grup
1774409717412,2026-03-25 03:35:17,WhatsApp,628208567545,Pribadi
1774464787412,2026-03-25 18:53:07,WhatsApp,628234832460,Pribadi
1774471833412,2026-03-25 20:50:33,WhatsApp,628273063417,Pribadi
1774421284412,2026-03-25 06:48:04,WhatsApp,628712777316,Pribadi
1774465223412,2026-03-25 19:00:23,WhatsApp,628945128990,Pribadi
1774398437412,2026-03-25 00:27:17,WhatsApp,628204262935,Grup
1774442195412,2026-03-25 12:36:35,WhatsApp,628857642289,Grup
1774443905412,2026-03-25 13:05:05,WhatsApp,628358658834,Pribadi
1774480953412,2026-03-25 23:22:33,WhatsApp,628531747312,Grup
1774453504412,2026-03-25 15:45:04,WhatsApp,628700526969,Grup
1774444755412,2026-03-25 13:19:15,WhatsApp,628395879684,Pribadi
1774408452412,2026-03-25 03:14:12,WhatsApp,628320506715,Pribadi
1774472998412,2026-03-25 21:09:58,WhatsApp,628118985237,Pribadi
1774411370412,2026-03-25 04:02:50,WhatsApp,628935806090,Pribadi
1774445122412,2026-03-25 13:25:22,WhatsApp,628880052352,Grup
1774459399412,2026-03-25 17:23:19,WhatsApp,628380885888,Pribadi
1774460869412,2026-03-25 17:47:49,WhatsApp,628976410123,Grup
1774443104412,2026-03-25 12:51:44,WhatsApp,628510706149,Grup
1774475604412,2026-03-25 21:53:24,WhatsApp,628130308736,Grup
1774474133412,2026-03-25 21:28:53,WhatsApp,628616917442,Grup
1774475689412,2026-03-25 21:54:49,WhatsApp,628589145485,Grup
1774414788412,2026-03-25 04:59:48,WhatsApp,628919862926,Grup
1774402852412,2026-03-25 01:40:52,WhatsApp,628391566439,Grup
1774414959412,2026-03-25 05:02:39,WhatsApp,628841655214,Grup
1774403675412,2026-03-25 01:54:35,WhatsApp,628538471476,Pribadi
1774476322412,2026-03-25 22:05:22,WhatsApp,628384093158,Grup
1774439653412,2026-03-25 11:54:13,WhatsApp,628340102180,Grup
1774471623412,2026-03-25 20:47:03,Discord,user58017,DM
1774434950412,2026-03-25 10:35:50,Discord,user63325,Server
1774468974412,2026-03-25 20:02:54,Discord,user99505,Server
1774465271412,2026-03-25 19:01:11,Discord,user71061,DM
1774448720412,2026-03-25 14:25:20,Discord,user16285,DM
1774424156412,2026-03-25 07:35:56,Discord,user60248,DM
1774456007412,2026-03-25 16:26:47,Discord,user55612,DM
1774476509412,2026-03-25 22:08:29,Discord,user86615,Server
1774473456412,2026-03-25 21:17:36,Discord,user62009,DM
1774410024412,2026-03-25 03:40:24,Discord,user59159,Server
1774454349412,2026-03-25 15:59:09,Discord,user53387,DM
1774456340412,2026-03-25 16:32:20,Discord,user619,DM
1774478761412,2026-03-25 22:46:01,Discord,user61531,DM
1774399092412,2026-03-25 00:38:12,Discord,user34707,Server
1774446875412,2026-03-25 13:54:35,Discord,user55510,Server
1774479238412,2026-03-25 22:53:58,Discord,user31242,DM
1774414195412,2026-03-25 04:49:55,Discord,user69027,Server
1774426493412,2026-03-25 08:14:53,Discord,user40965,Server
1774444042412,2026-03-25 13:07:22,Discord,user41680,DM
1774456682412,2026-03-25 16:38:02,Discord,user60323,DM
1774424165412,2026-03-25 07:36:05,Discord,user19621,Server
1774451586412,2026-03-25 15:13:06,Discord,user87586,DM
1774462386412,2026-03-25 18:13:06,Discord,user87434,DM
1774441731412,2026-03-25 12:28:51,Discord,user9447,Server
1774468748412,2026-03-25 19:59:08,Discord,user20164,Server
1774436218412,2026-03-25 10:56:58,Discord,user37829,Server
1774438933412,2026-03-25 11:42:13,Discord,user2537,DM
1774473024412,2026-03-25 21:10:24,Discord,user56884,DM
1774419370412,2026-03-25 06:16:10,Discord,user91990,DM
1774467215412,2026-03-25 19:33:35,Discord,user53199,Server
1774533215412,2026-03-26 13:53:35,WhatsApp,628967729810,Pribadi
1774541424412,2026-03-26 16:10:24,WhatsApp,62846556720,Grup
1774495674412,2026-03-26 03:27:54,WhatsApp,628930967351,Pribadi
1774494205412,2026-03-26 03:03:25,WhatsApp,628641933943,Grup
1774506313412,2026-03-26 06:25:13,WhatsApp,628881340612,Pribadi
1774515455412,2026-03-26 08:57:35,WhatsApp,628368575619,Grup
1774544374412,2026-03-26 16:59:34,WhatsApp,628946127837,Grup
1774502992412,2026-03-26 05:29:52,WhatsApp,628753832102,Pribadi
1774534044412,2026-03-26 14:07:24,WhatsApp,628324977168,Pribadi
1774506001412,2026-03-26 06:20:01,WhatsApp,628571606402,Grup
1774490868412,2026-03-26 02:07:48,WhatsApp,628262540798,Pribadi
1774522561412,2026-03-26 10:56:01,WhatsApp,628214868346,Grup
1774483635412,2026-03-26 00:07:15,WhatsApp,62868615947,Pribadi
1774567099412,2026-03-26 23:18:19,WhatsApp,62876195398,Pribadi
1774540205412,2026-03-26 15:50:05,WhatsApp,628829308681,Grup
1774501381412,2026-03-26 05:03:01,WhatsApp,628269806744,Pribadi
1774489177412,2026-03-26 01:39:37,WhatsApp,628489341038,Grup
1774498764412,2026-03-26 04:19:24,WhatsApp,628133420027,Pribadi
1774545372412,2026-03-26 17:16:12,WhatsApp,628122098981,Pribadi
1774508613412,2026-03-26 07:03:33,WhatsApp,628722153635,Grup
1774563782412,2026-03-26 22:23:02,WhatsApp,628710313164,Pribadi
1774526809412,2026-03-26 12:06:49,WhatsApp,628670850043,Grup
1774513978412,2026-03-26 08:32:58,WhatsApp,628794468830,Grup
1774519745412,2026-03-26 10:09:05,WhatsApp,628806907618,Grup
1774538938412,2026-03-26 15:28:58,WhatsApp,628954296748,Pribadi
1774505771412,2026-03-26 06:16:11,WhatsApp,628804581955,Pribadi
1774541260412,2026-03-26 16:07:40,WhatsApp,628164613280,Grup
1774538172412,2026-03-26 15:16:12,WhatsApp,628459745418,Pribadi
1774528448412,2026-03-26 12:34:08,WhatsApp,628335795527,Grup
1774565083412,2026-03-26 22:44:43,WhatsApp,628644903553,Grup
1774539860412,2026-03-26 15:44:20,WhatsApp,628949860910,Grup
1774491771412,2026-03-26 02:22:51,WhatsApp,628331274301,Grup
1774526135412,2026-03-26 11:55:35,WhatsApp,628928802818,Grup
1774555383412,2026-03-26 20:03:03,WhatsApp,628905362252,Grup
1774559963412,2026-03-26 21:19:23,WhatsApp,62891119709,Grup
1774539788412,2026-03-26 15:43:08,WhatsApp,628140835733,Grup
1774521002412,2026-03-26 10:30:02,WhatsApp,6288182214,Grup
1774487843412,2026-03-26 01:17:23,WhatsApp,628937237108,Pribadi
1774539054412,2026-03-26 15:30:54,WhatsApp,62829991741,Pribadi
1774490393412,2026-03-26 01:59:53,WhatsApp,628226965807,Grup
1774554811412,2026-03-26 19:53:31,WhatsApp,628317307054,Grup
1774555315412,2026-03-26 20:01:55,WhatsApp,62825782260,Grup
1774510338412,2026-03-26 07:32:18,WhatsApp,628323484176,Grup
1774535629412,2026-03-26 14:33:49,WhatsApp,628590800288,Pribadi
1774526835412,2026-03-26 12:07:15,WhatsApp,628477831935,Grup
1774532045412,2026-03-26 13:34:05,WhatsApp,628929754331,Pribadi
1774548755412,2026-03-26 18:12:35,WhatsApp,628936995678,Pribadi
1774557355412,2026-03-26 20:35:55,WhatsApp,628109238208,Grup
1774534675412,2026-03-26 14:17:55,WhatsApp,628952571988,Pribadi
1774534726412,2026-03-26 14:18:46,WhatsApp,628805666071,Grup
1774508394412,2026-03-26 06:59:54,WhatsApp,628622732855,Grup
1774551398412,2026-03-26 18:56:38,WhatsApp,628260245690,Grup
1774561898412,2026-03-26 21:51:38,WhatsApp,628271701596,Grup
1774554563412,2026-03-26 19:49:23,WhatsApp,628368879107,Pribadi
1774562461412,2026-03-26 22:01:01,WhatsApp,628916022014,Grup
1774537591412,2026-03-26 15:06:31,WhatsApp,628156773470,Grup
1774565634412,2026-03-26 22:53:54,WhatsApp,628498099020,Grup
1774560854412,2026-03-26 21:34:14,WhatsApp,628752638145,Grup
1774522402412,2026-03-26 10:53:22,WhatsApp,628410369292,Pribadi
1774549598412,2026-03-26 18:26:38,WhatsApp,628666391863,Pribadi
1774563460412,2026-03-26 22:17:40,WhatsApp,628139445822,Grup
1774534788412,2026-03-26 14:19:48,WhatsApp,628722702231,Grup
1774528378412,2026-03-26 12:32:58,WhatsApp,628727557607,Grup
1774550501412,2026-03-26 18:41:41,WhatsApp,628732410327,Pribadi
1774565042412,2026-03-26 22:44:02,WhatsApp,628495372549,Pribadi
1774513184412,2026-03-26 08:19:44,WhatsApp,628289412251,Pribadi
1774558134412,2026-03-26 20:48:54,WhatsApp,628543467480,Grup
1774499215412,2026-03-26 04:26:55,WhatsApp,628852631964,Grup
1774500836412,2026-03-26 04:53:56,WhatsApp,628905742534,Pribadi
1774504975412,2026-03-26 06:02:55,WhatsApp,628777738491,Grup
1774509093412,2026-03-26 07:11:33,WhatsApp,628178500017,Pribadi
1774543996412,2026-03-26 16:53:16,WhatsApp,628430363376,Grup
1774486854412,2026-03-26 01:00:54,WhatsApp,628851380399,Pribadi
1774501554412,2026-03-26 05:05:54,WhatsApp,628993067676,Grup
1774518603412,2026-03-26 09:50:03,WhatsApp,628828499347,Grup
1774502387412,2026-03-26 05:19:47,WhatsApp,628182516627,Grup
1774507295412,2026-03-26 06:41:35,WhatsApp,628157023515,Pribadi
1774499727412,2026-03-26 04:35:27,WhatsApp,628137336212,Grup
1774495273412,2026-03-26 03:21:13,WhatsApp,62878481278,Grup
1774493369412,2026-03-26 02:49:29,WhatsApp,628701188683,Grup
1774551010412,2026-03-26 18:50:10,WhatsApp,6286641335,Grup
1774548760412,2026-03-26 18:12:40,WhatsApp,628387014256,Pribadi
1774529713412,2026-03-26 12:55:13,WhatsApp,628720010269,Grup
1774544630412,2026-03-26 17:03:50,WhatsApp,628265109019,Pribadi
1774555791412,2026-03-26 20:09:51,WhatsApp,628191333346,Grup
1774536690412,2026-03-26 14:51:30,WhatsApp,628804999741,Pribadi
1774561607412,2026-03-26 21:46:47,WhatsApp,62876166475,Grup
1774492928412,2026-03-26 02:42:08,WhatsApp,628211002546,Grup
1774483747412,2026-03-26 00:09:07,WhatsApp,628852870716,Grup
1774533775412,2026-03-26 14:02:55,WhatsApp,62828962482,Pribadi
1774514089412,2026-03-26 08:34:49,WhatsApp,628640803952,Pribadi
1774498789412,2026-03-26 04:19:49,WhatsApp,628397100985,Pribadi
1774529868412,2026-03-26 12:57:48,WhatsApp,628243053698,Grup
1774539959412,2026-03-26 15:45:59,WhatsApp,628142416010,Grup
1774512404412,2026-03-26 08:06:44,WhatsApp,628426816148,Grup
1774529752412,2026-03-26 12:55:52,WhatsApp,628782257392,Grup
1774562044412,2026-03-26 21:54:04,WhatsApp,628840445242,Grup
1774489451412,2026-03-26 01:44:11,WhatsApp,628287346767,Pribadi
1774522947412,2026-03-26 11:02:27,WhatsApp,628167127746,Grup
1774502091412,2026-03-26 05:14:51,WhatsApp,628607215876,Grup
1774510971412,2026-03-26 07:42:51,WhatsApp,628793031712,Pribadi
1774508214412,2026-03-26 06:56:54,WhatsApp,628763031622,Pribadi
1774564402412,2026-03-26 22:33:22,WhatsApp,628659372082,Pribadi
1774500708412,2026-03-26 04:51:48,WhatsApp,628861773048,Pribadi
1774520501412,2026-03-26 10:21:41,WhatsApp,628807223400,Grup
1774500873412,2026-03-26 04:54:33,WhatsApp,628522607368,Pribadi
1774494551412,2026-03-26 03:09:11,Discord,user53831,Server
1774515658412,2026-03-26 09:00:58,Discord,user63758,DM
1774539652412,2026-03-26 15:40:52,Discord,user139,Server
1774540745412,2026-03-26 15:59:05,Discord,user51304,DM
1774509962412,2026-03-26 07:26:02,Discord,user48380,Server
1774485752412,2026-03-26 00:42:32,Discord,user43266,DM
1774518303412,2026-03-26 09:45:03,Discord,user25761,DM
1774513538412,2026-03-26 08:25:38,Discord,user63852,DM
1774535676412,2026-03-26 14:34:36,Discord,user72737,DM
1774505431412,2026-03-26 06:10:31,Discord,user98209,Server
1774524935412,2026-03-26 11:35:35,Discord,user72699,Server
1774538919412,2026-03-26 15:28:39,Discord,user60641,DM
1774518876412,2026-03-26 09:54:36,Discord,user6705,DM
1774539273412,2026-03-26 15:34:33,Discord,user94725,Server
1774523509412,2026-03-26 11:11:49,Discord,user66428,DM
1774551915412,2026-03-26 19:05:15,Discord,user52797,Server
1774530754412,2026-03-26 13:12:34,Discord,user69732,Server
1774485307412,2026-03-26 00:35:07,Discord,user49757,DM
1774513570412,2026-03-26 08:26:10,Discord,user30937,DM
1774518580412,2026-03-26 09:49:40,Discord,user7039,Server
1774483700412,2026-03-26 00:08:20,Discord,user15592,Server
1774564665412,2026-03-26 22:37:45,Discord,user26335,Server
1774504394412,2026-03-26 05:53:14,Discord,user82122,DM
1774528458412,2026-03-26 12:34:18,Discord,user68291,DM
1774524961412,2026-03-26 11:36:01,Discord,user7440,Server
1774521386412,2026-03-26 10:36:26,Discord,user11853,Server
1774501989412,2026-03-26 05:13:09,Discord,user88161,Server
1774519263412,2026-03-26 10:01:03,Discord,user9883,DM
1774565518412,2026-03-26 22:51:58,Discord,user93163,DM
1774487944412,2026-03-26 01:19:04,Discord,user66498,DM
1774520529412,2026-03-26 10:22:09,Discord,user79255,DM
1774591159412,2026-03-27 05:59:19,WhatsApp,628233007875,Grup
1774606442412,2026-03-27 10:14:02,WhatsApp,628371388996,Grup
1774605521412,2026-03-27 09:58:41,WhatsApp,628341877658,Pribadi
1774594604412,2026-03-27 06:56:44,WhatsApp,62868312791,Grup
1774646803412,2026-03-27 21:26:43,WhatsApp,628165140184,Grup
1774616853412,2026-03-27 13:07:33,WhatsApp,628159260345,Pribadi
1774604082412,2026-03-27 09:34:42,WhatsApp,628253450548,Grup
1774606637412,2026-03-27 10:17:17,WhatsApp,628367439128,Grup
1774607793412,2026-03-27 10:36:33,WhatsApp,628397787428,Pribadi
1774625539412,2026-03-27 15:32:19,WhatsApp,628615497052,Pribadi
1774609200412,2026-03-27 11:00:00,WhatsApp,628653528442,Pribadi
1774647660412,2026-03-27 21:41:00,WhatsApp,628635064508,Grup
1774632499412,2026-03-27 17:28:19,WhatsApp,628983617884,Grup
1774584629412,2026-03-27 04:10:29,WhatsApp,628926121493,Grup
1774604028412,2026-03-27 09:33:48,WhatsApp,628776385577,Pribadi
1774620614412,2026-03-27 14:10:14,WhatsApp,62856194840,Pribadi
1774593985412,2026-03-27 06:46:25,WhatsApp,628551678192,Grup
1774646130412,2026-03-27 21:15:30,WhatsApp,628402521069,Grup
1774627087412,2026-03-27 15:58:07,WhatsApp,6283147793,Grup
1774608492412,2026-03-27 10:48:12,WhatsApp,628418062235,Grup
1774623743412,2026-03-27 15:02:23,WhatsApp,628818206824,Grup
1774639393412,2026-03-27 19:23:13,WhatsApp,628296869095,Pribadi
1774574430412,2026-03-27 01:20:30,WhatsApp,628921569617,Pribadi
1774649111412,2026-03-27 22:05:11,WhatsApp,6283371036,Pribadi
1774584675412,2026-03-27 04:11:15,WhatsApp,628424534185,Grup
1774648457412,2026-03-27 21:54:17,WhatsApp,628872936291,Grup
1774600603412,2026-03-27 08:36:43,WhatsApp,628176177058,Grup
1774655418412,2026-03-27 23:50:18,WhatsApp,62879248130,Grup
1774588510412,2026-03-27 05:15:10,WhatsApp,628301609854,Grup
1774576000412,2026-03-27 01:46:40,WhatsApp,628454624915,Grup
1774575638412,2026-03-27 01:40:38,WhatsApp,628150052180,Grup
1774642268412,2026-03-27 20:11:08,WhatsApp,628133712279,Grup
1774641523412,2026-03-27 19:58:43,WhatsApp,628361354051,Grup
1774653942412,2026-03-27 23:25:42,WhatsApp,628744740268,Pribadi
1774593856412,2026-03-27 06:44:16,WhatsApp,628217997695,Pribadi
1774652688412,2026-03-27 23:04:48,WhatsApp,628761978512,Pribadi
1774586748412,2026-03-27 04:45:48,WhatsApp,628162448752,Pribadi
1774632431412,2026-03-27 17:27:11,WhatsApp,628447089279,Grup
1774635410412,2026-03-27 18:16:50,WhatsApp,628833883253,Grup
1774595185412,2026-03-27 07:06:25,WhatsApp,628936458097,Pribadi
1774654851412,2026-03-27 23:40:51,WhatsApp,628250093143,Grup
1774651383412,2026-03-27 22:43:03,WhatsApp,628911584001,Pribadi
1774573223412,2026-03-27 01:00:23,WhatsApp,628814299570,Pribadi
1774610140412,2026-03-27 11:15:40,WhatsApp,628305787125,Grup
1774584192412,2026-03-27 04:03:12,WhatsApp,628681788671,Grup
1774600706412,2026-03-27 08:38:26,WhatsApp,628242814974,Grup
1774589771412,2026-03-27 05:36:11,WhatsApp,62828801052,Grup
1774648589412,2026-03-27 21:56:29,WhatsApp,628775850518,Pribadi
1774626505412,2026-03-27 15:48:25,WhatsApp,628682771300,Pribadi
1774614764412,2026-03-27 12:32:44,WhatsApp,62880864136,Pribadi
1774628364412,2026-03-27 16:19:24,WhatsApp,628291816533,Grup
1774569986412,2026-03-27 00:06:26,WhatsApp,628378403210,Pribadi
1774632885412,2026-03-27 17:34:45,WhatsApp,628989126384,Grup
1774596625412,2026-03-27 07:30:25,WhatsApp,628329308850,Grup
1774604274412,2026-03-27 09:37:54,WhatsApp,628131120268,Pribadi
1774602665412,2026-03-27 09:11:05,WhatsApp,628717879280,Pribadi
1774606347412,2026-03-27 10:12:27,WhatsApp,628501438924,Grup
1774630728412,2026-03-27 16:58:48,WhatsApp,628582965438,Grup
1774627228412,2026-03-27 16:00:28,WhatsApp,628991145047,Pribadi
1774654447412,2026-03-27 23:34:07,WhatsApp,628467916123,Grup
1774629031412,2026-03-27 16:30:31,WhatsApp,628721233492,Pribadi
1774581503412,2026-03-27 03:18:23,WhatsApp,62882245125,Grup
1774623692412,2026-03-27 15:01:32,WhatsApp,628794424618,Grup
1774636045412,2026-03-27 18:27:25,WhatsApp,628517059315,Pribadi
1774655500412,2026-03-27 23:51:40,WhatsApp,628752547004,Grup
1774576031412,2026-03-27 01:47:11,WhatsApp,628238401321,Pribadi
1774597468412,2026-03-27 07:44:28,WhatsApp,628515510215,Grup
1774626346412,2026-03-27 15:45:46,WhatsApp,628629573595,Grup
1774647135412,2026-03-27 21:32:15,WhatsApp,628139258555,Pribadi
1774644614412,2026-03-27 20:50:14,WhatsApp,628708081760,Grup
1774643129412,2026-03-27 20:25:29,WhatsApp,628946667557,Grup
1774610576412,2026-03-27 11:22:56,WhatsApp,628264608554,Grup
1774595230412,2026-03-27 07:07:10,WhatsApp,628156653143,Grup
1774640879412,2026-03-27 19:47:59,WhatsApp,628792350765,Grup
1774628913412,2026-03-27 16:28:33,WhatsApp,628620818978,Pribadi
1774618497412,2026-03-27 13:34:57,WhatsApp,62891600885,Pribadi
1774630821412,2026-03-27 17:00:21,WhatsApp,62895858804,Grup
1774617576412,2026-03-27 13:19:36,WhatsApp,628720559937,Grup
1774638243412,2026-03-27 19:04:03,WhatsApp,628146390315,Grup
1774653693412,2026-03-27 23:21:33,WhatsApp,628556712545,Pribadi
1774631523412,2026-03-27 17:12:03,WhatsApp,628474268254,Pribadi
1774616282412,2026-03-27 12:58:02,WhatsApp,628939150271,Grup
1774580994412,2026-03-27 03:09:54,WhatsApp,62845489624,Pribadi
1774612424412,2026-03-27 11:53:44,WhatsApp,628990194469,Grup
1774575576412,2026-03-27 01:39:36,WhatsApp,62898867722,Pribadi
1774651529412,2026-03-27 22:45:29,WhatsApp,628498797070,Pribadi
1774571474412,2026-03-27 00:31:14,WhatsApp,628601554542,Grup
1774599313412,2026-03-27 08:15:13,WhatsApp,628674289185,Pribadi
1774608266412,2026-03-27 10:44:26,WhatsApp,628111737838,Grup
1774577556412,2026-03-27 02:12:36,WhatsApp,628344832543,Grup
1774594989412,2026-03-27 07:03:09,WhatsApp,628203998956,Pribadi
1774638781412,2026-03-27 19:13:01,WhatsApp,628717395974,Pribadi
1774621402412,2026-03-27 14:23:22,WhatsApp,628726611024,Grup
1774589627412,2026-03-27 05:33:47,WhatsApp,62816963127,Grup
1774605900412,2026-03-27 10:05:00,WhatsApp,628165687124,Grup
1774628557412,2026-03-27 16:22:37,WhatsApp,628469154074,Pribadi
1774588745412,2026-03-27 05:19:05,WhatsApp,628159544415,Grup
1774616213412,2026-03-27 12:56:53,WhatsApp,628517895167,Grup
1774638290412,2026-03-27 19:04:50,WhatsApp,628701531232,Grup
1774613705412,2026-03-27 12:15:05,WhatsApp,628692659171,Grup
1774599165412,2026-03-27 08:12:45,WhatsApp,62833137746,Pribadi
1774581901412,2026-03-27 03:25:01,WhatsApp,6281518348,Grup
1774604807412,2026-03-27 09:46:47,WhatsApp,628722842524,Grup
1774590282412,2026-03-27 05:44:42,WhatsApp,628968488551,Grup
1774647600412,2026-03-27 21:40:00,WhatsApp,62843134277,Grup
1774639705412,2026-03-27 19:28:25,WhatsApp,628446110886,Pribadi
1774603520412,2026-03-27 09:25:20,WhatsApp,628237514694,Grup
1774586484412,2026-03-27 04:41:24,WhatsApp,628122873925,Pribadi
1774624350412,2026-03-27 15:12:30,WhatsApp,628132759217,Grup
1774632656412,2026-03-27 17:30:56,WhatsApp,628739002860,Pribadi
1774618816412,2026-03-27 13:40:16,Discord,user41059,Server
1774618605412,2026-03-27 13:36:45,Discord,user5425,DM
1774635155412,2026-03-27 18:12:35,Discord,user5763,DM
1774615427412,2026-03-27 12:43:47,Discord,user27611,DM
1774608800412,2026-03-27 10:53:20,Discord,user21743,Server
1774624236412,2026-03-27 15:10:36,Discord,user60557,Server
1774580102412,2026-03-27 02:55:02,Discord,user72380,DM
1774599253412,2026-03-27 08:14:13,Discord,user53276,Server
1774596746412,2026-03-27 07:32:26,Discord,user54458,Server
1774593517412,2026-03-27 06:38:37,Discord,user92697,DM
1774577247412,2026-03-27 02:07:27,Discord,user93662,Server
1774616745412,2026-03-27 13:05:45,Discord,user91361,DM
1774607473412,2026-03-27 10:31:13,Discord,user90139,DM
1774573926412,2026-03-27 01:12:06,Discord,user65228,Server
1774589328412,2026-03-27 05:28:48,Discord,user20023,Server
1774619662412,2026-03-27 13:54:22,Discord,user60095,DM
1774582826412,2026-03-27 03:40:26,Discord,user87466,Server
1774651763412,2026-03-27 22:49:23,Discord,user85039,Server
1774571935412,2026-03-27 00:38:55,Discord,user9950,DM
1774598214412,2026-03-27 07:56:54,Discord,user90673,Server
1774577561412,2026-03-27 02:12:41,Discord,user55526,Server
1774641650412,2026-03-27 20:00:50,Discord,user12354,Server
1774595618412,2026-03-27 07:13:38,Discord,user74520,Server
1774571258412,2026-03-27 00:27:38,Discord,user32469,Server
1774594086412,2026-03-27 06:48:06,Discord,user29914,Server
1774640189412,2026-03-27 19:36:29,Discord,user60431,DM
1774587548412,2026-03-27 04:59:08,Discord,user84775,Server
1774644290412,2026-03-27 20:44:50,Discord,user53935,Server
1774590196412,2026-03-27 05:43:16,Discord,user82675,Server
1774571246412,2026-03-27 00:27:26,Discord,user68017,DM
1774625103412,2026-03-27 15:25:03,Discord,user19211,DM
1774636629412,2026-03-27 18:37:09,Discord,user8505,DM
1774639598412,2026-03-27 19:26:38,Discord,user99746,Server
1774647836412,2026-03-27 21:43:56,Discord,user4737,DM
1774741814412,2026-03-28 23:50:14,WhatsApp,628651817128,Grup
1774716811412,2026-03-28 16:53:31,WhatsApp,628591755705,Grup
1774685483412,2026-03-28 08:11:23,WhatsApp,628641055809,Pribadi
1774674062412,2026-03-28 05:01:02,WhatsApp,628949673802,Grup
1774741256412,2026-03-28 23:40:56,WhatsApp,628214642405,Grup
1774719412412,2026-03-28 17:36:52,WhatsApp,628141410794,Grup
1774723838412,2026-03-28 18:50:38,WhatsApp,628610642747,Grup
1774732789412,2026-03-28 21:19:49,WhatsApp,628443477875,Grup
1774720351412,2026-03-28 17:52:31,WhatsApp,628712387864,Grup
1774741158412,2026-03-28 23:39:18,WhatsApp,628234314035,Grup
1774703382412,2026-03-28 13:09:42,WhatsApp,628681671862,Pribadi
1774713201412,2026-03-28 15:53:21,WhatsApp,628505481022,Grup
1774699016412,2026-03-28 11:56:56,WhatsApp,628214613603,Grup
1774694095412,2026-03-28 10:34:55,WhatsApp,628199492789,Pribadi
1774703866412,2026-03-28 13:17:46,WhatsApp,628589321920,Grup
1774673066412,2026-03-28 04:44:26,WhatsApp,628257463649,Grup
1774669660412,2026-03-28 03:47:40,WhatsApp,628681362727,Grup
1774697953412,2026-03-28 11:39:13,WhatsApp,628995300566,Grup
1774681901412,2026-03-28 07:11:41,WhatsApp,628397001992,Grup
1774705279412,2026-03-28 13:41:19,WhatsApp,6286669510,Grup
1774656792412,2026-03-28 00:13:12,WhatsApp,628107771913,Grup
1774736587412,2026-03-28 22:23:07,WhatsApp,628647226658,Pribadi
1774677974412,2026-03-28 06:06:14,WhatsApp,628495489397,Pribadi
1774717675412,2026-03-28 17:07:55,WhatsApp,628403684012,Pribadi
1774706086412,2026-03-28 13:54:46,WhatsApp,628350459914,Pribadi
1774689261412,2026-03-28 09:14:21,WhatsApp,628555299261,Pribadi
1774722128412,2026-03-28 18:22:08,WhatsApp,628684268180,Pribadi
1774685150412,2026-03-28 08:05:50,WhatsApp,628542231089,Pribadi
1774686872412,2026-03-28 08:34:32,WhatsApp,628136308935,Grup
1774702281412,2026-03-28 12:51:21,WhatsApp,62857059853,Grup
1774691143412,2026-03-28 09:45:43,WhatsApp,62851140372,Pribadi
1774663349412,2026-03-28 02:02:29,WhatsApp,628363705767,Pribadi
1774685145412,2026-03-28 08:05:45,WhatsApp,628392221789,Grup
1774674071412,2026-03-28 05:01:11,WhatsApp,628527100767,Pribadi
1774702128412,2026-03-28 12:48:48,WhatsApp,628734136510,Pribadi
1774736568412,2026-03-28 22:22:48,WhatsApp,628496699836,Grup
1774704511412,2026-03-28 13:28:31,WhatsApp,628676421620,Grup
1774721760412,2026-03-28 18:16:00,WhatsApp,628868851955,Grup
1774709741412,2026-03-28 14:55:41,WhatsApp,628290823526,Grup
1774684887412,2026-03-28 08:01:27,WhatsApp,628993041000,Pribadi
1774714951412,2026-03-28 16:22:31,WhatsApp,628167117653,Grup
1774676190412,2026-03-28 05:36:30,WhatsApp,628751777759,Grup
1774740731412,2026-03-28 23:32:11,WhatsApp,628122512685,Grup
1774712264412,2026-03-28 15:37:44,WhatsApp,628371338980,Grup
1774721932412,2026-03-28 18:18:52,WhatsApp,628487971303,Pribadi
1774730832412,2026-03-28 20:47:12,WhatsApp,628682837701,Pribadi
1774682993412,2026-03-28 07:29:53,WhatsApp,628803268707,Pribadi
1774694080412,2026-03-28 10:34:40,WhatsApp,628176159785,Grup
1774722849412,2026-03-28 18:34:09,WhatsApp,62821091126,Pribadi
1774688675412,2026-03-28 09:04:35,WhatsApp,628111276758,Grup
1774725826412,2026-03-28 19:23:46,WhatsApp,628408392052,Grup
1774713816412,2026-03-28 16:03:36,WhatsApp,62829591652,Pribadi
1774710340412,2026-03-28 15:05:40,WhatsApp,628379942206,Grup
1774690191412,2026-03-28 09:29:51,WhatsApp,628324737197,Grup
1774667962412,2026-03-28 03:19:22,WhatsApp,628986771143,Grup
1774686421412,2026-03-28 08:27:01,WhatsApp,628257975309,Grup
1774740869412,2026-03-28 23:34:29,WhatsApp,628602499849,Grup
1774714659412,2026-03-28 16:17:39,WhatsApp,628997099412,Pribadi
1774669183412,2026-03-28 03:39:43,WhatsApp,628551648790,Pribadi
1774685759412,2026-03-28 08:15:59,WhatsApp,628826113668,Grup
1774713648412,2026-03-28 16:00:48,WhatsApp,628670357128,Pribadi
1774671976412,2026-03-28 04:26:16,WhatsApp,628454739570,Grup
1774663051412,2026-03-28 01:57:31,WhatsApp,628237868315,Grup
1774681587412,2026-03-28 07:06:27,WhatsApp,628945837639,Grup
1774656138412,2026-03-28 00:02:18,WhatsApp,62879255060,Grup
1774700580412,2026-03-28 12:23:00,WhatsApp,628292450985,Grup
1774699067412,2026-03-28 11:57:47,WhatsApp,628730162384,Grup
1774690549412,2026-03-28 09:35:49,WhatsApp,628352750052,Pribadi
1774709895412,2026-03-28 14:58:15,WhatsApp,628754183951,Pribadi
1774675362412,2026-03-28 05:22:42,WhatsApp,628188339142,Grup
1774695169412,2026-03-28 10:52:49,WhatsApp,628447988153,Grup
1774678621412,2026-03-28 06:17:01,WhatsApp,628938390395,Grup
1774712902412,2026-03-28 15:48:22,WhatsApp,628741211230,Grup
1774739495412,2026-03-28 23:11:35,WhatsApp,628501986424,Pribadi
1774661967412,2026-03-28 01:39:27,WhatsApp,628155845445,Pribadi
1774665124412,2026-03-28 02:32:04,WhatsApp,628860698529,Pribadi
1774668985412,2026-03-28 03:36:25,WhatsApp,628386717034,Grup
1774733146412,2026-03-28 21:25:46,WhatsApp,628818887837,Pribadi
1774741731412,2026-03-28 23:48:51,WhatsApp,628236983595,Grup
1774721017412,2026-03-28 18:03:37,WhatsApp,62818331547,Grup
1774703522412,2026-03-28 13:12:02,WhatsApp,62872274563,Pribadi
1774661445412,2026-03-28 01:30:45,WhatsApp,628694201006,Grup
1774717733412,2026-03-28 17:08:53,WhatsApp,628556378528,Pribadi
1774707804412,2026-03-28 14:23:24,WhatsApp,628514905693,Grup
1774677637412,2026-03-28 06:00:37,WhatsApp,628156088106,Grup
1774713415412,2026-03-28 15:56:55,WhatsApp,628966757512,Grup
1774739870412,2026-03-28 23:17:50,WhatsApp,628878214830,Grup
1774732937412,2026-03-28 21:22:17,WhatsApp,628973733064,Pribadi
1774734543412,2026-03-28 21:49:03,WhatsApp,628521591033,Pribadi
1774701647412,2026-03-28 12:40:47,WhatsApp,62871961151,Pribadi
1774698363412,2026-03-28 11:46:03,WhatsApp,628567969467,Grup
1774676731412,2026-03-28 05:45:31,WhatsApp,628165028769,Pribadi
1774712329412,2026-03-28 15:38:49,WhatsApp,62836237693,Pribadi
1774712175412,2026-03-28 15:36:15,WhatsApp,628755172146,Grup
1774718513412,2026-03-28 17:21:53,WhatsApp,628921481752,Pribadi
1774719208412,2026-03-28 17:33:28,WhatsApp,6287562934,Pribadi
1774692501412,2026-03-28 10:08:21,WhatsApp,628448171751,Pribadi
1774679993412,2026-03-28 06:39:53,WhatsApp,628256066406,Pribadi
1774721063412,2026-03-28 18:04:23,WhatsApp,628891288764,Grup
1774696857412,2026-03-28 11:20:57,WhatsApp,628105375165,Pribadi
1774712481412,2026-03-28 15:41:21,WhatsApp,628164187013,Pribadi
1774667993412,2026-03-28 03:19:53,WhatsApp,628897658792,Grup
1774706237412,2026-03-28 13:57:17,WhatsApp,628418274826,Grup
1774666325412,2026-03-28 02:52:05,WhatsApp,628144520063,Pribadi
1774725954412,2026-03-28 19:25:54,WhatsApp,628754435121,Pribadi
1774693157412,2026-03-28 10:19:17,WhatsApp,62857693215,Grup
1774714866412,2026-03-28 16:21:06,WhatsApp,6283674354,Grup
1774722264412,2026-03-28 18:24:24,WhatsApp,628520585558,Grup
1774711650412,2026-03-28 15:27:30,WhatsApp,62895033401,Grup
1774679122412,2026-03-28 06:25:22,WhatsApp,628687767075,Grup
1774735518412,2026-03-28 22:05:18,Discord,user79715,Server
1774669126412,2026-03-28 03:38:46,Discord,user89675,DM
1774686615412,2026-03-28 08:30:15,Discord,user88977,DM
1774724828412,2026-03-28 19:07:08,Discord,user74863,Server
1774692341412,2026-03-28 10:05:41,Discord,user4009,DM
1774680579412,2026-03-28 06:49:39,Discord,user40990,DM
1774672093412,2026-03-28 04:28:13,Discord,user35523,DM
1774666958412,2026-03-28 03:02:38,Discord,user30667,DM
1774705321412,2026-03-28 13:42:01,Discord,user59163,Server
1774670545412,2026-03-28 04:02:25,Discord,user83525,DM
1774677559412,2026-03-28 05:59:19,Discord,user59544,Server
1774740482412,2026-03-28 23:28:02,Discord,user87130,DM
1774677830412,2026-03-28 06:03:50,Discord,user98366,Server
1774656702412,2026-03-28 00:11:42,Discord,user3039,Server
1774741329412,2026-03-28 23:42:09,Discord,user36712,Server
1774657277412,2026-03-28 00:21:17,Discord,user69607,Server
1774660646412,2026-03-28 01:17:26,Discord,user46941,Server
1774662633412,2026-03-28 01:50:33,Discord,user62038,DM
1774736630412,2026-03-28 22:23:50,Discord,user65901,DM
1774704248412,2026-03-28 13:24:08,Discord,user85850,DM
1774723668412,2026-03-28 18:47:48,Discord,user96000,DM
1774705161412,2026-03-28 13:39:21,Discord,user63380,DM
1774665005412,2026-03-28 02:30:05,Discord,user98976,DM
1774735146412,2026-03-28 21:59:06,Discord,user67038,DM
1774718301412,2026-03-28 17:18:21,Discord,user87514,Server
1774725500412,2026-03-28 19:18:20,Discord,user14413,Server
1774692940412,2026-03-28 10:15:40,Discord,user5675,Server
1774717072412,2026-03-28 16:57:52,Discord,user83911,Server
1774724808412,2026-03-28 19:06:48,Discord,user44150,DM
1774708104412,2026-03-28 14:28:24,Discord,user48135,DM
1774702322412,2026-03-28 12:52:02,Discord,user42007,Server
1774722477412,2026-03-28 18:27:57,Discord,user51839,DM
1774741756412,2026-03-28 23:49:16,Discord,user6377,DM
1774712453412,2026-03-28 15:40:53,Discord,user94332,DM
1774660735412,2026-03-28 01:18:55,Discord,user17197,Server
1774697319412,2026-03-28 11:28:39,Discord,user81117,Server
1774666684412,2026-03-28 02:58:04,Discord,user5912,DM
1774705582412,2026-03-28 13:46:22,Discord,user95430,DM
1774767639412,2026-03-29 07:00:39,WhatsApp,628724899826,Grup
1774788848412,2026-03-29 12:54:08,WhatsApp,628338788838,Grup
1774794207412,2026-03-29 14:23:27,WhatsApp,628457266393,Grup
1774778523412,2026-03-29 10:02:03,WhatsApp,628362857286,Grup
1774783882412,2026-03-29 11:31:22,WhatsApp,628922992303,Pribadi
1774746716412,2026-03-29 01:11:56,WhatsApp,628427634094,Pribadi
1774753498412,2026-03-29 03:04:58,WhatsApp,628914004363,Pribadi
1774815389412,2026-03-29 20:16:29,WhatsApp,628723138155,Pribadi
1774807643412,2026-03-29 18:07:23,WhatsApp,628535777078,Pribadi
1774803517412,2026-03-29 16:58:37,WhatsApp,628856101732,Grup
1774778622412,2026-03-29 10:03:42,WhatsApp,628959780054,Grup
1774783539412,2026-03-29 11:25:39,WhatsApp,628461097365,Grup
1774818324412,2026-03-29 21:05:24,WhatsApp,628119479895,Grup
1774752986412,2026-03-29 02:56:26,WhatsApp,628590091256,Grup
1774820204412,2026-03-29 21:36:44,WhatsApp,628770699431,Pribadi
1774752894412,2026-03-29 02:54:54,WhatsApp,628203159712,Grup
1774754436412,2026-03-29 03:20:36,WhatsApp,628797766976,Pribadi
1774777347412,2026-03-29 09:42:27,WhatsApp,628421768147,Grup
1774743570412,2026-03-29 00:19:30,WhatsApp,628893094123,Grup
1774822857412,2026-03-29 22:20:57,WhatsApp,628777287235,Grup
1774801352412,2026-03-29 16:22:32,WhatsApp,628950322596,Grup
1774790316412,2026-03-29 13:18:36,WhatsApp,628397735247,Grup
1774781514412,2026-03-29 10:51:54,WhatsApp,62823214247,Grup
1774773305412,2026-03-29 08:35:05,WhatsApp,62847279761,Grup
1774811700412,2026-03-29 19:15:00,WhatsApp,628154342543,Pribadi
1774772904412,2026-03-29 08:28:24,WhatsApp,628152286912,Grup
1774757465412,2026-03-29 04:11:05,WhatsApp,628484747958,Grup
1774819789412,2026-03-29 21:29:49,WhatsApp,628829446374,Grup
1774813644412,2026-03-29 19:47:24,WhatsApp,628268295349,Grup
1774751907412,2026-03-29 02:38:27,WhatsApp,628894974258,Grup
1774810365412,2026-03-29 18:52:45,WhatsApp,628334546757,Pribadi
1774786381412,2026-03-29 12:13:01,WhatsApp,628380895969,Grup
1774763140412,2026-03-29 05:45:40,WhatsApp,628523598635,Grup
1774789814412,2026-03-29 13:10:14,WhatsApp,628631493601,Grup
1774769361412,2026-03-29 07:29:21,WhatsApp,62825131310,Grup
1774756463412,2026-03-29 03:54:23,WhatsApp,628720279424,Pribadi
1774824967412,2026-03-29 22:56:07,WhatsApp,628154160375,Grup
1774780417412,2026-03-29 10:33:37,WhatsApp,628901905099,Pribadi
1774806685412,2026-03-29 17:51:25,WhatsApp,62817593088,Grup
1774805770412,2026-03-29 17:36:10,WhatsApp,628359422556,Grup
1774823585412,2026-03-29 22:33:05,WhatsApp,628368643197,Pribadi
1774789250412,2026-03-29 13:00:50,WhatsApp,628193788873,Pribadi
1774782758412,2026-03-29 11:12:38,WhatsApp,628909671612,Grup
1774793640412,2026-03-29 14:14:00,WhatsApp,628761178007,Pribadi
1774784707412,2026-03-29 11:45:07,WhatsApp,628318997035,Pribadi
1774762248412,2026-03-29 05:30:48,WhatsApp,628809838980,Grup
1774790781412,2026-03-29 13:26:21,WhatsApp,628557006166,Grup
1774828443412,2026-03-29 23:54:03,WhatsApp,628709073674,Grup
1774743841412,2026-03-29 00:24:01,WhatsApp,628574591462,Pribadi
1774776560412,2026-03-29 09:29:20,WhatsApp,628968267397,Pribadi
1774813905412,2026-03-29 19:51:45,WhatsApp,628147539483,Pribadi
1774822859412,2026-03-29 22:20:59,WhatsApp,62841512187,Grup
1774754474412,2026-03-29 03:21:14,WhatsApp,628958912377,Grup
1774776977412,2026-03-29 09:36:17,WhatsApp,628358118232,Grup
1774784207412,2026-03-29 11:36:47,WhatsApp,628448303228,Grup
1774777446412,2026-03-29 09:44:06,WhatsApp,628143852330,Grup
1774821801412,2026-03-29 22:03:21,WhatsApp,628971004252,Grup
1774774565412,2026-03-29 08:56:05,WhatsApp,6284394569,Pribadi
1774765625412,2026-03-29 06:27:05,WhatsApp,628541343190,Pribadi
1774798511412,2026-03-29 15:35:11,WhatsApp,628192568798,Pribadi
1774826308412,2026-03-29 23:18:28,WhatsApp,628698815897,Grup
1774777815412,2026-03-29 09:50:15,WhatsApp,628781273841,Grup
1774801325412,2026-03-29 16:22:05,WhatsApp,628442300110,Pribadi
1774813579412,2026-03-29 19:46:19,WhatsApp,628276477727,Pribadi
1774753749412,2026-03-29 03:09:09,WhatsApp,628517452774,Grup
1774745707412,2026-03-29 00:55:07,WhatsApp,628785439914,Pribadi
1774792407412,2026-03-29 13:53:27,WhatsApp,62861914390,Grup
1774812356412,2026-03-29 19:25:56,WhatsApp,628600392227,Pribadi
1774770038412,2026-03-29 07:40:38,WhatsApp,628409484787,Grup
1774818786412,2026-03-29 21:13:06,WhatsApp,628842293919,Pribadi
1774793769412,2026-03-29 14:16:09,WhatsApp,628909509062,Grup
1774743732412,2026-03-29 00:22:12,WhatsApp,628610018820,Grup
1774772538412,2026-03-29 08:22:18,WhatsApp,628123311274,Grup
1774767657412,2026-03-29 07:00:57,WhatsApp,628815927781,Grup
1774784302412,2026-03-29 11:38:22,WhatsApp,628246216932,Pribadi
1774778211412,2026-03-29 09:56:51,WhatsApp,628845454036,Grup
1774776006412,2026-03-29 09:20:06,WhatsApp,628685452654,Pribadi
1774751337412,2026-03-29 02:28:57,WhatsApp,628395908873,Grup
1774778793412,2026-03-29 10:06:33,WhatsApp,628783456746,Grup
1774775305412,2026-03-29 09:08:25,WhatsApp,628847460672,Grup
1774787219412,2026-03-29 12:26:59,WhatsApp,628935834713,Grup
1774778999412,2026-03-29 10:09:59,WhatsApp,628208838359,Grup
1774795272412,2026-03-29 14:41:12,WhatsApp,628554412723,Grup
1774758878412,2026-03-29 04:34:38,WhatsApp,628410614137,Grup
1774754532412,2026-03-29 03:22:12,WhatsApp,628353749466,Grup
1774823433412,2026-03-29 22:30:33,WhatsApp,628701236307,Pribadi
1774765611412,2026-03-29 06:26:51,WhatsApp,628484813110,Grup
1774819322412,2026-03-29 21:22:02,WhatsApp,628285170305,Grup
1774787386412,2026-03-29 12:29:46,WhatsApp,628145612253,Grup
1774764651412,2026-03-29 06:10:51,WhatsApp,628570172894,Grup
1774769961412,2026-03-29 07:39:21,WhatsApp,628730463773,Grup
1774764743412,2026-03-29 06:12:23,WhatsApp,628797842863,Grup
1774763406412,2026-03-29 05:50:06,WhatsApp,628845408669,Pribadi
1774808369412,2026-03-29 18:19:29,WhatsApp,628291471298,Pribadi
1774745783412,2026-03-29 00:56:23,WhatsApp,628460525490,Grup
1774823138412,2026-03-29 22:25:38,WhatsApp,628137501034,Grup
1774752124412,2026-03-29 02:42:04,WhatsApp,628463124855,Grup
1774778403412,2026-03-29 10:00:03,WhatsApp,628473694340,Pribadi
1774824969412,2026-03-29 22:56:09,WhatsApp,628945164295,Pribadi
1774808418412,2026-03-29 18:20:18,WhatsApp,628699983997,Grup
1774809861412,2026-03-29 18:44:21,WhatsApp,628624022286,Grup
1774800483412,2026-03-29 16:08:03,WhatsApp,628807691944,Grup
1774777656412,2026-03-29 09:47:36,WhatsApp,628598158160,Pribadi
1774809723412,2026-03-29 18:42:03,WhatsApp,628268786563,Pribadi
1774742454412,2026-03-29 00:00:54,WhatsApp,628622894187,Pribadi
1774807791412,2026-03-29 18:09:51,WhatsApp,628449195700,Pribadi
1774757158412,2026-03-29 04:05:58,WhatsApp,628120032411,Pribadi
1774809845412,2026-03-29 18:44:05,Discord,user73360,Server
1774814458412,2026-03-29 20:00:58,Discord,user68775,DM
1774824735412,2026-03-29 22:52:15,Discord,user2891,DM
1774765556412,2026-03-29 06:25:56,Discord,user58456,Server
1774776573412,2026-03-29 09:29:33,Discord,user17168,DM
1774744211412,2026-03-29 00:30:11,Discord,user47410,DM
1774766222412,2026-03-29 06:37:02,Discord,user23955,DM
1774770905412,2026-03-29 07:55:05,Discord,user2269,Server
1774811115412,2026-03-29 19:05:15,Discord,user55259,Server
1774785084412,2026-03-29 11:51:24,Discord,user60597,DM
1774813352412,2026-03-29 19:42:32,Discord,user56233,Server
1774797393412,2026-03-29 15:16:33,Discord,user64554,DM
1774814728412,2026-03-29 20:05:28,Discord,user54932,DM
1774814945412,2026-03-29 20:09:05,Discord,user91863,DM
1774802083412,2026-03-29 16:34:43,Discord,user40757,DM
1774799678412,2026-03-29 15:54:38,Discord,user42459,DM
1774752057412,2026-03-29 02:40:57,Discord,user44729,DM
1774753591412,2026-03-29 03:06:31,Discord,user78203,DM
1774793750412,2026-03-29 14:15:50,Discord,user63698,Server
1774824038412,2026-03-29 22:40:38,Discord,user84166,Server
1774823637412,2026-03-29 22:33:57,Discord,user16323,DM
1774765399412,2026-03-29 06:23:19,Discord,user61525,DM
1774806848412,2026-03-29 17:54:08,Discord,user5639,DM
1774800752412,2026-03-29 16:12:32,Discord,user65924,Server
1774809397412,2026-03-29 18:36:37,Discord,user85475,DM
1774766613412,2026-03-29 06:43:33,Discord,user12205,DM
1774763951412,2026-03-29 05:59:11,Discord,user79790,Server
1774820953412,2026-03-29 21:49:13,Discord,user46520,DM
1774827308412,2026-03-29 23:35:08,Discord,user11824,DM
1774767592412,2026-03-29 06:59:52,Discord,user22153,Server
1774764266412,2026-03-29 06:04:26,Discord,user89151,Server
1774806813412,2026-03-29 17:53:33,Discord,user70467,DM
1774893932412,2026-03-30 18:05:32,WhatsApp,628828408983,Grup
1774899626412,2026-03-30 19:40:26,WhatsApp,628339636008,Grup
1774834060412,2026-03-30 01:27:40,WhatsApp,628306251,Grup
1774904844412,2026-03-30 21:07:24,WhatsApp,628356252905,Grup
1774840589412,2026-03-30 03:16:29,WhatsApp,628994215529,Grup
1774860796412,2026-03-30 08:53:16,WhatsApp,628376568955,Grup
1774864340412,2026-03-30 09:52:20,WhatsApp,628572928002,Grup
1774909343412,2026-03-30 22:22:23,WhatsApp,6284281481,Grup
1774871755412,2026-03-30 11:55:55,WhatsApp,628369116712,Grup
1774874783412,2026-03-30 12:46:23,WhatsApp,628933991715,Grup
1774838170412,2026-03-30 02:36:10,WhatsApp,628430126194,Pribadi
1774841566412,2026-03-30 03:32:46,WhatsApp,628683156255,Pribadi
1774853672412,2026-03-30 06:54:32,WhatsApp,628741809286,Grup
1774866224412,2026-03-30 10:23:44,WhatsApp,628364757952,Grup
1774876341412,2026-03-30 13:12:21,WhatsApp,628282401403,Grup
1774883140412,2026-03-30 15:05:40,WhatsApp,628800517244,Pribadi
1774843372412,2026-03-30 04:02:52,WhatsApp,628669858248,Pribadi
1774877952412,2026-03-30 13:39:12,WhatsApp,628781311994,Grup
1774888117412,2026-03-30 16:28:37,WhatsApp,628847029203,Grup
1774881331412,2026-03-30 14:35:31,WhatsApp,628700325652,Grup
1774860323412,2026-03-30 08:45:23,WhatsApp,628289981013,Pribadi
1774875206412,2026-03-30 12:53:26,WhatsApp,628647626007,Grup
1774857751412,2026-03-30 08:02:31,WhatsApp,62818649489,Grup
1774832689412,2026-03-30 01:04:49,WhatsApp,628576154435,Grup
1774864338412,2026-03-30 09:52:18,WhatsApp,628875801220,Grup
1774869198412,2026-03-30 11:13:18,WhatsApp,628295294490,Grup
1774901741412,2026-03-30 20:15:41,WhatsApp,628990660344,Pribadi
1774888044412,2026-03-30 16:27:24,WhatsApp,6283948798,Grup
1774904002412,2026-03-30 20:53:22,WhatsApp,628491028679,Pribadi
1774833552412,2026-03-30 01:19:12,WhatsApp,628506210402,Pribadi
1774854542412,2026-03-30 07:09:02,WhatsApp,628769991235,Grup
1774875232412,2026-03-30 12:53:52,WhatsApp,628385356709,Grup
1774896756412,2026-03-30 18:52:36,WhatsApp,628110736036,Grup
1774866845412,2026-03-30 10:34:05,WhatsApp,628762306646,Grup
1774847734412,2026-03-30 05:15:34,WhatsApp,628896625817,Grup
1774886132412,2026-03-30 15:55:32,WhatsApp,62892494260,Grup
1774850823412,2026-03-30 06:07:03,WhatsApp,62891179645,Pribadi
1774897701412,2026-03-30 19:08:21,WhatsApp,628452228917,Pribadi
1774890741412,2026-03-30 17:12:21,WhatsApp,628397488891,Pribadi
1774872402412,2026-03-30 12:06:42,WhatsApp,628708931192,Grup
1774843373412,2026-03-30 04:02:53,WhatsApp,628190525132,Grup
1774868122412,2026-03-30 10:55:22,WhatsApp,628903864752,Grup
1774850190412,2026-03-30 05:56:30,WhatsApp,628885671098,Grup
1774914191412,2026-03-30 23:43:11,WhatsApp,628198603329,Grup
1774834641412,2026-03-30 01:37:21,WhatsApp,628855281070,Pribadi
1774869486412,2026-03-30 11:18:06,WhatsApp,628577632296,Grup
1774868992412,2026-03-30 11:09:52,WhatsApp,628992421687,Grup
1774909886412,2026-03-30 22:31:26,WhatsApp,628357647503,Grup
1774889554412,2026-03-30 16:52:34,WhatsApp,628562586995,Grup
1774898831412,2026-03-30 19:27:11,WhatsApp,628757937990,Pribadi
1774863700412,2026-03-30 09:41:40,WhatsApp,628550942706,Pribadi
1774869385412,2026-03-30 11:16:25,WhatsApp,628998878383,Grup
1774829864412,2026-03-30 00:17:44,WhatsApp,62864906763,Grup
1774879801412,2026-03-30 14:10:01,WhatsApp,628398114757,Grup
1774851830412,2026-03-30 06:23:50,WhatsApp,628324227612,Grup
1774893879412,2026-03-30 18:04:39,WhatsApp,628399540057,Pribadi
1774904499412,2026-03-30 21:01:39,WhatsApp,628775898433,Grup
1774884094412,2026-03-30 15:21:34,WhatsApp,628479439237,Pribadi
1774829255412,2026-03-30 00:07:35,WhatsApp,628938213111,Pribadi
1774911501412,2026-03-30 22:58:21,WhatsApp,628475737283,Grup
1774830060412,2026-03-30 00:21:00,WhatsApp,628856609426,Grup
1774839223412,2026-03-30 02:53:43,WhatsApp,628383904924,Pribadi
1774907213412,2026-03-30 21:46:53,WhatsApp,628341785401,Grup
1774867429412,2026-03-30 10:43:49,WhatsApp,628532325481,Grup
1774903756412,2026-03-30 20:49:16,WhatsApp,628822595364,Grup
1774905149412,2026-03-30 21:12:29,WhatsApp,628956860757,Pribadi
1774852704412,2026-03-30 06:38:24,WhatsApp,62813885156,Pribadi
1774879715412,2026-03-30 14:08:35,WhatsApp,62832080406,Grup
1774872244412,2026-03-30 12:04:04,WhatsApp,628910399786,Pribadi
1774830823412,2026-03-30 00:33:43,WhatsApp,62812887939,Grup
1774877681412,2026-03-30 13:34:41,WhatsApp,628415058402,Grup
1774906544412,2026-03-30 21:35:44,WhatsApp,628370624889,Pribadi
1774835456412,2026-03-30 01:50:56,WhatsApp,62813860148,Grup
1774872291412,2026-03-30 12:04:51,WhatsApp,628537748499,Pribadi
1774876243412,2026-03-30 13:10:43,WhatsApp,628811764328,Grup
1774853004412,2026-03-30 06:43:24,WhatsApp,628716226342,Grup
1774866501412,2026-03-30 10:28:21,WhatsApp,628208489564,Pribadi
1774836935412,2026-03-30 02:15:35,WhatsApp,628321634484,Pribadi
1774866655412,2026-03-30 10:30:55,WhatsApp,628501053606,Pribadi
1774834231412,2026-03-30 01:30:31,WhatsApp,62818518899,Pribadi
1774910010412,2026-03-30 22:33:30,WhatsApp,628767177606,Grup
1774896843412,2026-03-30 18:54:03,WhatsApp,628558819825,Grup
1774912005412,2026-03-30 23:06:45,WhatsApp,62847592891,Grup
1774836411412,2026-03-30 02:06:51,WhatsApp,628714774919,Grup
1774858268412,2026-03-30 08:11:08,WhatsApp,628465992403,Grup
1774838104412,2026-03-30 02:35:04,WhatsApp,62854825755,Grup
1774859292412,2026-03-30 08:28:12,WhatsApp,628711740655,Grup
1774868312412,2026-03-30 10:58:32,WhatsApp,628387724721,Pribadi
1774876190412,2026-03-30 13:09:50,WhatsApp,628424838022,Pribadi
1774874220412,2026-03-30 12:37:00,WhatsApp,628580478931,Grup
1774878290412,2026-03-30 13:44:50,WhatsApp,628146296042,Grup
1774874779412,2026-03-30 12:46:19,WhatsApp,628644037635,Grup
1774842602412,2026-03-30 03:50:02,WhatsApp,62884975531,Grup
1774841149412,2026-03-30 03:25:49,WhatsApp,628438145381,Grup
1774871779412,2026-03-30 11:56:19,WhatsApp,628345197240,Pribadi
1774877347412,2026-03-30 13:29:07,WhatsApp,628959775709,Grup
1774904318412,2026-03-30 20:58:38,WhatsApp,62813476013,Pribadi
1774867875412,2026-03-30 10:51:15,WhatsApp,628585636878,Grup
1774833337412,2026-03-30 01:15:37,WhatsApp,628934802994,Grup
1774914469412,2026-03-30 23:47:49,WhatsApp,628724076723,Grup
1774872903412,2026-03-30 12:15:03,WhatsApp,628666676587,Pribadi
1774873805412,2026-03-30 12:30:05,WhatsApp,628303199967,Grup
1774907257412,2026-03-30 21:47:37,WhatsApp,628356025957,Grup
1774831330412,2026-03-30 00:42:10,WhatsApp,62843268430,Grup
1774901185412,2026-03-30 20:06:25,WhatsApp,628996058557,Pribadi
1774847056412,2026-03-30 05:04:16,WhatsApp,628939629854,Pribadi
1774861633412,2026-03-30 09:07:13,WhatsApp,628704419224,Pribadi
1774901442412,2026-03-30 20:10:42,WhatsApp,628306283567,Pribadi
1774915081412,2026-03-30 23:58:01,WhatsApp,628400196419,Grup
1774912828412,2026-03-30 23:20:28,WhatsApp,628178565686,Grup
1774844191412,2026-03-30 04:16:31,WhatsApp,628963740603,Pribadi
1774890004412,2026-03-30 17:00:04,WhatsApp,628293423406,Grup
1774844133412,2026-03-30 04:15:33,WhatsApp,628849239403,Pribadi
1774895923412,2026-03-30 18:38:43,Discord,user54192,DM
1774853642412,2026-03-30 06:54:02,Discord,user57638,Server
1774834826412,2026-03-30 01:40:26,Discord,user68915,Server
1774866726412,2026-03-30 10:32:06,Discord,user71727,DM
1774830249412,2026-03-30 00:24:09,Discord,user78031,DM
1774835970412,2026-03-30 01:59:30,Discord,user92716,DM
1774883709412,2026-03-30 15:15:09,Discord,user85417,Server
1774848572412,2026-03-30 05:29:32,Discord,user48947,Server
1774845710412,2026-03-30 04:41:50,Discord,user25933,DM
1774857698412,2026-03-30 08:01:38,Discord,user20993,Server
1774863578412,2026-03-30 09:39:38,Discord,user16209,DM
1774894931412,2026-03-30 18:22:11,Discord,user96612,DM
1774857945412,2026-03-30 08:05:45,Discord,user50892,Server
1774912450412,2026-03-30 23:14:10,Discord,user21996,DM
1774879518412,2026-03-30 14:05:18,Discord,user51138,DM
1774895419412,2026-03-30 18:30:19,Discord,user58743,Server
1774884455412,2026-03-30 15:27:35,Discord,user17373,Server
1774888837412,2026-03-30 16:40:37,Discord,user62196,Server
1774851855412,2026-03-30 06:24:15,Discord,user1017,DM
1774902388412,2026-03-30 20:26:28,Discord,user91367,Server
1774870650412,2026-03-30 11:37:30,Discord,user33629,DM
1774889803412,2026-03-30 16:56:43,Discord,user72878,Server
1774895544412,2026-03-30 18:32:24,Discord,user89571,Server
1774843393412,2026-03-30 04:03:13,Discord,user52356,DM
1774867394412,2026-03-30 10:43:14,Discord,user98538,DM
1774829654412,2026-03-30 00:14:14,Discord,user31482,Server
1774892407412,2026-03-30 17:40:07,Discord,user59877,Server
1774883103412,2026-03-30 15:05:03,Discord,user4066,DM
1774862684412,2026-03-30 09:24:44,Discord,user61607,Server
1774890091412,2026-03-30 17:01:31,Discord,user93217,Server
1774850179412,2026-03-30 05:56:19,Discord,user89500,DM
1774860356412,2026-03-30 08:45:56,Discord,user29235,Server
1774931092412,2026-03-31 04:24:52,WhatsApp,62866810801,Pribadi
1774982026412,2026-03-31 18:33:46,WhatsApp,628992380793,Pribadi
1774954111412,2026-03-31 10:48:31,WhatsApp,628241465926,Grup
1774958916412,2026-03-31 12:08:36,WhatsApp,628427357690,Grup
1774950883412,2026-03-31 09:54:43,WhatsApp,62865113156,Pribadi
1774977826412,2026-03-31 17:23:46,WhatsApp,628165422637,Pribadi
1774981861412,2026-03-31 18:31:01,WhatsApp,628709684047,Grup
1774985207412,2026-03-31 19:26:47,WhatsApp,628584941213,Grup
1774947338412,2026-03-31 08:55:38,WhatsApp,628105296530,Grup
1774941330412,2026-03-31 07:15:30,WhatsApp,628414621358,Grup
1774917122412,2026-03-31 00:32:02,WhatsApp,62852209202,Grup
1774936968412,2026-03-31 06:02:48,WhatsApp,62846296265,Grup
1774935770412,2026-03-31 05:42:50,WhatsApp,628345908537,Grup
1774983481412,2026-03-31 18:58:01,WhatsApp,628640670846,Pribadi
1774920703412,2026-03-31 01:31:43,WhatsApp,628101485946,Grup
1774915970412,2026-03-31 00:12:50,WhatsApp,62886782602,Grup
1774927916412,2026-03-31 03:31:56,WhatsApp,628693843408,Pribadi
1774947201412,2026-03-31 08:53:21,WhatsApp,628663926336,Pribadi
1774918273412,2026-03-31 00:51:13,WhatsApp,628864945936,Pribadi
1774998700412,2026-03-31 23:11:40,WhatsApp,628997408453,Grup
1774921297412,2026-03-31 01:41:37,WhatsApp,628371246317,Pribadi
1774975187412,2026-03-31 16:39:47,WhatsApp,628384431176,Grup
1774971884412,2026-03-31 15:44:44,WhatsApp,628946022631,Pribadi
1774955133412,2026-03-31 11:05:33,WhatsApp,62897962460,Pribadi
1774983127412,2026-03-31 18:52:07,WhatsApp,628645907928,Grup
1774967455412,2026-03-31 14:30:55,WhatsApp,628996353674,Grup
1774915942412,2026-03-31 00:12:22,WhatsApp,628890240321,Grup
1774946003412,2026-03-31 08:33:23,WhatsApp,628339391249,Pribadi
1774961818412,2026-03-31 12:56:58,WhatsApp,628552733227,Pribadi
1774922434412,2026-03-31 02:00:34,WhatsApp,628977981522,Grup
1774932159412,2026-03-31 04:42:39,WhatsApp,628137404229,Grup
1774974146412,2026-03-31 16:22:26,WhatsApp,628216506239,Grup
1774943000412,2026-03-31 07:43:20,WhatsApp,628502181870,Pribadi
1774977569412,2026-03-31 17:19:29,WhatsApp,628931349679,Grup
1774965404412,2026-03-31 13:56:44,WhatsApp,628392623257,Pribadi
1774952063412,2026-03-31 10:14:23,WhatsApp,628637612919,Pribadi
1774942076412,2026-03-31 07:27:56,WhatsApp,62844709535,Pribadi
1774945182412,2026-03-31 08:19:42,WhatsApp,628603209533,Grup
1774989596412,2026-03-31 20:39:56,WhatsApp,62813996352,Pribadi
1774971317412,2026-03-31 15:35:17,WhatsApp,628472773589,Pribadi
1774916580412,2026-03-31 00:23:00,WhatsApp,628599819639,Pribadi
1774983079412,2026-03-31 18:51:19,WhatsApp,628204983544,Grup
1774960207412,2026-03-31 12:30:07,WhatsApp,628457668933,Pribadi
1774976685412,2026-03-31 17:04:45,WhatsApp,62863799463,Pribadi
1774985107412,2026-03-31 19:25:07,WhatsApp,628845834163,Grup
1774996945412,2026-03-31 22:42:25,WhatsApp,628741419291,Pribadi
1774925424412,2026-03-31 02:50:24,WhatsApp,628335896873,Pribadi
1774944512412,2026-03-31 08:08:32,WhatsApp,628304828705,Pribadi
1774941393412,2026-03-31 07:16:33,WhatsApp,628372031055,Grup
1774991503412,2026-03-31 21:11:43,WhatsApp,628651181233,Pribadi
1774948829412,2026-03-31 09:20:29,WhatsApp,628322816034,Pribadi
1774971530412,2026-03-31 15:38:50,WhatsApp,628929913266,Grup
1774994178412,2026-03-31 21:56:18,WhatsApp,628142635636,Pribadi
1774921772412,2026-03-31 01:49:32,WhatsApp,628942683127,Pribadi
1774939909412,2026-03-31 06:51:49,WhatsApp,628141011727,Grup
1774955239412,2026-03-31 11:07:19,WhatsApp,628607382724,Pribadi
1774963790412,2026-03-31 13:29:50,WhatsApp,628824234802,Grup
1774945495412,2026-03-31 08:24:55,WhatsApp,628425259138,Grup
1774999806412,2026-03-31 23:30:06,WhatsApp,628889739352,Pribadi
1774951878412,2026-03-31 10:11:18,WhatsApp,628541330094,Pribadi
1774949719412,2026-03-31 09:35:19,WhatsApp,628120384968,Pribadi
1774915871412,2026-03-31 00:11:11,WhatsApp,628110146471,Grup
1775000911412,2026-03-31 23:48:31,WhatsApp,628838425167,Pribadi
1774919409412,2026-03-31 01:10:09,WhatsApp,628573581884,Pribadi
1774985569412,2026-03-31 19:32:49,WhatsApp,628203753004,Grup
1774969741412,2026-03-31 15:09:01,WhatsApp,628207933150,Grup
1774928106412,2026-03-31 03:35:06,WhatsApp,628214278606,Pribadi
1774952741412,2026-03-31 10:25:41,WhatsApp,628522468813,Pribadi
1774947270412,2026-03-31 08:54:30,WhatsApp,62829396616,Pribadi
1774940531412,2026-03-31 07:02:11,WhatsApp,62866157316,Grup
1774997638412,2026-03-31 22:53:58,WhatsApp,628624240481,Grup
1774973174412,2026-03-31 16:06:14,WhatsApp,628137704889,Pribadi
1774997200412,2026-03-31 22:46:40,WhatsApp,628952703930,Grup
1774919104412,2026-03-31 01:05:04,WhatsApp,628467887169,Grup
1774956295412,2026-03-31 11:24:55,WhatsApp,628721237640,Grup
1774955492412,2026-03-31 11:11:32,WhatsApp,628672758537,Grup
1774930896412,2026-03-31 04:21:36,WhatsApp,628645394051,Grup
1774946729412,2026-03-31 08:45:29,WhatsApp,628951251248,Pribadi
1774959276412,2026-03-31 12:14:36,WhatsApp,628376061734,Grup
1774957130412,2026-03-31 11:38:50,WhatsApp,628253012592,Grup
1774945225412,2026-03-31 08:20:25,WhatsApp,628489259923,Grup
1774938784412,2026-03-31 06:33:04,WhatsApp,628434344691,Pribadi
1774951943412,2026-03-31 10:12:23,WhatsApp,628607823337,Grup
1774921719412,2026-03-31 01:48:39,WhatsApp,628257277641,Grup
1774965745412,2026-03-31 14:02:25,WhatsApp,628688118970,Grup
1774942721412,2026-03-31 07:38:41,WhatsApp,628747542373,Grup
1774981796412,2026-03-31 18:29:56,WhatsApp,628405441540,Grup
1774958411412,2026-03-31 12:00:11,WhatsApp,628472721296,Grup
1774982635412,2026-03-31 18:43:55,WhatsApp,62894962399,Grup
1774924753412,2026-03-31 02:39:13,WhatsApp,628319134805,Grup
1774994059412,2026-03-31 21:54:19,WhatsApp,628489772035,Grup
1774953612412,2026-03-31 10:40:12,WhatsApp,628784104186,Pribadi
1774920501412,2026-03-31 01:28:21,WhatsApp,628183427487,Pribadi
1774981080412,2026-03-31 18:18:00,WhatsApp,628990109593,Grup
1774964358412,2026-03-31 13:39:18,WhatsApp,628122052579,Grup
1774970020412,2026-03-31 15:13:40,WhatsApp,628782711383,Grup
1774967758412,2026-03-31 14:35:58,WhatsApp,628815332632,Grup
1774927729412,2026-03-31 03:28:49,WhatsApp,628778990503,Grup
1774972208412,2026-03-31 15:50:08,WhatsApp,628326564804,Pribadi
1774942428412,2026-03-31 07:33:48,WhatsApp,628155116186,Pribadi
1774966370412,2026-03-31 14:12:50,WhatsApp,628373819244,Grup
1774945539412,2026-03-31 08:25:39,WhatsApp,628565968227,Grup
1774951515412,2026-03-31 10:05:15,WhatsApp,628454670877,Grup
1774992019412,2026-03-31 21:20:19,WhatsApp,628135768759,Grup
1774946490412,2026-03-31 08:41:30,WhatsApp,628232209445,Grup
1774927603412,2026-03-31 03:26:43,WhatsApp,628945436086,Grup
1774938417412,2026-03-31 06:26:57,WhatsApp,628572233590,Pribadi
1774968703412,2026-03-31 14:51:43,WhatsApp,62825580159,Pribadi
1774941725412,2026-03-31 07:22:05,WhatsApp,628805633914,Grup
1774962863412,2026-03-31 13:14:23,WhatsApp,628528561616,Grup
1774924066412,2026-03-31 02:27:46,WhatsApp,628580999061,Pribadi
1774986009412,2026-03-31 19:40:09,WhatsApp,628185280813,Pribadi
1774953215412,2026-03-31 10:33:35,WhatsApp,628108183135,Grup
1774949542412,2026-03-31 09:32:22,WhatsApp,628552448441,Grup
1774943205412,2026-03-31 07:46:45,WhatsApp,628439169277,Pribadi
1774961039412,2026-03-31 12:43:59,WhatsApp,628404162000,Pribadi
1774964965412,2026-03-31 13:49:25,WhatsApp,628486914102,Grup
1774941710412,2026-03-31 07:21:50,Discord,user46237,DM
1774990834412,2026-03-31 21:00:34,Discord,user23246,Server
1774983605412,2026-03-31 19:00:05,Discord,user90994,Server
1774976673412,2026-03-31 17:04:33,Discord,user1919,DM
1774992558412,2026-03-31 21:29:18,Discord,user63929,DM
1774929294412,2026-03-31 03:54:54,Discord,user60065,DM
1774997839412,2026-03-31 22:57:19,Discord,user46713,Server
1774929757412,2026-03-31 04:02:37,Discord,user68207,DM
1774966311412,2026-03-31 14:11:51,Discord,user28185,Server
1774967152412,2026-03-31 14:25:52,Discord,user43438,DM
1774934444412,2026-03-31 05:20:44,Discord,user43099,DM
1774941635412,2026-03-31 07:20:35,Discord,user86951,Server
1774961025412,2026-03-31 12:43:45,Discord,user75589,Server
1774927193412,2026-03-31 03:19:53,Discord,user81172,DM
1774931235412,2026-03-31 04:27:15,Discord,user46585,Server
1774996908412,2026-03-31 22:41:48,Discord,user43405,DM
1774998620412,2026-03-31 23:10:20,Discord,user92193,Server
1774990214412,2026-03-31 20:50:14,Discord,user8172,DM
1774981714412,2026-03-31 18:28:34,Discord,user26319,Server
1774939174412,2026-03-31 06:39:34,Discord,user19208,DM
1774986922412,2026-03-31 19:55:22,Discord,user74319,Server
1774988094412,2026-03-31 20:14:54,Discord,user68464,DM
1774988228412,2026-03-31 20:17:08,Discord,user57484,Server
1774974813412,2026-03-31 16:33:33,Discord,user16937,Server
1774970285412,2026-03-31 15:18:05,Discord,user57019,Server
1774952218412,2026-03-31 10:16:58,Discord,user82885,Server
1774976519412,2026-03-31 17:01:59,Discord,user25638,DM
1774937602412,2026-03-31 06:13:22,Discord,user41720,Server
1774974003412,2026-03-31 16:20:03,Discord,user13803,Server
1775000659412,2026-03-31 23:44:19,Discord,user69233,DM
1774941373412,2026-03-31 07:16:13,Discord,user89775,Server
1774982037412,2026-03-31 18:33:57,Discord,user2576,DM
1774930876412,2026-03-31 04:21:16,Discord,user64675,DM
1775081278412,2026-04-01 22:07:58,WhatsApp,628338018412,Pribadi
1775079792412,2026-04-01 21:43:12,WhatsApp,628781878334,Pribadi
1775008070412,2026-04-01 01:47:50,WhatsApp,628572923705,Pribadi
1775026910412,2026-04-01 07:01:50,WhatsApp,628903821175,Grup
1775021971412,2026-04-01 05:39:31,WhatsApp,628620154724,Grup
1775039833412,2026-04-01 10:37:13,WhatsApp,628622092491,Grup
1775086210412,2026-04-01 23:30:10,WhatsApp,628237403371,Grup
1775031206412,2026-04-01 08:13:26,WhatsApp,628714804241,Pribadi
1775065768412,2026-04-01 17:49:28,WhatsApp,628500751656,Grup
1775042378412,2026-04-01 11:19:38,WhatsApp,628904704281,Grup
1775076817412,2026-04-01 20:53:37,WhatsApp,628782441534,Pribadi
1775025502412,2026-04-01 06:38:22,WhatsApp,628435834883,Grup
1775012590412,2026-04-01 03:03:10,WhatsApp,628121487212,Grup
1775071727412,2026-04-01 19:28:47,WhatsApp,628345233743,Pribadi
1775026922412,2026-04-01 07:02:02,WhatsApp,628372973784,Grup
1775054312412,2026-04-01 14:38:32,WhatsApp,628263148673,Grup
1775065769412,2026-04-01 17:49:29,WhatsApp,628197875798,Grup
1775007480412,2026-04-01 01:38:00,WhatsApp,628691757683,Grup
1775064726412,2026-04-01 17:32:06,WhatsApp,628953101748,Pribadi
1775031209412,2026-04-01 08:13:29,WhatsApp,628893306874,Grup
1775047259412,2026-04-01 12:40:59,WhatsApp,628382158446,Grup
1775085078412,2026-04-01 23:11:18,WhatsApp,628670194784,Grup
1775071948412,2026-04-01 19:32:28,WhatsApp,628682151529,Pribadi
1775085489412,2026-04-01 23:18:09,WhatsApp,62897558876,Pribadi
1775037411412,2026-04-01 09:56:51,WhatsApp,628486074541,Grup
1775053143412,2026-04-01 14:19:03,WhatsApp,628860171887,Pribadi
1775026361412,2026-04-01 06:52:41,WhatsApp,628444824378,Grup
1775017251412,2026-04-01 04:20:51,WhatsApp,628237007269,Grup
1775041201412,2026-04-01 11:00:01,WhatsApp,628657859594,Grup
1775049984412,2026-04-01 13:26:24,WhatsApp,628424470631,Grup
1775055374412,2026-04-01 14:56:14,WhatsApp,628883163650,Grup
1775067846412,2026-04-01 18:24:06,WhatsApp,6283999170,Pribadi
1775019284412,2026-04-01 04:54:44,WhatsApp,628703999153,Grup
1775011075412,2026-04-01 02:37:55,WhatsApp,628929042806,Grup
1775050860412,2026-04-01 13:41:00,WhatsApp,628637672180,Grup
1775008678412,2026-04-01 01:57:58,WhatsApp,628414507826,Pribadi
1775040941412,2026-04-01 10:55:41,WhatsApp,628607749721,Pribadi
1775035928412,2026-04-01 09:32:08,WhatsApp,628602072874,Grup
1775053581412,2026-04-01 14:26:21,WhatsApp,628582603498,Grup
1775052322412,2026-04-01 14:05:22,WhatsApp,628195923303,Grup
1775033000412,2026-04-01 08:43:20,WhatsApp,628956166164,Grup
1775083610412,2026-04-01 22:46:50,WhatsApp,628135676677,Grup
1775064839412,2026-04-01 17:33:59,WhatsApp,628123196665,Grup
1775011580412,2026-04-01 02:46:20,WhatsApp,628657548689,Grup
1775080661412,2026-04-01 21:57:41,WhatsApp,628562151426,Grup
1775079373412,2026-04-01 21:36:13,WhatsApp,628566426610,Pribadi
1775065649412,2026-04-01 17:47:29,WhatsApp,628167981541,Pribadi
1775063370412,2026-04-01 17:09:30,WhatsApp,628785790115,Pribadi
1775077920412,2026-04-01 21:12:00,WhatsApp,628732252335,Grup
1775030571412,2026-04-01 08:02:51,WhatsApp,628201327431,Pribadi
1775079408412,2026-04-01 21:36:48,WhatsApp,628724510325,Grup
1775061170412,2026-04-01 16:32:50,WhatsApp,628904817940,Pribadi
1775025092412,2026-04-01 06:31:32,WhatsApp,628262377158,Grup
1775002442412,2026-04-01 00:14:02,WhatsApp,628757313508,Grup
1775007003412,2026-04-01 01:30:03,WhatsApp,62856023254,Pribadi
1775020300412,2026-04-01 05:11:40,WhatsApp,628318730611,Grup
1775039389412,2026-04-01 10:29:49,WhatsApp,628815657801,Grup
1775071491412,2026-04-01 19:24:51,WhatsApp,628396580621,Grup
1775009337412,2026-04-01 02:08:57,WhatsApp,628983576123,Grup
1775018728412,2026-04-01 04:45:28,WhatsApp,628121761551,Grup
1775051501412,2026-04-01 13:51:41,WhatsApp,628481311323,Grup
1775036479412,2026-04-01 09:41:19,WhatsApp,628549648647,Grup
1775012183412,2026-04-01 02:56:23,WhatsApp,628302158947,Grup
1775014973412,2026-04-01 03:42:53,WhatsApp,628153494363,Grup
1775024893412,2026-04-01 06:28:13,WhatsApp,628511351613,Grup
1775028110412,2026-04-01 07:21:50,WhatsApp,628455692674,Grup
1775078624412,2026-04-01 21:23:44,WhatsApp,628445337481,Pribadi
1775006319412,2026-04-01 01:18:39,WhatsApp,628343046495,Grup
1775003268412,2026-04-01 00:27:48,WhatsApp,628925488540,Grup
1775031892412,2026-04-01 08:24:52,WhatsApp,628335827351,Grup
1775029707412,2026-04-01 07:48:27,WhatsApp,628983246099,Grup
1775047329412,2026-04-01 12:42:09,WhatsApp,628781312709,Grup
1775010191412,2026-04-01 02:23:11,WhatsApp,628940093508,Pribadi
1775058832412,2026-04-01 15:53:52,WhatsApp,628395581745,Grup
1775035874412,2026-04-01 09:31:14,WhatsApp,628793952165,Grup
1775031019412,2026-04-01 08:10:19,WhatsApp,628500666129,Pribadi
1775077628412,2026-04-01 21:07:08,WhatsApp,628639521472,Grup
1775023995412,2026-04-01 06:13:15,WhatsApp,628711346244,Pribadi
1775055500412,2026-04-01 14:58:20,WhatsApp,628811324733,Grup
1775036160412,2026-04-01 09:36:00,WhatsApp,628634960360,Pribadi
1775009872412,2026-04-01 02:17:52,WhatsApp,628405024560,Grup
1775032640412,2026-04-01 08:37:20,WhatsApp,628726975524,Pribadi
1775029799412,2026-04-01 07:49:59,WhatsApp,628144074061,Pribadi
1775077359412,2026-04-01 21:02:39,WhatsApp,628654361120,Grup
1775037730412,2026-04-01 10:02:10,WhatsApp,628865210996,Pribadi
1775029063412,2026-04-01 07:37:43,WhatsApp,628576292933,Grup
1775073939412,2026-04-01 20:05:39,WhatsApp,628502765812,Grup
1775001918412,2026-04-01 00:05:18,WhatsApp,628143008579,Grup
1775013181412,2026-04-01 03:13:01,WhatsApp,628451388258,Pribadi
1775083356412,2026-04-01 22:42:36,WhatsApp,628341893407,Pribadi
1775055513412,2026-04-01 14:58:33,WhatsApp,628885464058,Grup
1775041545412,2026-04-01 11:05:45,WhatsApp,628782452004,Pribadi
1775030026412,2026-04-01 07:53:46,WhatsApp,628196945499,Grup
1775045651412,2026-04-01 12:14:11,WhatsApp,628695547910,Pribadi
1775079634412,2026-04-01 21:40:34,WhatsApp,628751216032,Grup
1775080387412,2026-04-01 21:53:07,WhatsApp,628403648450,Grup
1775079225412,2026-04-01 21:33:45,WhatsApp,628332304040,Grup
1775078657412,2026-04-01 21:24:17,WhatsApp,628913159088,Pribadi
1775084869412,2026-04-01 23:07:49,WhatsApp,628271865793,Pribadi
1775021477412,2026-04-01 05:31:17,WhatsApp,628535634431,Grup
1775078254412,2026-04-01 21:17:34,WhatsApp,628275148361,Grup
1775022350412,2026-04-01 05:45:50,WhatsApp,628601637814,Grup
1775084037412,2026-04-01 22:53:57,WhatsApp,628227779092,Pribadi
1775001659412,2026-04-01 00:00:59,WhatsApp,628911377378,Grup
1775021726412,2026-04-01 05:35:26,WhatsApp,628242785374,Pribadi
1775048315412,2026-04-01 12:58:35,WhatsApp,628412910857,Grup
1775036924412,2026-04-01 09:48:44,WhatsApp,628102807996,Pribadi
1775084704412,2026-04-01 23:05:04,WhatsApp,628432994010,Grup
1775086920412,2026-04-01 23:42:00,WhatsApp,628237918033,Pribadi
1775022412412,2026-04-01 05:46:52,WhatsApp,628831343519,Grup
1775085977412,2026-04-01 23:26:17,WhatsApp,628535280734,Grup
1775015443412,2026-04-01 03:50:43,WhatsApp,628786828605,Grup
1775026479412,2026-04-01 06:54:39,WhatsApp,628850590077,Grup
1775076328412,2026-04-01 20:45:28,WhatsApp,628904900042,Pribadi
1775033823412,2026-04-01 08:57:03,WhatsApp,628974667440,Grup
1775062050412,2026-04-01 16:47:30,WhatsApp,628581237240,Pribadi
1775017823412,2026-04-01 04:30:23,WhatsApp,628130487948,Grup
1775084933412,2026-04-01 23:08:53,Discord,user43528,DM
1775021280412,2026-04-01 05:28:00,Discord,user55313,DM
1775085276412,2026-04-01 23:14:36,Discord,user72062,Server
1775073753412,2026-04-01 20:02:33,Discord,user21018,Server
1775062305412,2026-04-01 16:51:45,Discord,user65914,Server
1775039674412,2026-04-01 10:34:34,Discord,user40833,Server
1775038104412,2026-04-01 10:08:24,Discord,user79674,Server
1775053132412,2026-04-01 14:18:52,Discord,user93187,Server
1775039822412,2026-04-01 10:37:02,Discord,user8904,Server
1775034818412,2026-04-01 09:13:38,Discord,user8683,DM
1775066571412,2026-04-01 18:02:51,Discord,user8033,DM
1775044332412,2026-04-01 11:52:12,Discord,user71024,Server
1775003008412,2026-04-01 00:23:28,Discord,user90515,Server
1775039747412,2026-04-01 10:35:47,Discord,user21427,DM
1775012891412,2026-04-01 03:08:11,Discord,user2664,DM
1775037551412,2026-04-01 09:59:11,Discord,user38100,DM
1775014255412,2026-04-01 03:30:55,Discord,user76216,Server
1775019339412,2026-04-01 04:55:39,Discord,user83124,DM
1775050804412,2026-04-01 13:40:04,Discord,user18858,DM
1775077565412,2026-04-01 21:06:05,Discord,user26955,DM
1775086436412,2026-04-01 23:33:56,Discord,user32514,DM
1775086842412,2026-04-01 23:40:42,Discord,user56089,Server
1775034482412,2026-04-01 09:08:02,Discord,user48449,Server
1775029528412,2026-04-01 07:45:28,Discord,user53128,DM
1775077240412,2026-04-01 21:00:40,Discord,user30836,Server
1775057487412,2026-04-01 15:31:27,Discord,user15474,DM
1775073000412,2026-04-01 19:50:00,Discord,user90417,DM
1775015032412,2026-04-01 03:43:52,Discord,user81307,DM
1775062246412,2026-04-01 16:50:46,Discord,user75550,DM
1775006973412,2026-04-01 01:29:33,Discord,user81562,DM
1775037122412,2026-04-01 09:52:02,Discord,user49405,Server
1775076263412,2026-04-01 20:44:23,Discord,user18200,Server
1775016675412,2026-04-01 04:11:15,Discord,user50005,DM
1775063261412,2026-04-01 17:07:41,Discord,user37775,DM
1775025962412,2026-04-01 06:46:02,Discord,user33328,DM
1775142327412,2026-04-02 15:05:27,WhatsApp,628721013579,Grup
1775166858412,2026-04-02 21:54:18,WhatsApp,628334731535,Grup
1775116028412,2026-04-02 07:47:08,WhatsApp,628646355890,Grup
1775104340412,2026-04-02 04:32:20,WhatsApp,628302772865,Grup
1775111081412,2026-04-02 06:24:41,WhatsApp,628734634023,Grup
1775127666412,2026-04-02 11:01:06,WhatsApp,628286303842,Grup
1775101236412,2026-04-02 03:40:36,WhatsApp,628159843251,Grup
1775103166412,2026-04-02 04:12:46,WhatsApp,62862114278,Grup
1775099759412,2026-04-02 03:15:59,WhatsApp,62818252354,Pribadi
1775115839412,2026-04-02 07:43:59,WhatsApp,628527380055,Grup
1775131020412,2026-04-02 11:57:00,WhatsApp,628323301094,Grup
1775150645412,2026-04-02 17:24:05,WhatsApp,628111175920,Pribadi
1775090218412,2026-04-02 00:36:58,WhatsApp,628789165825,Grup
1775144917412,2026-04-02 15:48:37,WhatsApp,628502899238,Grup
1775169265412,2026-04-02 22:34:25,WhatsApp,628504902447,Pribadi
1775110504412,2026-04-02 06:15:04,WhatsApp,628207583486,Pribadi
1775100258412,2026-04-02 03:24:18,WhatsApp,628520883299,Pribadi
1775168818412,2026-04-02 22:26:58,WhatsApp,628576153816,Grup
1775101341412,2026-04-02 03:42:21,WhatsApp,628287060478,Grup
1775169935412,2026-04-02 22:45:35,WhatsApp,628973719292,Pribadi
1775143905412,2026-04-02 15:31:45,WhatsApp,628328914747,Grup
1775128307412,2026-04-02 11:11:47,WhatsApp,628608362713,Pribadi
1775129708412,2026-04-02 11:35:08,WhatsApp,628202652125,Pribadi
1775155445412,2026-04-02 18:44:05,WhatsApp,628828025949,Grup
1775105483412,2026-04-02 04:51:23,WhatsApp,628519183734,Pribadi
1775119614412,2026-04-02 08:46:54,WhatsApp,62887870658,Grup
1775090533412,2026-04-02 00:42:13,WhatsApp,628413840350,Pribadi
1775155747412,2026-04-02 18:49:07,WhatsApp,628682465482,Grup
1775130269412,2026-04-02 11:44:29,WhatsApp,628939282761,Grup
1775094237412,2026-04-02 01:43:57,WhatsApp,628712981465,Pribadi
1775122465412,2026-04-02 09:34:25,WhatsApp,628646215444,Grup
1775104315412,2026-04-02 04:31:55,WhatsApp,628710147295,Pribadi
1775144551412,2026-04-02 15:42:31,WhatsApp,628207999850,Grup
1775136945412,2026-04-02 13:35:45,WhatsApp,628962135149,Grup
1775114258412,2026-04-02 07:17:38,WhatsApp,628686986339,Pribadi
1775097787412,2026-04-02 02:43:07,WhatsApp,628800560847,Grup
1775163750412,2026-04-02 21:02:30,WhatsApp,628717091410,Grup
1775139932412,2026-04-02 14:25:32,WhatsApp,62894440112,Grup
1775098102412,2026-04-02 02:48:22,WhatsApp,628128748343,Pribadi
1775172925412,2026-04-02 23:35:25,WhatsApp,628696132262,Grup
1775142210412,2026-04-02 15:03:30,WhatsApp,628366941554,Pribadi
1775093831412,2026-04-02 01:37:11,WhatsApp,628900499389,Grup
1775112016412,2026-04-02 06:40:16,WhatsApp,628759361607,Pribadi
1775166564412,2026-04-02 21:49:24,WhatsApp,628941366044,Pribadi
1775162621412,2026-04-02 20:43:41,WhatsApp,628677078008,Pribadi
1775123836412,2026-04-02 09:57:16,WhatsApp,62855881791,Pribadi
1775167662412,2026-04-02 22:07:42,WhatsApp,628749804536,Pribadi
1775144093412,2026-04-02 15:34:53,WhatsApp,628222876025,Pribadi
1775146422412,2026-04-02 16:13:42,WhatsApp,628359563503,Pribadi
1775119904412,2026-04-02 08:51:44,WhatsApp,628914686888,Grup
1775143479412,2026-04-02 15:24:39,WhatsApp,628314351202,Grup
1775169456412,2026-04-02 22:37:36,WhatsApp,628413801628,Pribadi
1775093440412,2026-04-02 01:30:40,WhatsApp,628905686896,Pribadi
1775151842412,2026-04-02 17:44:02,WhatsApp,628304868598,Grup
1775131569412,2026-04-02 12:06:09,WhatsApp,62850613506,Grup
1775104116412,2026-04-02 04:28:36,WhatsApp,628949113157,Pribadi
1775122416412,2026-04-02 09:33:36,WhatsApp,628328279796,Pribadi
1775167487412,2026-04-02 22:04:47,WhatsApp,628411231182,Grup
1775135073412,2026-04-02 13:04:33,WhatsApp,628620800493,Grup
1775140398412,2026-04-02 14:33:18,WhatsApp,628109403648,Pribadi
1775128982412,2026-04-02 11:23:02,WhatsApp,628354266734,Grup
1775124448412,2026-04-02 10:07:28,WhatsApp,628982859518,Grup
1775121450412,2026-04-02 09:17:30,WhatsApp,62885299151,Grup
1775136426412,2026-04-02 13:27:06,WhatsApp,628273940533,Grup
1775126888412,2026-04-02 10:48:08,WhatsApp,628553618781,Pribadi
1775157441412,2026-04-02 19:17:21,WhatsApp,628583137237,Grup
1775164754412,2026-04-02 21:19:14,WhatsApp,628286623117,Grup
1775153772412,2026-04-02 18:16:12,WhatsApp,628786573079,Grup
1775150570412,2026-04-02 17:22:50,WhatsApp,628251560499,Grup
1775104147412,2026-04-02 04:29:07,WhatsApp,628418625163,Pribadi
1775162764412,2026-04-02 20:46:04,WhatsApp,628924649959,Grup
1775137184412,2026-04-02 13:39:44,WhatsApp,628746100365,Grup
1775137047412,2026-04-02 13:37:27,WhatsApp,628970515451,Pribadi
1775138636412,2026-04-02 14:03:56,WhatsApp,628874107201,Grup
1775147903412,2026-04-02 16:38:23,WhatsApp,628706222164,Pribadi
1775163096412,2026-04-02 20:51:36,WhatsApp,628569689313,Pribadi
1775139535412,2026-04-02 14:18:55,WhatsApp,628720813148,Grup
1775107246412,2026-04-02 05:20:46,WhatsApp,628732877223,Grup
1775161455412,2026-04-02 20:24:15,WhatsApp,628407958707,Grup
1775140127412,2026-04-02 14:28:47,WhatsApp,628474822046,Grup
1775140956412,2026-04-02 14:42:36,WhatsApp,628389517630,Pribadi
1775136126412,2026-04-02 13:22:06,WhatsApp,628179597119,Grup
1775155707412,2026-04-02 18:48:27,WhatsApp,628272681773,Grup
1775100369412,2026-04-02 03:26:09,WhatsApp,628953951999,Grup
1775112511412,2026-04-02 06:48:31,WhatsApp,628673878303,Grup
1775112427412,2026-04-02 06:47:07,WhatsApp,628984926705,Grup
1775162525412,2026-04-02 20:42:05,WhatsApp,628248244344,Pribadi
1775117859412,2026-04-02 08:17:39,WhatsApp,628629730860,Pribadi
1775154105412,2026-04-02 18:21:45,WhatsApp,628453346610,Grup
1775158426412,2026-04-02 19:33:46,WhatsApp,628946624573,Pribadi
1775091617412,2026-04-02 01:00:17,WhatsApp,628331113573,Grup
1775112777412,2026-04-02 06:52:57,WhatsApp,62847603603,Pribadi
1775155978412,2026-04-02 18:52:58,WhatsApp,628905326399,Pribadi
1775134713412,2026-04-02 12:58:33,WhatsApp,628931059715,Grup
1775101375412,2026-04-02 03:42:55,WhatsApp,628248268357,Pribadi
1775101239412,2026-04-02 03:40:39,WhatsApp,628516546512,Pribadi
1775173728412,2026-04-02 23:48:48,WhatsApp,628268241088,Grup
1775148898412,2026-04-02 16:54:58,WhatsApp,628214246780,Grup
1775143060412,2026-04-02 15:17:40,WhatsApp,628397587536,Pribadi
1775102468412,2026-04-02 04:01:08,WhatsApp,628533139491,Grup
1775107576412,2026-04-02 05:26:16,WhatsApp,628288891316,Pribadi
1775123139412,2026-04-02 09:45:39,WhatsApp,62872965297,Grup
1775110747412,2026-04-02 06:19:07,WhatsApp,628120290308,Pribadi
1775138283412,2026-04-02 13:58:03,WhatsApp,628999879421,Grup
1775091627412,2026-04-02 01:00:27,WhatsApp,628865923468,Pribadi
1775130596412,2026-04-02 11:49:56,WhatsApp,62878337601,Grup
1775106009412,2026-04-02 05:00:09,WhatsApp,628984757911,Grup
1775088277412,2026-04-02 00:04:37,WhatsApp,628230142024,Grup
1775107781412,2026-04-02 05:29:41,WhatsApp,628310889654,Grup
1775123393412,2026-04-02 09:49:53,WhatsApp,628212040050,Pribadi
1775140208412,2026-04-02 14:30:08,WhatsApp,628275714706,Grup
1775088599412,2026-04-02 00:09:59,WhatsApp,628144757107,Grup
1775139527412,2026-04-02 14:18:47,WhatsApp,628900741847,Pribadi
1775100438412,2026-04-02 03:27:18,WhatsApp,628922312221,Pribadi
1775094481412,2026-04-02 01:48:01,WhatsApp,628918844782,Pribadi
1775135769412,2026-04-02 13:16:09,WhatsApp,628982284910,Grup
1775153389412,2026-04-02 18:09:49,WhatsApp,628892298878,Grup
1775166876412,2026-04-02 21:54:36,WhatsApp,628922372272,Pribadi
1775159296412,2026-04-02 19:48:16,WhatsApp,628676980909,Grup
1775106453412,2026-04-02 05:07:33,WhatsApp,628608372039,Grup
1775102248412,2026-04-02 03:57:28,WhatsApp,628626283855,Pribadi
1775118040412,2026-04-02 08:20:40,Discord,user67983,DM
1775136553412,2026-04-02 13:29:13,Discord,user40783,DM
1775136477412,2026-04-02 13:27:57,Discord,user54081,Server
1775118302412,2026-04-02 08:25:02,Discord,user68390,Server
1775115143412,2026-04-02 07:32:23,Discord,user38987,DM
1775165969412,2026-04-02 21:39:29,Discord,user54015,Server
1775159554412,2026-04-02 19:52:34,Discord,user45205,DM
1775107653412,2026-04-02 05:27:33,Discord,user2847,Server
1775170289412,2026-04-02 22:51:29,Discord,user17167,Server
1775153499412,2026-04-02 18:11:39,Discord,user41282,DM
1775144889412,2026-04-02 15:48:09,Discord,user24993,DM
1775106250412,2026-04-02 05:04:10,Discord,user67768,DM
1775166115412,2026-04-02 21:41:55,Discord,user49685,DM
1775155175412,2026-04-02 18:39:35,Discord,user65452,DM
1775091518412,2026-04-02 00:58:38,Discord,user20780,DM
1775092122412,2026-04-02 01:08:42,Discord,user30030,DM
1775089406412,2026-04-02 00:23:26,Discord,user8839,DM
1775172080412,2026-04-02 23:21:20,Discord,user47886,Server
1775131575412,2026-04-02 12:06:15,Discord,user21625,DM
1775166837412,2026-04-02 21:53:57,Discord,user23639,Server
1775107004412,2026-04-02 05:16:44,Discord,user33124,DM
1775125039412,2026-04-02 10:17:19,Discord,user42598,Server
1775157084412,2026-04-02 19:11:24,Discord,user73774,DM
1775093005412,2026-04-02 01:23:25,Discord,user25702,Server
1775152539412,2026-04-02 17:55:39,Discord,user20122,DM
1775092365412,2026-04-02 01:12:45,Discord,user40278,DM
1775116691412,2026-04-02 07:58:11,Discord,user28140,Server
1775164474412,2026-04-02 21:14:34,Discord,user39211,Server
1775116781412,2026-04-02 07:59:41,Discord,user85512,Server
1775111074412,2026-04-02 06:24:34,Discord,user39213,DM
1775165656412,2026-04-02 21:34:16,Discord,user32648,DM
1775142530412,2026-04-02 15:08:50,Discord,user55535,DM
1775106474412,2026-04-02 05:07:54,Discord,user35358,Server
1775163661412,2026-04-02 21:01:01,Discord,user8031,Server
1775133975412,2026-04-02 12:46:15,Discord,user37127,Server
1775093441412,2026-04-02 01:30:41,Discord,user71861,Server
1775113020412,2026-04-02 06:57:00,Discord,user75085,DM
1775130435412,2026-04-02 11:47:15,Discord,user8525,Server
1775147646412,2026-04-02 16:34:06,Discord,user61643,DM
1775174064412,2026-04-02 23:54:24,Discord,user74362,DM
1775114692412,2026-04-02 07:24:52,Discord,user53400,DM
1775239439412,2026-04-03 18:03:59,WhatsApp,628346083889,Grup
1775237124412,2026-04-03 17:25:24,WhatsApp,628655840188,Pribadi
1775184429412,2026-04-03 02:47:09,WhatsApp,628455602322,Pribadi
1775239896412,2026-04-03 18:11:36,WhatsApp,628111630980,Pribadi
1775195682412,2026-04-03 05:54:42,WhatsApp,628692478585,Pribadi
1775179273412,2026-04-03 01:21:13,WhatsApp,628745162048,Grup
1775244681412,2026-04-03 19:31:21,WhatsApp,628895418945,Pribadi
1775176900412,2026-04-03 00:41:40,WhatsApp,628352771071,Grup
1775249430412,2026-04-03 20:50:30,WhatsApp,628662199832,Grup
1775187801412,2026-04-03 03:43:21,WhatsApp,628303398272,Pribadi
1775225504412,2026-04-03 14:11:44,WhatsApp,628235976840,Grup
1775199448412,2026-04-03 06:57:28,WhatsApp,628177608410,Pribadi
1775228977412,2026-04-03 15:09:37,WhatsApp,628869279599,Grup
1775230000412,2026-04-03 15:26:40,WhatsApp,628213024709,Pribadi
1775250159412,2026-04-03 21:02:39,WhatsApp,628241823020,Pribadi
1775253228412,2026-04-03 21:53:48,WhatsApp,628653783662,Grup
1775256233412,2026-04-03 22:43:53,WhatsApp,628843499281,Grup
1775190964412,2026-04-03 04:36:04,WhatsApp,628409613449,Grup
1775229114412,2026-04-03 15:11:54,WhatsApp,628147728658,Pribadi
1775215961412,2026-04-03 11:32:41,WhatsApp,628366583522,Grup
1775259110412,2026-04-03 23:31:50,WhatsApp,628616314471,Grup
1775245645412,2026-04-03 19:47:25,WhatsApp,628660036404,Grup
1775228302412,2026-04-03 14:58:22,WhatsApp,628673967160,Grup
1775241301412,2026-04-03 18:35:01,WhatsApp,628138933220,Grup
1775215359412,2026-04-03 11:22:39,WhatsApp,628846797499,Pribadi
1775258081412,2026-04-03 23:14:41,WhatsApp,628703125858,Pribadi
1775236184412,2026-04-03 17:09:44,WhatsApp,628195571517,Pribadi
1775250287412,2026-04-03 21:04:47,WhatsApp,628205500367,Grup
1775184176412,2026-04-03 02:42:56,WhatsApp,628827786807,Pribadi
1775256068412,2026-04-03 22:41:08,WhatsApp,628622089818,Pribadi
1775206986412,2026-04-03 09:03:06,WhatsApp,628368848004,Pribadi
1775183194412,2026-04-03 02:26:34,WhatsApp,628496027054,Grup
1775256152412,2026-04-03 22:42:32,WhatsApp,628496606264,Grup
1775223004412,2026-04-03 13:30:04,WhatsApp,628784793407,Grup
1775255308412,2026-04-03 22:28:28,WhatsApp,628429478737,Grup
1775210393412,2026-04-03 09:59:53,WhatsApp,628572678673,Grup
1775230270412,2026-04-03 15:31:10,WhatsApp,628383776816,Pribadi
1775213035412,2026-04-03 10:43:55,WhatsApp,628457638611,Grup
1775232589412,2026-04-03 16:09:49,WhatsApp,628752141590,Grup
1775213429412,2026-04-03 10:50:29,WhatsApp,628459737704,Grup
1775178298412,2026-04-03 01:04:58,WhatsApp,628657697925,Pribadi
1775232194412,2026-04-03 16:03:14,WhatsApp,628405934584,Pribadi
1775180827412,2026-04-03 01:47:07,WhatsApp,628644853764,Grup
1775254848412,2026-04-03 22:20:48,WhatsApp,628456588743,Pribadi
1775206853412,2026-04-03 09:00:53,WhatsApp,628223135929,Pribadi
1775209379412,2026-04-03 09:42:59,WhatsApp,628131131882,Pribadi
1775223105412,2026-04-03 13:31:45,WhatsApp,628709369918,Pribadi
1775233893412,2026-04-03 16:31:33,WhatsApp,628217152600,Grup
1775207150412,2026-04-03 09:05:50,WhatsApp,628641842400,Pribadi
1775250644412,2026-04-03 21:10:44,WhatsApp,628377732632,Pribadi
1775210129412,2026-04-03 09:55:29,WhatsApp,628339391288,Pribadi
1775211970412,2026-04-03 10:26:10,WhatsApp,628227570823,Grup
1775202782412,2026-04-03 07:53:02,WhatsApp,628148783264,Grup
1775202779412,2026-04-03 07:52:59,WhatsApp,628145818936,Pribadi
1775192671412,2026-04-03 05:04:31,WhatsApp,628120174539,Grup
1775185686412,2026-04-03 03:08:06,WhatsApp,628815870357,Pribadi
1775178692412,2026-04-03 01:11:32,WhatsApp,628991859661,Grup
1775196784412,2026-04-03 06:13:04,WhatsApp,62884812290,Pribadi
1775242160412,2026-04-03 18:49:20,WhatsApp,628480407568,Grup
1775234857412,2026-04-03 16:47:37,WhatsApp,628606785273,Grup
1775188954412,2026-04-03 04:02:34,WhatsApp,628355338084,Pribadi
1775185106412,2026-04-03 02:58:26,WhatsApp,628263869611,Grup
1775190065412,2026-04-03 04:21:05,WhatsApp,628618461889,Grup
1775202492412,2026-04-03 07:48:12,WhatsApp,628322255902,Pribadi
1775191181412,2026-04-03 04:39:41,WhatsApp,628863440001,Grup
1775202946412,2026-04-03 07:55:46,WhatsApp,628336644018,Pribadi
1775205968412,2026-04-03 08:46:08,WhatsApp,628956308654,Grup
1775208967412,2026-04-03 09:36:07,WhatsApp,628511529373,Grup
1775244125412,2026-04-03 19:22:05,WhatsApp,628503152407,Grup
1775198421412,2026-04-03 06:40:21,WhatsApp,628236084198,Grup
1775182345412,2026-04-03 02:12:25,WhatsApp,628458527190,Grup
1775225750412,2026-04-03 14:15:50,WhatsApp,628498926993,Pribadi
1775179733412,2026-04-03 01:28:53,WhatsApp,628369714641,Grup
1775208140412,2026-04-03 09:22:20,WhatsApp,62845974210,Grup
1775258106412,2026-04-03 23:15:06,WhatsApp,628854057940,Grup
1775252365412,2026-04-03 21:39:25,WhatsApp,628451702904,Grup
1775227783412,2026-04-03 14:49:43,WhatsApp,628470740319,Grup
1775204446412,2026-04-03 08:20:46,WhatsApp,628924348463,Grup
1775238746412,2026-04-03 17:52:26,WhatsApp,628693346517,Grup
1775259179412,2026-04-03 23:32:59,WhatsApp,628873985213,Grup
1775223128412,2026-04-03 13:32:08,WhatsApp,628505073762,Grup
1775217901412,2026-04-03 12:05:01,WhatsApp,628852608984,Pribadi
1775226129412,2026-04-03 14:22:09,WhatsApp,628472693678,Grup
1775198216412,2026-04-03 06:36:56,WhatsApp,628896326915,Pribadi
1775253009412,2026-04-03 21:50:09,WhatsApp,628610216396,Grup
1775200652412,2026-04-03 07:17:32,WhatsApp,62871970913,Pribadi
1775192501412,2026-04-03 05:01:41,WhatsApp,628553008746,Grup
1775181592412,2026-04-03 01:59:52,WhatsApp,628936172509,Pribadi
1775186667412,2026-04-03 03:24:27,WhatsApp,62892703365,Pribadi
1775201980412,2026-04-03 07:39:40,WhatsApp,628292233703,Pribadi
1775181661412,2026-04-03 02:01:01,WhatsApp,628831834574,Grup
1775231670412,2026-04-03 15:54:30,WhatsApp,628677773360,Pribadi
1775174745412,2026-04-03 00:05:45,WhatsApp,628783790331,Grup
1775212247412,2026-04-03 10:30:47,WhatsApp,628907829134,Grup
1775181427412,2026-04-03 01:57:07,WhatsApp,628270370852,Grup
1775187373412,2026-04-03 03:36:13,WhatsApp,628280281638,Grup
1775221062412,2026-04-03 12:57:42,WhatsApp,628336502473,Grup
1775257064412,2026-04-03 22:57:44,WhatsApp,628592545195,Grup
1775180475412,2026-04-03 01:41:15,WhatsApp,628106280954,Pribadi
1775237944412,2026-04-03 17:39:04,WhatsApp,628772023821,Grup
1775200565412,2026-04-03 07:16:05,WhatsApp,628665870900,Pribadi
1775207656412,2026-04-03 09:14:16,WhatsApp,628488953273,Grup
1775202714412,2026-04-03 07:51:54,WhatsApp,628340229980,Pribadi
1775182493412,2026-04-03 02:14:53,WhatsApp,628498159845,Pribadi
1775259229412,2026-04-03 23:33:49,WhatsApp,628492952646,Pribadi
1775243637412,2026-04-03 19:13:57,WhatsApp,628676422932,Grup
1775219130412,2026-04-03 12:25:30,WhatsApp,628757843854,Pribadi
1775212442412,2026-04-03 10:34:02,WhatsApp,6281845555,Grup
1775241414412,2026-04-03 18:36:54,WhatsApp,628549461900,Pribadi
1775207508412,2026-04-03 09:11:48,WhatsApp,628274056795,Grup
1775221821412,2026-04-03 13:10:21,WhatsApp,628572601239,Grup
1775256736412,2026-04-03 22:52:16,WhatsApp,628157336280,Pribadi
1775195933412,2026-04-03 05:58:53,WhatsApp,628743666718,Grup
1775219058412,2026-04-03 12:24:18,Discord,user94149,DM
1775256889412,2026-04-03 22:54:49,Discord,user6102,Server
1775211541412,2026-04-03 10:19:01,Discord,user30980,DM
1775187842412,2026-04-03 03:44:02,Discord,user70995,DM
1775196033412,2026-04-03 06:00:33,Discord,user1322,Server
1775199224412,2026-04-03 06:53:44,Discord,user70981,DM
1775221035412,2026-04-03 12:57:15,Discord,user74274,Server
1775222940412,2026-04-03 13:29:00,Discord,user82441,DM
1775220580412,2026-04-03 12:49:40,Discord,user78214,Server
1775224176412,2026-04-03 13:49:36,Discord,user40392,Server
1775206323412,2026-04-03 08:52:03,Discord,user26168,DM
1775233588412,2026-04-03 16:26:28,Discord,user4478,DM
1775246970412,2026-04-03 20:09:30,Discord,user64255,DM
1775254248412,2026-04-03 22:10:48,Discord,user55922,DM
1775252042412,2026-04-03 21:34:02,Discord,user28576,Server
1775191651412,2026-04-03 04:47:31,Discord,user36583,Server
1775233916412,2026-04-03 16:31:56,Discord,user15687,Server
1775221022412,2026-04-03 12:57:02,Discord,user28677,DM
1775247694412,2026-04-03 20:21:34,Discord,user42200,DM
1775217733412,2026-04-03 12:02:13,Discord,user15569,DM
1775203523412,2026-04-03 08:05:23,Discord,user29533,Server
1775198944412,2026-04-03 06:49:04,Discord,user52323,DM
1775217920412,2026-04-03 12:05:20,Discord,user39232,Server
1775234155412,2026-04-03 16:35:55,Discord,user34621,DM
1775215872412,2026-04-03 11:31:12,Discord,user4076,Server
1775224111412,2026-04-03 13:48:31,Discord,user18267,DM
1775214942412,2026-04-03 11:15:42,Discord,user69909,Server
1775202688412,2026-04-03 07:51:28,Discord,user44917,Server
1775258760412,2026-04-03 23:26:00,Discord,user28622,DM
1775242494412,2026-04-03 18:54:54,Discord,user5557,Server
1775200162412,2026-04-03 07:09:22,Discord,user66241,DM
1775239854412,2026-04-03 18:10:54,Discord,user70207,DM
1775250867412,2026-04-03 21:14:27,Discord,user14961,DM
1775230436412,2026-04-03 15:33:56,Discord,user27730,Server
1775257459412,2026-04-03 23:04:19,Discord,user94272,Server
1775224101412,2026-04-03 13:48:21,Discord,user60936,DM
1775187775412,2026-04-03 03:42:55,Discord,user80503,Server
1775211361412,2026-04-03 10:16:01,Discord,user38167,Server
1775242052412,2026-04-03 18:47:32,Discord,user63411,DM
1775207524412,2026-04-03 09:12:04,Discord,user98494,DM
1775270395412,2026-04-04 02:39:55,WhatsApp,628200489227,Pribadi
1775283137412,2026-04-04 06:12:17,WhatsApp,628397496565,Grup
1775265143412,2026-04-04 01:12:23,WhatsApp,628865427158,Grup
1775296492412,2026-04-04 09:54:52,WhatsApp,628482074021,Pribadi
1775306817412,2026-04-04 12:46:57,WhatsApp,628913635761,Pribadi
1775320572412,2026-04-04 16:36:12,WhatsApp,628339954310,Pribadi
1775339986412,2026-04-04 21:59:46,WhatsApp,628372195159,Grup
1775332339412,2026-04-04 19:52:19,WhatsApp,628944717046,Pribadi
1775346505412,2026-04-04 23:48:25,WhatsApp,628196108513,Pribadi
1775267096412,2026-04-04 01:44:56,WhatsApp,628129616324,Pribadi
1775305391412,2026-04-04 12:23:11,WhatsApp,628424062486,Grup
1775280872412,2026-04-04 05:34:32,WhatsApp,628108873380,Grup
1775281074412,2026-04-04 05:37:54,WhatsApp,628104449794,Grup
1775262200412,2026-04-04 00:23:20,WhatsApp,628881326446,Grup
1775304959412,2026-04-04 12:15:59,WhatsApp,628339715492,Pribadi
1775342635412,2026-04-04 22:43:55,WhatsApp,628496578610,Grup
1775327636412,2026-04-04 18:33:56,WhatsApp,628793928010,Grup
1775267717412,2026-04-04 01:55:17,WhatsApp,628585583708,Grup
1775282349412,2026-04-04 05:59:09,WhatsApp,628470768693,Pribadi
1775304543412,2026-04-04 12:09:03,WhatsApp,628703232121,Pribadi
1775263186412,2026-04-04 00:39:46,WhatsApp,628400426288,Grup
1775317285412,2026-04-04 15:41:25,WhatsApp,628553123562,Pribadi
1775294217412,2026-04-04 09:16:57,WhatsApp,62871122841,Pribadi
1775284000412,2026-04-04 06:26:40,WhatsApp,628920915876,Pribadi
1775266896412,2026-04-04 01:41:36,WhatsApp,628439299541,Pribadi
1775300034412,2026-04-04 10:53:54,WhatsApp,628331979464,Pribadi
1775325515412,2026-04-04 17:58:35,WhatsApp,628531121116,Grup
1775311708412,2026-04-04 14:08:28,WhatsApp,628727855327,Grup
1775318832412,2026-04-04 16:07:12,WhatsApp,628718737167,Grup
1775270055412,2026-04-04 02:34:15,WhatsApp,628276442217,Pribadi
1775275844412,2026-04-04 04:10:44,WhatsApp,62879819942,Grup
1775319369412,2026-04-04 16:16:09,WhatsApp,628702260315,Grup
1775331313412,2026-04-04 19:35:13,WhatsApp,62871347774,Grup
1775342406412,2026-04-04 22:40:06,WhatsApp,628767375991,Grup
1775338461412,2026-04-04 21:34:21,WhatsApp,628660795560,Pribadi
1775261546412,2026-04-04 00:12:26,WhatsApp,628786932837,Grup
1775281640412,2026-04-04 05:47:20,WhatsApp,628980836040,Grup
1775346453412,2026-04-04 23:47:33,WhatsApp,628990410230,Pribadi
1775325638412,2026-04-04 18:00:38,WhatsApp,628434542909,Grup
1775285267412,2026-04-04 06:47:47,WhatsApp,628298567440,Grup
1775262904412,2026-04-04 00:35:04,WhatsApp,628627241332,Pribadi
1775311718412,2026-04-04 14:08:38,WhatsApp,628392800385,Grup
1775262450412,2026-04-04 00:27:30,WhatsApp,628194570376,Pribadi
1775336037412,2026-04-04 20:53:57,WhatsApp,628541636576,Grup
1775310965412,2026-04-04 13:56:05,WhatsApp,628976071156,Grup
1775267064412,2026-04-04 01:44:24,WhatsApp,628559507425,Grup
1775309244412,2026-04-04 13:27:24,WhatsApp,628787927006,Grup
1775261350412,2026-04-04 00:09:10,WhatsApp,62844549377,Pribadi
1775321744412,2026-04-04 16:55:44,WhatsApp,628838650050,Grup
1775342573412,2026-04-04 22:42:53,WhatsApp,628388989258,Grup
1775342418412,2026-04-04 22:40:18,WhatsApp,628426202910,Pribadi
1775309772412,2026-04-04 13:36:12,WhatsApp,628576744549,Pribadi
1775290726412,2026-04-04 08:18:46,WhatsApp,628236883565,Grup
1775286957412,2026-04-04 07:15:57,WhatsApp,628455968287,Grup
1775337483412,2026-04-04 21:18:03,WhatsApp,628542668674,Pribadi
1775335385412,2026-04-04 20:43:05,WhatsApp,628604488287,Grup
1775316392412,2026-04-04 15:26:32,WhatsApp,628699740255,Grup
1775302123412,2026-04-04 11:28:43,WhatsApp,628191783208,Grup
1775263456412,2026-04-04 00:44:16,WhatsApp,628834853190,Grup
1775331262412,2026-04-04 19:34:22,WhatsApp,628156049842,Grup
1775301817412,2026-04-04 11:23:37,WhatsApp,628130501701,Pribadi
1775274719412,2026-04-04 03:51:59,WhatsApp,628204887628,Pribadi
1775276597412,2026-04-04 04:23:17,WhatsApp,62849966307,Grup
1775291966412,2026-04-04 08:39:26,WhatsApp,628844497758,Pribadi
1775304216412,2026-04-04 12:03:36,WhatsApp,62850690377,Pribadi
1775319248412,2026-04-04 16:14:08,WhatsApp,628348290162,Pribadi
1775292626412,2026-04-04 08:50:26,WhatsApp,628427838265,Pribadi
1775295914412,2026-04-04 09:45:14,WhatsApp,628592617843,Grup
1775295061412,2026-04-04 09:31:01,WhatsApp,628146361692,Grup
1775303893412,2026-04-04 11:58:13,WhatsApp,628125689727,Grup
1775274880412,2026-04-04 03:54:40,WhatsApp,628302067330,Grup
1775329452412,2026-04-04 19:04:12,WhatsApp,628374093550,Pribadi
1775287834412,2026-04-04 07:30:34,WhatsApp,628342215576,Grup
1775272251412,2026-04-04 03:10:51,WhatsApp,628697530865,Grup
1775278777412,2026-04-04 04:59:37,WhatsApp,628987264026,Grup
1775338082412,2026-04-04 21:28:02,WhatsApp,628978813310,Grup
1775300724412,2026-04-04 11:05:24,WhatsApp,62897867307,Pribadi
1775326429412,2026-04-04 18:13:49,WhatsApp,628472085508,Grup
1775329703412,2026-04-04 19:08:23,WhatsApp,628657133630,Grup
1775345307412,2026-04-04 23:28:27,WhatsApp,628316050055,Pribadi
1775332862412,2026-04-04 20:01:02,WhatsApp,62897232032,Grup
1775290031412,2026-04-04 08:07:11,WhatsApp,628851019080,Grup
1775331951412,2026-04-04 19:45:51,WhatsApp,628228688220,Pribadi
1775305458412,2026-04-04 12:24:18,WhatsApp,628475597187,Grup
1775323004412,2026-04-04 17:16:44,WhatsApp,628981357876,Grup
1775330445412,2026-04-04 19:20:45,WhatsApp,628649358838,Grup
1775287700412,2026-04-04 07:28:20,WhatsApp,628648883032,Grup
1775310030412,2026-04-04 13:40:30,WhatsApp,62818037399,Pribadi
1775297932412,2026-04-04 10:18:52,WhatsApp,628903441634,Grup
1775282150412,2026-04-04 05:55:50,WhatsApp,628206928895,Grup
1775341874412,2026-04-04 22:31:14,WhatsApp,628649727139,Grup
1775309122412,2026-04-04 13:25:22,WhatsApp,628872778409,Grup
1775325688412,2026-04-04 18:01:28,WhatsApp,628742114773,Pribadi
1775276017412,2026-04-04 04:13:37,WhatsApp,628278591003,Pribadi
1775342063412,2026-04-04 22:34:23,WhatsApp,628763731372,Grup
1775279540412,2026-04-04 05:12:20,WhatsApp,628698724988,Grup
1775312474412,2026-04-04 14:21:14,WhatsApp,628568945984,Grup
1775323769412,2026-04-04 17:29:29,WhatsApp,628967032849,Pribadi
1775268615412,2026-04-04 02:10:15,WhatsApp,628766303310,Grup
1775282385412,2026-04-04 05:59:45,WhatsApp,628768247429,Grup
1775312542412,2026-04-04 14:22:22,WhatsApp,628854271464,Grup
1775262820412,2026-04-04 00:33:40,WhatsApp,628949913269,Pribadi
1775294786412,2026-04-04 09:26:26,WhatsApp,628934788863,Grup
1775318640412,2026-04-04 16:04:00,WhatsApp,628589894892,Grup
1775285431412,2026-04-04 06:50:31,WhatsApp,628104632559,Pribadi
1775310237412,2026-04-04 13:43:57,WhatsApp,628615191354,Grup
1775345129412,2026-04-04 23:25:29,WhatsApp,628399045571,Grup
1775282284412,2026-04-04 05:58:04,WhatsApp,628446118503,Pribadi
1775317755412,2026-04-04 15:49:15,WhatsApp,628908489989,Grup
1775266891412,2026-04-04 01:41:31,WhatsApp,628519230591,Grup
1775277678412,2026-04-04 04:41:18,WhatsApp,628541405634,Grup
1775301847412,2026-04-04 11:24:07,WhatsApp,628688698639,Pribadi
1775344510412,2026-04-04 23:15:10,WhatsApp,628583184427,Pribadi
1775343087412,2026-04-04 22:51:27,WhatsApp,628494727739,Pribadi
1775296734412,2026-04-04 09:58:54,WhatsApp,628823316971,Grup
1775324180412,2026-04-04 17:36:20,WhatsApp,628629142119,Grup
1775278381412,2026-04-04 04:53:01,WhatsApp,628690384106,Pribadi
1775308922412,2026-04-04 13:22:02,WhatsApp,62850176271,Pribadi
1775284135412,2026-04-04 06:28:55,WhatsApp,628964357444,Grup
1775288979412,2026-04-04 07:49:39,WhatsApp,628131142305,Grup
1775314479412,2026-04-04 14:54:39,WhatsApp,628420659452,Grup
1775319706412,2026-04-04 16:21:46,WhatsApp,628633945251,Pribadi
1775324128412,2026-04-04 17:35:28,WhatsApp,628359138076,Grup
1775268045412,2026-04-04 02:00:45,WhatsApp,628298127222,Grup
1775275639412,2026-04-04 04:07:19,Discord,user98666,DM
1775269131412,2026-04-04 02:18:51,Discord,user5560,Server
1775322817412,2026-04-04 17:13:37,Discord,user38421,DM
1775289355412,2026-04-04 07:55:55,Discord,user87229,DM
1775344214412,2026-04-04 23:10:14,Discord,user4025,Server
1775275471412,2026-04-04 04:04:31,Discord,user54738,DM
1775297594412,2026-04-04 10:13:14,Discord,user30072,Server
1775317526412,2026-04-04 15:45:26,Discord,user66180,DM
1775291660412,2026-04-04 08:34:20,Discord,user33589,DM
1775271812412,2026-04-04 03:03:32,Discord,user4585,Server
1775260846412,2026-04-04 00:00:46,Discord,user92599,Server
1775343480412,2026-04-04 22:58:00,Discord,user15651,DM
1775283925412,2026-04-04 06:25:25,Discord,user69548,Server
1775288076412,2026-04-04 07:34:36,Discord,user20230,Server
1775265026412,2026-04-04 01:10:26,Discord,user53245,Server
1775289395412,2026-04-04 07:56:35,Discord,user98240,Server
1775269728412,2026-04-04 02:28:48,Discord,user95845,Server
1775311124412,2026-04-04 13:58:44,Discord,user37807,Server
1775272870412,2026-04-04 03:21:10,Discord,user42583,Server
1775280117412,2026-04-04 05:21:57,Discord,user50091,Server
1775314414412,2026-04-04 14:53:34,Discord,user85474,DM
1775326180412,2026-04-04 18:09:40,Discord,user89566,Server
1775285857412,2026-04-04 06:57:37,Discord,user73400,DM
1775298353412,2026-04-04 10:25:53,Discord,user62941,Server
1775340238412,2026-04-04 22:03:58,Discord,user33179,Server
1775331403412,2026-04-04 19:36:43,Discord,user308,DM
1775323988412,2026-04-04 17:33:08,Discord,user85285,Server
1775313360412,2026-04-04 14:36:00,Discord,user23803,DM
1775264930412,2026-04-04 01:08:50,Discord,user96524,DM
1775294831412,2026-04-04 09:27:11,Discord,user749,DM
1775342850412,2026-04-04 22:47:30,Discord,user64759,Server
1775292233412,2026-04-04 08:43:53,Discord,user66842,Server
1775300803412,2026-04-04 11:06:43,Discord,user52872,Server
1775308124412,2026-04-04 13:08:44,Discord,user89203,DM
1775313050412,2026-04-04 14:30:50,Discord,user94567,Server
1775312465412,2026-04-04 14:21:05,Discord,user567,Server
1775267434412,2026-04-04 01:50:34,Discord,user82645,Server
1775272608412,2026-04-04 03:16:48,Discord,user75467,DM
1775403718412,2026-04-05 15:41:58,WhatsApp,628935795289,Grup
1775425616412,2026-04-05 21:46:56,WhatsApp,628419259932,Grup
1775362595412,2026-04-05 04:16:35,WhatsApp,628913343688,Pribadi
1775391824412,2026-04-05 12:23:44,WhatsApp,628224215576,Pribadi
1775404053412,2026-04-05 15:47:33,WhatsApp,628479819172,Pribadi
1775407120412,2026-04-05 16:38:40,WhatsApp,628803655545,Grup
1775429157412,2026-04-05 22:45:57,WhatsApp,628189508603,Grup
1775430911412,2026-04-05 23:15:11,WhatsApp,628352114975,Pribadi
1775426183412,2026-04-05 21:56:23,WhatsApp,62831821192,Grup
1775389882412,2026-04-05 11:51:22,WhatsApp,628898675731,Grup
1775365074412,2026-04-05 04:57:54,WhatsApp,628462602212,Pribadi
1775394426412,2026-04-05 13:07:06,WhatsApp,628875768351,Grup
1775419279412,2026-04-05 20:01:19,WhatsApp,628738895087,Grup
1775379240412,2026-04-05 08:54:00,WhatsApp,62839743188,Pribadi
1775399155412,2026-04-05 14:25:55,WhatsApp,628535748137,Grup
1775404990412,2026-04-05 16:03:10,WhatsApp,628354565996,Pribadi
1775418273412,2026-04-05 19:44:33,WhatsApp,628271074582,Grup
1775348839412,2026-04-05 00:27:19,WhatsApp,628468946939,Pribadi
1775414301412,2026-04-05 18:38:21,WhatsApp,628125817869,Grup
1775401034412,2026-04-05 14:57:14,WhatsApp,628730247627,Grup
1775424548412,2026-04-05 21:29:08,WhatsApp,628513071181,Grup
1775378393412,2026-04-05 08:39:53,WhatsApp,62834443292,Grup
1775424932412,2026-04-05 21:35:32,WhatsApp,628445737095,Pribadi
1775372069412,2026-04-05 06:54:29,WhatsApp,62894921837,Grup
1775428862412,2026-04-05 22:41:02,WhatsApp,628425135159,Pribadi
1775392073412,2026-04-05 12:27:53,WhatsApp,62850609566,Pribadi
1775409721412,2026-04-05 17:22:01,WhatsApp,628473903638,Grup
1775363994412,2026-04-05 04:39:54,WhatsApp,628663721663,Grup
1775419331412,2026-04-05 20:02:11,WhatsApp,628733992348,Grup
1775381214412,2026-04-05 09:26:54,WhatsApp,628230356510,Grup
1775424921412,2026-04-05 21:35:21,WhatsApp,628766059932,Grup
1775386484412,2026-04-05 10:54:44,WhatsApp,628135456448,Grup
1775386455412,2026-04-05 10:54:15,WhatsApp,628963837761,Grup
1775376833412,2026-04-05 08:13:53,WhatsApp,628476045770,Grup
1775348660412,2026-04-05 00:24:20,WhatsApp,628421779785,Grup
1775397794412,2026-04-05 14:03:14,WhatsApp,628397984119,Grup
1775428909412,2026-04-05 22:41:49,WhatsApp,628979578900,Pribadi
1775373258412,2026-04-05 07:14:18,WhatsApp,628297476575,Pribadi
1775353233412,2026-04-05 01:40:33,WhatsApp,628195861042,Pribadi
1775380265412,2026-04-05 09:11:05,WhatsApp,628129085470,Pribadi
1775371941412,2026-04-05 06:52:21,WhatsApp,628848273820,Pribadi
1775396373412,2026-04-05 13:39:33,WhatsApp,628815836119,Pribadi
1775408743412,2026-04-05 17:05:43,WhatsApp,628281389888,Grup
1775425235412,2026-04-05 21:40:35,WhatsApp,628336269149,Grup
1775349894412,2026-04-05 00:44:54,WhatsApp,628918442878,Pribadi
1775371979412,2026-04-05 06:52:59,WhatsApp,62846997488,Grup
1775398455412,2026-04-05 14:14:15,WhatsApp,628134476921,Pribadi
1775375326412,2026-04-05 07:48:46,WhatsApp,628155629058,Grup
1775405477412,2026-04-05 16:11:17,WhatsApp,628864856627,Grup
1775399180412,2026-04-05 14:26:20,WhatsApp,628342975940,Grup
1775393936412,2026-04-05 12:58:56,WhatsApp,628278121605,Grup
1775410211412,2026-04-05 17:30:11,WhatsApp,628776739398,Grup
1775415985412,2026-04-05 19:06:25,WhatsApp,628616266389,Grup
1775348953412,2026-04-05 00:29:13,WhatsApp,628868531515,Grup
1775356578412,2026-04-05 02:36:18,WhatsApp,628285460560,Grup
1775422832412,2026-04-05 21:00:32,WhatsApp,628958793769,Grup
1775361672412,2026-04-05 04:01:12,WhatsApp,628733442208,Grup
1775407217412,2026-04-05 16:40:17,WhatsApp,628328987256,Pribadi
1775369065412,2026-04-05 06:04:25,WhatsApp,628617437084,Pribadi
1775402611412,2026-04-05 15:23:31,WhatsApp,628490301759,Grup
1775400913412,2026-04-05 14:55:13,WhatsApp,628372792940,Grup
1775385938412,2026-04-05 10:45:38,WhatsApp,62886900783,Pribadi
1775395894412,2026-04-05 13:31:34,WhatsApp,628146893207,Pribadi
1775374595412,2026-04-05 07:36:35,WhatsApp,628984521660,Pribadi
1775379865412,2026-04-05 09:04:25,WhatsApp,62868492018,Grup
1775389639412,2026-04-05 11:47:19,WhatsApp,62812896117,Pribadi
1775372787412,2026-04-05 07:06:27,WhatsApp,628761984480,Grup
1775396578412,2026-04-05 13:42:58,WhatsApp,628435477131,Pribadi
1775379390412,2026-04-05 08:56:30,WhatsApp,628818733141,Pribadi
1775367819412,2026-04-05 05:43:39,WhatsApp,628342526566,Grup
1775430397412,2026-04-05 23:06:37,WhatsApp,628741845646,Pribadi
1775390953412,2026-04-05 12:09:13,WhatsApp,628883286704,Pribadi
1775430938412,2026-04-05 23:15:38,WhatsApp,628499256304,Grup
1775429001412,2026-04-05 22:43:21,WhatsApp,628297432915,Pribadi
1775372632412,2026-04-05 07:03:52,WhatsApp,628789149963,Grup
1775400544412,2026-04-05 14:49:04,WhatsApp,628276472247,Pribadi
1775348132412,2026-04-05 00:15:32,WhatsApp,6289471673,Grup
1775355645412,2026-04-05 02:20:45,WhatsApp,62879784408,Grup
1775410207412,2026-04-05 17:30:07,WhatsApp,628462761540,Grup
1775367886412,2026-04-05 05:44:46,WhatsApp,628853847852,Grup
1775408163412,2026-04-05 16:56:03,WhatsApp,628431484680,Grup
1775432027412,2026-04-05 23:33:47,WhatsApp,62879487498,Grup
1775371704412,2026-04-05 06:48:24,WhatsApp,628261495446,Grup
1775422421412,2026-04-05 20:53:41,WhatsApp,628550586246,Pribadi
1775374714412,2026-04-05 07:38:34,WhatsApp,628122213066,Pribadi
1775366320412,2026-04-05 05:18:40,WhatsApp,628642859317,Grup
1775363792412,2026-04-05 04:36:32,WhatsApp,628442605862,Grup
1775414408412,2026-04-05 18:40:08,WhatsApp,628720951948,Grup
1775391584412,2026-04-05 12:19:44,WhatsApp,628826558104,Grup
1775391333412,2026-04-05 12:15:33,WhatsApp,628174805687,Grup
1775419134412,2026-04-05 19:58:54,WhatsApp,628734494492,Pribadi
1775431453412,2026-04-05 23:24:13,WhatsApp,62836074208,Pribadi
1775364428412,2026-04-05 04:47:08,WhatsApp,628430638641,Grup
1775412751412,2026-04-05 18:12:31,WhatsApp,628830764867,Grup
1775400547412,2026-04-05 14:49:07,WhatsApp,628712873172,Pribadi
1775421343412,2026-04-05 20:35:43,WhatsApp,628661932544,Grup
1775413922412,2026-04-05 18:32:02,WhatsApp,628502481464,Grup
1775424697412,2026-04-05 21:31:37,WhatsApp,6288003908,Pribadi
1775366632412,2026-04-05 05:23:52,WhatsApp,628458199802,Pribadi
1775376078412,2026-04-05 08:01:18,WhatsApp,628795791815,Pribadi
1775407210412,2026-04-05 16:40:10,WhatsApp,628215229379,Grup
1775423488412,2026-04-05 21:11:28,WhatsApp,628457926819,Grup
1775356818412,2026-04-05 02:40:18,WhatsApp,628511113201,Grup
1775370414412,2026-04-05 06:26:54,WhatsApp,628582926724,Grup
1775396150412,2026-04-05 13:35:50,WhatsApp,628492339543,Grup
1775414248412,2026-04-05 18:37:28,WhatsApp,62887112112,Pribadi
1775365001412,2026-04-05 04:56:41,WhatsApp,628795550191,Grup
1775380952412,2026-04-05 09:22:32,WhatsApp,628729312747,Grup
1775366948412,2026-04-05 05:29:08,WhatsApp,628686705350,Grup
1775405224412,2026-04-05 16:07:04,WhatsApp,628165532569,Grup
1775417805412,2026-04-05 19:36:45,WhatsApp,628964782255,Pribadi
1775385998412,2026-04-05 10:46:38,WhatsApp,628740636760,Grup
1775406349412,2026-04-05 16:25:49,WhatsApp,628387258693,Grup
1775378151412,2026-04-05 08:35:51,WhatsApp,628746120037,Grup
1775432716412,2026-04-05 23:45:16,WhatsApp,628392263821,Pribadi
1775392205412,2026-04-05 12:30:05,WhatsApp,628155733866,Grup
1775415664412,2026-04-05 19:01:04,WhatsApp,628918892437,Grup
1775426113412,2026-04-05 21:55:13,Discord,user66619,DM
1775408356412,2026-04-05 16:59:16,Discord,user19899,DM
1775358987412,2026-04-05 03:16:27,Discord,user71463,DM
1775386356412,2026-04-05 10:52:36,Discord,user84977,DM
1775378351412,2026-04-05 08:39:11,Discord,user89415,DM
1775389740412,2026-04-05 11:49:00,Discord,user27762,Server
1775356217412,2026-04-05 02:30:17,Discord,user50830,Server
1775396758412,2026-04-05 13:45:58,Discord,user22087,DM
1775412045412,2026-04-05 18:00:45,Discord,user32961,DM
1775429016412,2026-04-05 22:43:36,Discord,user84433,DM
1775416623412,2026-04-05 19:17:03,Discord,user68303,Server
1775366010412,2026-04-05 05:13:30,Discord,user69176,Server
1775426251412,2026-04-05 21:57:31,Discord,user20600,DM
1775420104412,2026-04-05 20:15:04,Discord,user66278,DM
1775406730412,2026-04-05 16:32:10,Discord,user39942,DM
1775366804412,2026-04-05 05:26:44,Discord,user19671,DM
1775409468412,2026-04-05 17:17:48,Discord,user51496,Server
1775403841412,2026-04-05 15:44:01,Discord,user41744,Server
1775423139412,2026-04-05 21:05:39,Discord,user28041,DM
1775350217412,2026-04-05 00:50:17,Discord,user80826,Server
1775366696412,2026-04-05 05:24:56,Discord,user16735,Server
1775355747412,2026-04-05 02:22:27,Discord,user31317,Server
1775356079412,2026-04-05 02:27:59,Discord,user92010,Server
1775430404412,2026-04-05 23:06:44,Discord,user66287,DM
1775393793412,2026-04-05 12:56:33,Discord,user47249,Server
1775362388412,2026-04-05 04:13:08,Discord,user99400,DM
1775416447412,2026-04-05 19:14:07,Discord,user80501,Server
1775373712412,2026-04-05 07:21:52,Discord,user9949,Server
1775428468412,2026-04-05 22:34:28,Discord,user57806,Server
1775377803412,2026-04-05 08:30:03,Discord,user77928,Server
1775362123412,2026-04-05 04:08:43,Discord,user83038,Server
1775394494412,2026-04-05 13:08:14,Discord,user95762,Server
1775357736412,2026-04-05 02:55:36,Discord,user2691,Server
1775426396412,2026-04-05 21:59:56,Discord,user97419,Server
1775375092412,2026-04-05 07:44:52,Discord,user11084,DM
1775359850412,2026-04-05 03:30:50,Discord,user47789,DM
1775375640412,2026-04-05 07:54:00,Discord,user30178,Server
1775460256412,2026-04-06 07:24:16,WhatsApp,628303347075,Grup
1775483230412,2026-04-06 13:47:10,WhatsApp,628305041567,Pribadi
1775501430412,2026-04-06 18:50:30,WhatsApp,628373007385,Pribadi
1775469390412,2026-04-06 09:56:30,WhatsApp,628242688624,Pribadi
1775439567412,2026-04-06 01:39:27,WhatsApp,628755718215,Grup
1775448185412,2026-04-06 04:03:05,WhatsApp,628594915103,Pribadi
1775465270412,2026-04-06 08:47:50,WhatsApp,628270344721,Grup
1775490412412,2026-04-06 15:46:52,WhatsApp,62867812801,Grup
1775515822412,2026-04-06 22:50:22,WhatsApp,62813413987,Grup
1775441785412,2026-04-06 02:16:25,WhatsApp,628386763573,Pribadi
1775461884412,2026-04-06 07:51:24,WhatsApp,628680260901,Grup
1775483398412,2026-04-06 13:49:58,WhatsApp,628939296040,Pribadi
1775436622412,2026-04-06 00:50:22,WhatsApp,628719741976,Grup
1775510301412,2026-04-06 21:18:21,WhatsApp,628154093979,Grup
1775519476412,2026-04-06 23:51:16,WhatsApp,628599887416,Grup
1775490726412,2026-04-06 15:52:06,WhatsApp,628749324414,Pribadi
1775470326412,2026-04-06 10:12:06,WhatsApp,62825796024,Grup
1775515813412,2026-04-06 22:50:13,WhatsApp,628408172642,Grup
1775458947412,2026-04-06 07:02:27,WhatsApp,628512639885,Grup
1775495335412,2026-04-06 17:08:55,WhatsApp,628913964913,Pribadi
1775486377412,2026-04-06 14:39:37,WhatsApp,628704383538,Pribadi
1775503536412,2026-04-06 19:25:36,WhatsApp,628621733065,Grup
1775434524412,2026-04-06 00:15:24,WhatsApp,628151504020,Grup
1775477055412,2026-04-06 12:04:15,WhatsApp,628187575620,Pribadi
1775473289412,2026-04-06 11:01:29,WhatsApp,628437427464,Grup
1775466489412,2026-04-06 09:08:09,WhatsApp,628118667489,Pribadi
1775439008412,2026-04-06 01:30:08,WhatsApp,628803967235,Pribadi
1775488750412,2026-04-06 15:19:10,WhatsApp,628985785512,Grup
1775484127412,2026-04-06 14:02:07,WhatsApp,62837342033,Grup
1775442397412,2026-04-06 02:26:37,WhatsApp,628856263990,Grup
1775498095412,2026-04-06 17:54:55,WhatsApp,628347713765,Grup
1775464928412,2026-04-06 08:42:08,WhatsApp,628659756813,Grup
1775489413412,2026-04-06 15:30:13,WhatsApp,628880962162,Grup
1775485120412,2026-04-06 14:18:40,WhatsApp,628156332933,Pribadi
1775514090412,2026-04-06 22:21:30,WhatsApp,628792479470,Grup
1775507355412,2026-04-06 20:29:15,WhatsApp,628272147829,Grup
1775459165412,2026-04-06 07:06:05,WhatsApp,628803705013,Grup
1775465057412,2026-04-06 08:44:17,WhatsApp,628981340826,Pribadi
1775464469412,2026-04-06 08:34:29,WhatsApp,62841597112,Grup
1775486602412,2026-04-06 14:43:22,WhatsApp,62864423797,Grup
1775483098412,2026-04-06 13:44:58,WhatsApp,628679646919,Grup
1775447213412,2026-04-06 03:46:53,WhatsApp,628622853297,Pribadi
1775501667412,2026-04-06 18:54:27,WhatsApp,628322031858,Pribadi
1775470766412,2026-04-06 10:19:26,WhatsApp,628865725193,Grup
1775468485412,2026-04-06 09:41:25,WhatsApp,628808079,Grup
1775486400412,2026-04-06 14:40:00,WhatsApp,628404613734,Pribadi
1775517486412,2026-04-06 23:18:06,WhatsApp,628108328263,Pribadi
1775450018412,2026-04-06 04:33:38,WhatsApp,628227824463,Grup
1775507285412,2026-04-06 20:28:05,WhatsApp,628384086453,Grup
1775519604412,2026-04-06 23:53:24,WhatsApp,628786000222,Pribadi
1775437115412,2026-04-06 00:58:35,WhatsApp,628383659006,Grup
1775468726412,2026-04-06 09:45:26,WhatsApp,628444156875,Grup
1775463666412,2026-04-06 08:21:06,WhatsApp,628951065700,Grup
1775517982412,2026-04-06 23:26:22,WhatsApp,628850281615,Grup
1775495942412,2026-04-06 17:19:02,WhatsApp,628109348429,Pribadi
1775487314412,2026-04-06 14:55:14,WhatsApp,628864251759,Grup
1775510492412,2026-04-06 21:21:32,WhatsApp,628612297244,Grup
1775465677412,2026-04-06 08:54:37,WhatsApp,628392719946,Grup
1775477275412,2026-04-06 12:07:55,WhatsApp,628358806325,Pribadi
1775519803412,2026-04-06 23:56:43,WhatsApp,628460072930,Grup
1775514442412,2026-04-06 22:27:22,WhatsApp,628761042301,Pribadi
1775479199412,2026-04-06 12:39:59,WhatsApp,628241148505,Grup
1775453877412,2026-04-06 05:37:57,WhatsApp,628599987765,Pribadi
1775478536412,2026-04-06 12:28:56,WhatsApp,628647725215,Grup
1775447182412,2026-04-06 03:46:22,WhatsApp,628257932549,Pribadi
1775496207412,2026-04-06 17:23:27,WhatsApp,628185338044,Grup
1775511630412,2026-04-06 21:40:30,WhatsApp,628918192958,Grup
1775489509412,2026-04-06 15:31:49,WhatsApp,628198304852,Pribadi
1775476258412,2026-04-06 11:50:58,WhatsApp,628873852688,Grup
1775453129412,2026-04-06 05:25:29,WhatsApp,628913266827,Grup
1775484957412,2026-04-06 14:15:57,WhatsApp,628250412351,Grup
1775488904412,2026-04-06 15:21:44,WhatsApp,628633379543,Grup
1775503148412,2026-04-06 19:19:08,WhatsApp,628448174630,Pribadi
1775461132412,2026-04-06 07:38:52,WhatsApp,628179430749,Grup
1775512502412,2026-04-06 21:55:02,WhatsApp,628200448193,Grup
1775519736412,2026-04-06 23:55:36,WhatsApp,628772273027,Grup
1775473043412,2026-04-06 10:57:23,WhatsApp,62841757224,Grup
1775438007412,2026-04-06 01:13:27,WhatsApp,628781516024,Pribadi
1775482418412,2026-04-06 13:33:38,WhatsApp,62880490798,Grup
1775516583412,2026-04-06 23:03:03,WhatsApp,628131549809,Grup
1775508696412,2026-04-06 20:51:36,WhatsApp,62849892929,Grup
1775502084412,2026-04-06 19:01:24,WhatsApp,62841182710,Pribadi
1775509731412,2026-04-06 21:08:51,WhatsApp,628882172851,Pribadi
1775508791412,2026-04-06 20:53:11,WhatsApp,628620867286,Grup
1775510326412,2026-04-06 21:18:46,WhatsApp,628986139536,Pribadi
1775503242412,2026-04-06 19:20:42,WhatsApp,628210219823,Pribadi
1775443070412,2026-04-06 02:37:50,WhatsApp,628113639605,Grup
1775477462412,2026-04-06 12:11:02,WhatsApp,628466998096,Grup
1775477461412,2026-04-06 12:11:01,WhatsApp,628153526189,Pribadi
1775477039412,2026-04-06 12:03:59,WhatsApp,628989229063,Grup
1775456309412,2026-04-06 06:18:29,WhatsApp,628714698172,Pribadi
1775505103412,2026-04-06 19:51:43,WhatsApp,628975164015,Grup
1775474617412,2026-04-06 11:23:37,WhatsApp,628994380075,Grup
1775451466412,2026-04-06 04:57:46,WhatsApp,628316067946,Grup
1775514587412,2026-04-06 22:29:47,WhatsApp,628925539978,Pribadi
1775519829412,2026-04-06 23:57:09,WhatsApp,628195016838,Grup
1775512757412,2026-04-06 21:59:17,WhatsApp,628924939260,Pribadi
1775485486412,2026-04-06 14:24:46,WhatsApp,628541359868,Grup
1775495173412,2026-04-06 17:06:13,WhatsApp,628942077074,Grup
1775462312412,2026-04-06 07:58:32,WhatsApp,628219137884,Grup
1775444661412,2026-04-06 03:04:21,WhatsApp,628685334946,Grup
1775443021412,2026-04-06 02:37:01,WhatsApp,628715342786,Grup
1775438158412,2026-04-06 01:15:58,WhatsApp,628318899531,Grup
1775444013412,2026-04-06 02:53:33,WhatsApp,628843673482,Grup
1775515111412,2026-04-06 22:38:31,WhatsApp,628632744752,Grup
1775480644412,2026-04-06 13:04:04,WhatsApp,628838455427,Pribadi
1775459525412,2026-04-06 07:12:05,WhatsApp,628894739413,Grup
1775439347412,2026-04-06 01:35:47,WhatsApp,628771414989,Grup
1775454685412,2026-04-06 05:51:25,WhatsApp,628474858102,Grup
1775441851412,2026-04-06 02:17:31,WhatsApp,628827876581,Pribadi
1775474936412,2026-04-06 11:28:56,WhatsApp,628213494374,Pribadi
1775461160412,2026-04-06 07:39:20,WhatsApp,628556011834,Grup
1775461209412,2026-04-06 07:40:09,WhatsApp,6289263527,Pribadi
1775445739412,2026-04-06 03:22:19,WhatsApp,628418264230,Grup
1775453789412,2026-04-06 05:36:29,WhatsApp,628676088513,Pribadi
1775491131412,2026-04-06 15:58:51,WhatsApp,628928475109,Grup
1775498593412,2026-04-06 18:03:13,WhatsApp,628222577508,Grup
1775465815412,2026-04-06 08:56:55,WhatsApp,628261586898,Pribadi
1775453582412,2026-04-06 05:33:02,Discord,user23667,DM
1775502918412,2026-04-06 19:15:18,Discord,user29916,DM
1775497397412,2026-04-06 17:43:17,Discord,user88709,DM
1775474694412,2026-04-06 11:24:54,Discord,user89229,Server
1775511849412,2026-04-06 21:44:09,Discord,user61176,Server
1775511370412,2026-04-06 21:36:10,Discord,user45216,DM
1775478467412,2026-04-06 12:27:47,Discord,user88466,Server
1775503100412,2026-04-06 19:18:20,Discord,user32219,Server
1775437067412,2026-04-06 00:57:47,Discord,user7200,Server
1775435807412,2026-04-06 00:36:47,Discord,user23620,Server
1775451979412,2026-04-06 05:06:19,Discord,user76652,DM
1775473339412,2026-04-06 11:02:19,Discord,user3673,DM
1775477740412,2026-04-06 12:15:40,Discord,user8292,DM
1775441687412,2026-04-06 02:14:47,Discord,user14667,Server
1775484132412,2026-04-06 14:02:12,Discord,user42379,Server
1775519862412,2026-04-06 23:57:42,Discord,user23822,DM
1775491545412,2026-04-06 16:05:45,Discord,user54415,Server
1775467423412,2026-04-06 09:23:43,Discord,user59130,Server
1775487348412,2026-04-06 14:55:48,Discord,user86694,Server
1775454632412,2026-04-06 05:50:32,Discord,user88142,DM
1775466975412,2026-04-06 09:16:15,Discord,user22308,DM
1775510873412,2026-04-06 21:27:53,Discord,user5033,Server
1775458118412,2026-04-06 06:48:38,Discord,user58560,DM
1775465063412,2026-04-06 08:44:23,Discord,user27346,Server
1775514233412,2026-04-06 22:23:53,Discord,user84504,DM
1775446293412,2026-04-06 03:31:33,Discord,user12792,Server
1775451808412,2026-04-06 05:03:28,Discord,user92367,Server
1775465445412,2026-04-06 08:50:45,Discord,user62149,DM
1775466987412,2026-04-06 09:16:27,Discord,user16756,DM
1775510329412,2026-04-06 21:18:49,Discord,user44353,DM
1775507383412,2026-04-06 20:29:43,Discord,user37349,Server
1775458826412,2026-04-06 07:00:26,Discord,user55982,DM
1775436790412,2026-04-06 00:53:10,Discord,user68059,DM
1775484282412,2026-04-06 14:04:42,Discord,user42923,Server
1775509127412,2026-04-06 20:58:47,Discord,user14193,Server
1775465863412,2026-04-06 08:57:43,Discord,user39638,Server
1775494627412,2026-04-06 16:57:07,Discord,user4809,Server
1775448549412,2026-04-06 04:09:09,Discord,user15133,DM
1775479583412,2026-04-06 12:46:23,Discord,user4204,Server
1775458689412,2026-04-06 06:58:09,Discord,user69869,DM
1775463750412,2026-04-06 08:22:30,Discord,user35508,Server
1775556200412,2026-04-07 10:03:20,WhatsApp,628114261828,Grup
1775526496412,2026-04-07 01:48:16,WhatsApp,628835985181,Grup
1775542170412,2026-04-07 06:09:30,WhatsApp,628607870108,Pribadi
1775553791412,2026-04-07 09:23:11,WhatsApp,628560436889,Grup
1775585046412,2026-04-07 18:04:06,WhatsApp,628172407768,Pribadi
1775569446412,2026-04-07 13:44:06,WhatsApp,628687528199,Pribadi
1775583286412,2026-04-07 17:34:46,WhatsApp,628876897326,Grup
1775591019412,2026-04-07 19:43:39,WhatsApp,628745280800,Grup
1775581572412,2026-04-07 17:06:12,WhatsApp,628978817246,Grup
1775572555412,2026-04-07 14:35:55,WhatsApp,628643000149,Grup
1775539970412,2026-04-07 05:32:50,WhatsApp,628832942609,Pribadi
1775578923412,2026-04-07 16:22:03,WhatsApp,628261427919,Pribadi
1775564865412,2026-04-07 12:27:45,WhatsApp,62855020955,Grup
1775546365412,2026-04-07 07:19:25,WhatsApp,628433350322,Grup
1775584058412,2026-04-07 17:47:38,WhatsApp,628464733525,Grup
1775543589412,2026-04-07 06:33:09,WhatsApp,628710607508,Pribadi
1775594968412,2026-04-07 20:49:28,WhatsApp,628246718704,Grup
1775598356412,2026-04-07 21:45:56,WhatsApp,628546131928,Grup
1775547251412,2026-04-07 07:34:11,WhatsApp,628157007849,Pribadi
1775574948412,2026-04-07 15:15:48,WhatsApp,628107262386,Grup
1775583993412,2026-04-07 17:46:33,WhatsApp,628887003234,Pribadi
1775520554412,2026-04-07 00:09:14,WhatsApp,628277245087,Pribadi
1775584527412,2026-04-07 17:55:27,WhatsApp,628735640834,Pribadi
1775540064412,2026-04-07 05:34:24,WhatsApp,628595535768,Grup
1775533848412,2026-04-07 03:50:48,WhatsApp,628604429552,Grup
1775566294412,2026-04-07 12:51:34,WhatsApp,628301764010,Pribadi
1775599958412,2026-04-07 22:12:38,WhatsApp,62879422419,Pribadi
1775521257412,2026-04-07 00:20:57,WhatsApp,628141534462,Grup
1775601037412,2026-04-07 22:30:37,WhatsApp,62859002193,Grup
1775537903412,2026-04-07 04:58:23,WhatsApp,628134056103,Pribadi
1775567568412,2026-04-07 13:12:48,WhatsApp,62899516215,Pribadi
1775520018412,2026-04-07 00:00:18,WhatsApp,628879868917,Grup
1775587816412,2026-04-07 18:50:16,WhatsApp,628880206271,Grup
1775533611412,2026-04-07 03:46:51,WhatsApp,628135431155,Pribadi
1775532060412,2026-04-07 03:21:00,WhatsApp,62861109110,Grup
1775574971412,2026-04-07 15:16:11,WhatsApp,628566299065,Grup
1775593903412,2026-04-07 20:31:43,WhatsApp,628830085603,Grup
1775520325412,2026-04-07 00:05:25,WhatsApp,628622591308,Grup
1775522818412,2026-04-07 00:46:58,WhatsApp,628607100775,Pribadi
1775542524412,2026-04-07 06:15:24,WhatsApp,62841634320,Grup
1775594849412,2026-04-07 20:47:29,WhatsApp,62880371365,Grup
1775532393412,2026-04-07 03:26:33,WhatsApp,628861473974,Pribadi
1775561016412,2026-04-07 11:23:36,WhatsApp,628377391680,Pribadi
1775589426412,2026-04-07 19:17:06,WhatsApp,628232893528,Grup
1775523053412,2026-04-07 00:50:53,WhatsApp,628856938063,Pribadi
1775547360412,2026-04-07 07:36:00,WhatsApp,628232114153,Grup
1775564115412,2026-04-07 12:15:15,WhatsApp,628782993949,Grup
1775554937412,2026-04-07 09:42:17,WhatsApp,628298152586,Pribadi
1775604313412,2026-04-07 23:25:13,WhatsApp,628993176590,Grup
1775542836412,2026-04-07 06:20:36,WhatsApp,628150850243,Pribadi
1775606368412,2026-04-07 23:59:28,WhatsApp,628711828536,Pribadi
1775576264412,2026-04-07 15:37:44,WhatsApp,628949511884,Grup
1775522493412,2026-04-07 00:41:33,WhatsApp,628353882113,Grup
1775602983412,2026-04-07 23:03:03,WhatsApp,628852081795,Grup
1775573691412,2026-04-07 14:54:51,WhatsApp,628827786446,Pribadi
1775553691412,2026-04-07 09:21:31,WhatsApp,62854644732,Grup
1775550595412,2026-04-07 08:29:55,WhatsApp,628101195525,Grup
1775541083412,2026-04-07 05:51:23,WhatsApp,628877049368,Grup
1775529811412,2026-04-07 02:43:31,WhatsApp,628771438102,Grup
1775548245412,2026-04-07 07:50:45,WhatsApp,628104132889,Pribadi
1775566431412,2026-04-07 12:53:51,WhatsApp,628286229207,Pribadi
1775582101412,2026-04-07 17:15:01,WhatsApp,628711342763,Pribadi
1775605332412,2026-04-07 23:42:12,WhatsApp,628402235253,Grup
1775564303412,2026-04-07 12:18:23,WhatsApp,628854874652,Grup
1775536162412,2026-04-07 04:29:22,WhatsApp,628473049992,Grup
1775563586412,2026-04-07 12:06:26,WhatsApp,628211624030,Pribadi
1775566064412,2026-04-07 12:47:44,WhatsApp,628844563574,Grup
1775525915412,2026-04-07 01:38:35,WhatsApp,628528721611,Pribadi
1775601226412,2026-04-07 22:33:46,WhatsApp,628508638838,Grup
1775543268412,2026-04-07 06:27:48,WhatsApp,628604620119,Grup
1775576303412,2026-04-07 15:38:23,WhatsApp,62847063772,Grup
1775578924412,2026-04-07 16:22:04,WhatsApp,62848310822,Grup
1775595282412,2026-04-07 20:54:42,WhatsApp,628590937572,Grup
1775585054412,2026-04-07 18:04:14,WhatsApp,628820718208,Grup
1775524860412,2026-04-07 01:21:00,WhatsApp,628523106697,Grup
1775546409412,2026-04-07 07:20:09,WhatsApp,628138656000,Grup
1775606138412,2026-04-07 23:55:38,WhatsApp,628987982968,Grup
1775583271412,2026-04-07 17:34:31,WhatsApp,628150027676,Grup
1775558674412,2026-04-07 10:44:34,WhatsApp,628482944393,Grup
1775531520412,2026-04-07 03:12:00,WhatsApp,628857600844,Grup
1775561254412,2026-04-07 11:27:34,WhatsApp,628185208529,Grup
1775579204412,2026-04-07 16:26:44,WhatsApp,628396505655,Pribadi
1775574651412,2026-04-07 15:10:51,WhatsApp,62811745896,Grup
1775590758412,2026-04-07 19:39:18,WhatsApp,628296108945,Grup
1775594959412,2026-04-07 20:49:19,WhatsApp,628418073216,Grup
1775539946412,2026-04-07 05:32:26,WhatsApp,628417208713,Pribadi
1775589510412,2026-04-07 19:18:30,WhatsApp,628388569906,Grup
1775600045412,2026-04-07 22:14:05,WhatsApp,628882907862,Pribadi
1775566382412,2026-04-07 12:53:02,WhatsApp,62867084071,Pribadi
1775542229412,2026-04-07 06:10:29,WhatsApp,628427041829,Grup
1775582290412,2026-04-07 17:18:10,WhatsApp,628330297463,Grup
1775588862412,2026-04-07 19:07:42,WhatsApp,628346640066,Pribadi
1775534114412,2026-04-07 03:55:14,WhatsApp,628333633504,Grup
1775600018412,2026-04-07 22:13:38,WhatsApp,628300059292,Pribadi
1775598014412,2026-04-07 21:40:14,WhatsApp,628172064756,Grup
1775581628412,2026-04-07 17:07:08,WhatsApp,628795739699,Grup
1775554731412,2026-04-07 09:38:51,WhatsApp,628552386605,Grup
1775587362412,2026-04-07 18:42:42,WhatsApp,62896079135,Grup
1775604614412,2026-04-07 23:30:14,WhatsApp,628343699174,Grup
1775526871412,2026-04-07 01:54:31,WhatsApp,628899181791,Grup
1775561922412,2026-04-07 11:38:42,WhatsApp,628498088751,Grup
1775594568412,2026-04-07 20:42:48,WhatsApp,628849810715,Grup
1775569797412,2026-04-07 13:49:57,WhatsApp,628372519500,Grup
1775540238412,2026-04-07 05:37:18,WhatsApp,628885959363,Pribadi
1775527022412,2026-04-07 01:57:02,WhatsApp,628436288798,Grup
1775591241412,2026-04-07 19:47:21,WhatsApp,628173919467,Pribadi
1775577032412,2026-04-07 15:50:32,WhatsApp,628605016594,Pribadi
1775522714412,2026-04-07 00:45:14,WhatsApp,628862527518,Grup
1775564089412,2026-04-07 12:14:49,WhatsApp,628118058730,Grup
1775595743412,2026-04-07 21:02:23,WhatsApp,628318337435,Grup
1775594688412,2026-04-07 20:44:48,WhatsApp,628388140388,Pribadi
1775572402412,2026-04-07 14:33:22,WhatsApp,628327581041,Grup
1775543232412,2026-04-07 06:27:12,WhatsApp,628901930698,Grup
1775581065412,2026-04-07 16:57:45,WhatsApp,628507290550,Grup
1775527090412,2026-04-07 01:58:10,WhatsApp,628123595580,Grup
1775524244412,2026-04-07 01:10:44,WhatsApp,628301602031,Grup
1775593467412,2026-04-07 20:24:27,WhatsApp,628386767937,Grup
1775562105412,2026-04-07 11:41:45,WhatsApp,628106862595,Grup
1775564236412,2026-04-07 12:17:16,WhatsApp,62828684007,Grup
1775521435412,2026-04-07 00:23:55,Discord,user47191,DM
1775552366412,2026-04-07 08:59:26,Discord,user70884,Server
1775535700412,2026-04-07 04:21:40,Discord,user4259,DM
1775559397412,2026-04-07 10:56:37,Discord,user82377,DM
1775589497412,2026-04-07 19:18:17,Discord,user46719,Server
1775574218412,2026-04-07 15:03:38,Discord,user81409,Server
1775567248412,2026-04-07 13:07:28,Discord,user3566,Server
1775554950412,2026-04-07 09:42:30,Discord,user77092,DM
1775599075412,2026-04-07 21:57:55,Discord,user83271,Server
1775521164412,2026-04-07 00:19:24,Discord,user16560,Server
1775585417412,2026-04-07 18:10:17,Discord,user80924,Server
1775552028412,2026-04-07 08:53:48,Discord,user15300,Server
1775562026412,2026-04-07 11:40:26,Discord,user40726,DM
1775527047412,2026-04-07 01:57:27,Discord,user24579,DM
1775586852412,2026-04-07 18:34:12,Discord,user58115,Server
1775542233412,2026-04-07 06:10:33,Discord,user50727,Server
1775589339412,2026-04-07 19:15:39,Discord,user25075,DM
1775536107412,2026-04-07 04:28:27,Discord,user77993,DM
1775566691412,2026-04-07 12:58:11,Discord,user38075,DM
1775536169412,2026-04-07 04:29:29,Discord,user69397,DM
1775540414412,2026-04-07 05:40:14,Discord,user30894,DM
1775600113412,2026-04-07 22:15:13,Discord,user2941,Server
1775546649412,2026-04-07 07:24:09,Discord,user49593,DM
1775562331412,2026-04-07 11:45:31,Discord,user46566,DM
1775599407412,2026-04-07 22:03:27,Discord,user47339,DM
1775538805412,2026-04-07 05:13:25,Discord,user7488,Server
1775563208412,2026-04-07 12:00:08,Discord,user53199,DM
1775530333412,2026-04-07 02:52:13,Discord,user83210,DM
1775533951412,2026-04-07 03:52:31,Discord,user62873,Server
1775539377412,2026-04-07 05:22:57,Discord,user63446,Server
1775569529412,2026-04-07 13:45:29,Discord,user59688,DM
1775543257412,2026-04-07 06:27:37,Discord,user38373,DM
1775548695412,2026-04-07 07:58:15,Discord,user71350,DM
1775556485412,2026-04-07 10:08:05,Discord,user42420,Server
1775585988412,2026-04-07 18:19:48,Discord,user7317,DM
1775569174412,2026-04-07 13:39:34,Discord,user67709,DM
1775522796412,2026-04-07 00:46:36,Discord,user59257,Server
1775533604412,2026-04-07 03:46:44,Discord,user549,Server
1775563095412,2026-04-07 11:58:15,Discord,user7393,Server
1775573925412,2026-04-07 14:58:45,Discord,user9289,Server
1775590006412,2026-04-07 19:26:46,Discord,user65850,DM
1775520522412,2026-04-07 00:08:42,Discord,user98664,DM
1775663070412,2026-04-08 15:44:30,WhatsApp,628537860731,Grup
1775664312412,2026-04-08 16:05:12,WhatsApp,628129148861,Pribadi
1775666290412,2026-04-08 16:38:10,WhatsApp,628482242703,Pribadi
1775665884412,2026-04-08 16:31:24,WhatsApp,628829865983,Grup
1775638799412,2026-04-08 08:59:59,WhatsApp,628676591184,Grup
1775655982412,2026-04-08 13:46:22,WhatsApp,628452806687,Grup
1775629694412,2026-04-08 06:28:14,WhatsApp,628601767173,Pribadi
1775612111412,2026-04-08 01:35:11,WhatsApp,628761075311,Grup
1775653050412,2026-04-08 12:57:30,WhatsApp,628714846426,Pribadi
1775667897412,2026-04-08 17:04:57,WhatsApp,628551561045,Pribadi
1775630084412,2026-04-08 06:34:44,WhatsApp,628173688625,Pribadi
1775619409412,2026-04-08 03:36:49,WhatsApp,628490259311,Grup
1775664274412,2026-04-08 16:04:34,WhatsApp,628581867442,Grup
1775636331412,2026-04-08 08:18:51,WhatsApp,62885823845,Pribadi
1775636645412,2026-04-08 08:24:05,WhatsApp,628487482738,Grup
1775658774412,2026-04-08 14:32:54,WhatsApp,62833685302,Pribadi
1775647182412,2026-04-08 11:19:42,WhatsApp,628846333685,Grup
1775612839412,2026-04-08 01:47:19,WhatsApp,628416209208,Grup
1775676678412,2026-04-08 19:31:18,WhatsApp,628642790754,Pribadi
1775661078412,2026-04-08 15:11:18,WhatsApp,628184618608,Pribadi
1775683441412,2026-04-08 21:24:01,WhatsApp,628292995335,Pribadi
1775679207412,2026-04-08 20:13:27,WhatsApp,628257422813,Pribadi
1775618710412,2026-04-08 03:25:10,WhatsApp,628249664893,Grup
1775648400412,2026-04-08 11:40:00,WhatsApp,628673548811,Pribadi
1775639406412,2026-04-08 09:10:06,WhatsApp,62838606200,Pribadi
1775665128412,2026-04-08 16:18:48,WhatsApp,628467673523,Pribadi
1775681277412,2026-04-08 20:47:57,WhatsApp,628652159481,Grup
1775644498412,2026-04-08 10:34:58,WhatsApp,628656562704,Grup
1775645197412,2026-04-08 10:46:37,WhatsApp,62858297442,Grup
1775646076412,2026-04-08 11:01:16,WhatsApp,628546077095,Grup
1775639461412,2026-04-08 09:11:01,WhatsApp,62822672197,Pribadi
1775634447412,2026-04-08 07:47:27,WhatsApp,628987456819,Grup
1775676857412,2026-04-08 19:34:17,WhatsApp,628761608543,Pribadi
1775606524412,2026-04-08 00:02:04,WhatsApp,628839263954,Grup
1775636269412,2026-04-08 08:17:49,WhatsApp,628709993601,Pribadi
1775688214412,2026-04-08 22:43:34,WhatsApp,628782761753,Grup
1775627508412,2026-04-08 05:51:48,WhatsApp,628960404107,Grup
1775608215412,2026-04-08 00:30:15,WhatsApp,628797341789,Pribadi
1775635780412,2026-04-08 08:09:40,WhatsApp,628398365256,Pribadi
1775689888412,2026-04-08 23:11:28,WhatsApp,628372621005,Grup
1775639155412,2026-04-08 09:05:55,WhatsApp,628812124410,Grup
1775676143412,2026-04-08 19:22:23,WhatsApp,628118009171,Grup
1775633367412,2026-04-08 07:29:27,WhatsApp,628505924686,Grup
1775667397412,2026-04-08 16:56:37,WhatsApp,628564802160,Grup
1775613541412,2026-04-08 01:59:01,WhatsApp,628462904003,Pribadi
1775678733412,2026-04-08 20:05:33,WhatsApp,628779080070,Pribadi
1775665727412,2026-04-08 16:28:47,WhatsApp,628510278246,Pribadi
1775620262412,2026-04-08 03:51:02,WhatsApp,628631835053,Pribadi
1775630919412,2026-04-08 06:48:39,WhatsApp,628122734105,Grup
1775679953412,2026-04-08 20:25:53,WhatsApp,628991684810,Pribadi
1775636165412,2026-04-08 08:16:05,WhatsApp,628120068515,Grup
1775629431412,2026-04-08 06:23:51,WhatsApp,628454319365,Grup
1775649522412,2026-04-08 11:58:42,WhatsApp,628130351290,Grup
1775612092412,2026-04-08 01:34:52,WhatsApp,628386181688,Grup
1775647699412,2026-04-08 11:28:19,WhatsApp,628893842135,Grup
1775681633412,2026-04-08 20:53:53,WhatsApp,628374786424,Grup
1775691424412,2026-04-08 23:37:04,WhatsApp,628649515204,Grup
1775663415412,2026-04-08 15:50:15,WhatsApp,628959819244,Grup
1775641284412,2026-04-08 09:41:24,WhatsApp,628841000102,Grup
1775635247412,2026-04-08 08:00:47,WhatsApp,628749888747,Grup
1775649992412,2026-04-08 12:06:32,WhatsApp,628793005723,Grup
1775626260412,2026-04-08 05:31:00,WhatsApp,628786920606,Grup
1775615731412,2026-04-08 02:35:31,WhatsApp,628756195417,Grup
1775640438412,2026-04-08 09:27:18,WhatsApp,628920670394,Grup
1775686952412,2026-04-08 22:22:32,WhatsApp,628220897300,Grup
1775631506412,2026-04-08 06:58:26,WhatsApp,628426381398,Grup
1775666604412,2026-04-08 16:43:24,WhatsApp,628545286650,Pribadi
1775687869412,2026-04-08 22:37:49,WhatsApp,628403903620,Grup
1775622236412,2026-04-08 04:23:56,WhatsApp,628666883347,Grup
1775688103412,2026-04-08 22:41:43,WhatsApp,628715405925,Grup
1775612363412,2026-04-08 01:39:23,WhatsApp,628723359044,Grup
1775681651412,2026-04-08 20:54:11,WhatsApp,628893733730,Pribadi
1775642284412,2026-04-08 09:58:04,WhatsApp,6282074862,Pribadi
1775663493412,2026-04-08 15:51:33,WhatsApp,628837645018,Grup
1775650128412,2026-04-08 12:08:48,WhatsApp,628187661990,Pribadi
1775657342412,2026-04-08 14:09:02,WhatsApp,628292351333,Grup
1775606901412,2026-04-08 00:08:21,WhatsApp,628863842973,Grup
1775674518412,2026-04-08 18:55:18,WhatsApp,628593311505,Pribadi
1775657745412,2026-04-08 14:15:45,WhatsApp,62855607485,Grup
1775636097412,2026-04-08 08:14:57,WhatsApp,628134026782,Grup
1775622695412,2026-04-08 04:31:35,WhatsApp,628745643205,Grup
1775647785412,2026-04-08 11:29:45,WhatsApp,628150947561,Pribadi
1775613966412,2026-04-08 02:06:06,WhatsApp,628496764354,Pribadi
1775630571412,2026-04-08 06:42:51,WhatsApp,62850395367,Pribadi
1775652822412,2026-04-08 12:53:42,WhatsApp,628782490465,Grup
1775645928412,2026-04-08 10:58:48,WhatsApp,62836940957,Grup
1775642548412,2026-04-08 10:02:28,WhatsApp,628328443249,Grup
1775623324412,2026-04-08 04:42:04,WhatsApp,628300838865,Pribadi
1775649361412,2026-04-08 11:56:01,WhatsApp,628620560768,Grup
1775636261412,2026-04-08 08:17:41,WhatsApp,628732039167,Grup
1775626361412,2026-04-08 05:32:41,WhatsApp,628546466950,Pribadi
1775652494412,2026-04-08 12:48:14,WhatsApp,628204743396,Pribadi
1775651981412,2026-04-08 12:39:41,WhatsApp,62826951698,Grup
1775667813412,2026-04-08 17:03:33,WhatsApp,628561176113,Pribadi
1775630029412,2026-04-08 06:33:49,WhatsApp,628987122635,Grup
1775645254412,2026-04-08 10:47:34,WhatsApp,628183563155,Grup
1775649847412,2026-04-08 12:04:07,WhatsApp,628495847915,Grup
1775641434412,2026-04-08 09:43:54,WhatsApp,62891705789,Pribadi
1775655839412,2026-04-08 13:43:59,WhatsApp,628301983709,Pribadi
1775624894412,2026-04-08 05:08:14,WhatsApp,628396528470,Grup
1775621800412,2026-04-08 04:16:40,WhatsApp,628345113949,Pribadi
1775610318412,2026-04-08 01:05:18,WhatsApp,628461700950,Grup
1775662958412,2026-04-08 15:42:38,WhatsApp,628748155195,Grup
1775654200412,2026-04-08 13:16:40,WhatsApp,6286297609,Grup
1775633165412,2026-04-08 07:26:05,WhatsApp,628656191006,Grup
1775669442412,2026-04-08 17:30:42,WhatsApp,628157017413,Pribadi
1775658571412,2026-04-08 14:29:31,WhatsApp,62843352950,Pribadi
1775634868412,2026-04-08 07:54:28,WhatsApp,628802173908,Grup
1775607709412,2026-04-08 00:21:49,WhatsApp,628966934498,Pribadi
1775672758412,2026-04-08 18:25:58,WhatsApp,628459189861,Pribadi
1775616962412,2026-04-08 02:56:02,WhatsApp,628678775761,Grup
1775682369412,2026-04-08 21:06:09,WhatsApp,628326110096,Grup
1775653619412,2026-04-08 13:06:59,WhatsApp,628104772762,Pribadi
1775661372412,2026-04-08 15:16:12,WhatsApp,628927711512,Grup
1775661226412,2026-04-08 15:13:46,WhatsApp,628891561644,Pribadi
1775653353412,2026-04-08 13:02:33,WhatsApp,628429718321,Grup
1775660356412,2026-04-08 14:59:16,WhatsApp,628885653330,Pribadi
1775690562412,2026-04-08 23:22:42,WhatsApp,628865198354,Grup
1775660239412,2026-04-08 14:57:19,WhatsApp,628761004592,Grup
1775640708412,2026-04-08 09:31:48,WhatsApp,62824095694,Grup
1775621968412,2026-04-08 04:19:28,WhatsApp,628391600147,Pribadi
1775672674412,2026-04-08 18:24:34,WhatsApp,628137430953,Grup
1775609674412,2026-04-08 00:54:34,WhatsApp,628265198534,Pribadi
1775617930412,2026-04-08 03:12:10,WhatsApp,628622265901,Pribadi
1775690191412,2026-04-08 23:16:31,WhatsApp,628154033237,Grup
1775673813412,2026-04-08 18:43:33,WhatsApp,628971009060,Pribadi
1775620412412,2026-04-08 03:53:32,WhatsApp,628909807590,Pribadi
1775610147412,2026-04-08 01:02:27,WhatsApp,628507897103,Pribadi
1775657233412,2026-04-08 14:07:13,Discord,user27128,Server
1775642007412,2026-04-08 09:53:27,Discord,user90337,Server
1775606805412,2026-04-08 00:06:45,Discord,user78497,DM
1775626718412,2026-04-08 05:38:38,Discord,user30062,DM
1775661258412,2026-04-08 15:14:18,Discord,user54943,Server
1775684589412,2026-04-08 21:43:09,Discord,user26088,DM
1775680926412,2026-04-08 20:42:06,Discord,user71137,DM
1775652265412,2026-04-08 12:44:25,Discord,user23819,Server
1775617999412,2026-04-08 03:13:19,Discord,user60061,DM
1775661016412,2026-04-08 15:10:16,Discord,user68502,Server
1775639838412,2026-04-08 09:17:18,Discord,user44017,Server
1775628928412,2026-04-08 06:15:28,Discord,user10313,Server
1775614060412,2026-04-08 02:07:40,Discord,user45408,DM
1775608645412,2026-04-08 00:37:25,Discord,user228,Server
1775692484412,2026-04-08 23:54:44,Discord,user58453,Server
1775642959412,2026-04-08 10:09:19,Discord,user88501,DM
1775662148412,2026-04-08 15:29:08,Discord,user15060,DM
1775622083412,2026-04-08 04:21:23,Discord,user92494,DM
1775634123412,2026-04-08 07:42:03,Discord,user21787,DM
1775655413412,2026-04-08 13:36:53,Discord,user35634,DM
1775615393412,2026-04-08 02:29:53,Discord,user10271,DM
1775664782412,2026-04-08 16:13:02,Discord,user22702,DM
1775634600412,2026-04-08 07:50:00,Discord,user92900,DM
1775616733412,2026-04-08 02:52:13,Discord,user85714,Server
1775668770412,2026-04-08 17:19:30,Discord,user72605,DM
1775662489412,2026-04-08 15:34:49,Discord,user21450,Server
1775620036412,2026-04-08 03:47:16,Discord,user26021,Server
1775660495412,2026-04-08 15:01:35,Discord,user33777,DM
1775665400412,2026-04-08 16:23:20,Discord,user52307,Server
1775683082412,2026-04-08 21:18:02,Discord,user77913,DM
1775689640412,2026-04-08 23:07:20,Discord,user87299,Server
1775609875412,2026-04-08 00:57:55,Discord,user90121,Server
1775630758412,2026-04-08 06:45:58,Discord,user72851,DM
1775621611412,2026-04-08 04:13:31,Discord,user29337,Server
1775617796412,2026-04-08 03:09:56,Discord,user62422,Server
1775674335412,2026-04-08 18:52:15,Discord,user39731,Server
1775622912412,2026-04-08 04:35:12,Discord,user56072,DM
1775627141412,2026-04-08 05:45:41,Discord,user35921,Server
1775690198412,2026-04-08 23:16:38,Discord,user58120,DM
1775607823412,2026-04-08 00:23:43,Discord,user57263,Server
1775662004412,2026-04-08 15:26:44,Discord,user99818,DM
1775640832412,2026-04-08 09:33:52,Discord,user8807,Server
1775675349412,2026-04-08 19:09:09,Discord,user7861,Server
1775721775412,2026-04-09 08:02:55,WhatsApp,628447202971,Grup
1775774714412,2026-04-09 22:45:14,WhatsApp,628515150144,Pribadi
1775732123412,2026-04-09 10:55:23,WhatsApp,628178509014,Grup
1775755988412,2026-04-09 17:33:08,WhatsApp,628622737958,Pribadi
1775709134412,2026-04-09 04:32:14,WhatsApp,628462864242,Grup
1775698401412,2026-04-09 01:33:21,WhatsApp,628773530566,Pribadi
1775700834412,2026-04-09 02:13:54,WhatsApp,628244216258,Grup
1775774475412,2026-04-09 22:41:15,WhatsApp,628206730840,Grup
1775722426412,2026-04-09 08:13:46,WhatsApp,628892788036,Grup
1775773159412,2026-04-09 22:19:19,WhatsApp,628916597449,Pribadi
1775763567412,2026-04-09 19:39:27,WhatsApp,628343363803,Grup
1775696619412,2026-04-09 01:03:39,WhatsApp,628814250931,Grup
1775727544412,2026-04-09 09:39:04,WhatsApp,628590388325,Grup
1775743706412,2026-04-09 14:08:26,WhatsApp,628269561722,Grup
1775746902412,2026-04-09 15:01:42,WhatsApp,628613070005,Grup
1775729916412,2026-04-09 10:18:36,WhatsApp,628156390026,Pribadi
1775756846412,2026-04-09 17:47:26,WhatsApp,628128612118,Grup
1775726864412,2026-04-09 09:27:44,WhatsApp,628827321796,Pribadi
1775732559412,2026-04-09 11:02:39,WhatsApp,628241778763,Grup
1775759018412,2026-04-09 18:23:38,WhatsApp,628863327782,Pribadi
1775703769412,2026-04-09 03:02:49,WhatsApp,628368390426,Grup
1775777386412,2026-04-09 23:29:46,WhatsApp,628474865111,Grup
1775776564412,2026-04-09 23:16:04,WhatsApp,628158880164,Pribadi
1775719577412,2026-04-09 07:26:17,WhatsApp,628225926407,Pribadi
1775730199412,2026-04-09 10:23:19,WhatsApp,628298066113,Pribadi
1775736073412,2026-04-09 12:01:13,WhatsApp,62818412102,Grup
1775693100412,2026-04-09 00:05:00,WhatsApp,628437599697,Pribadi
1775701761412,2026-04-09 02:29:21,WhatsApp,628499527903,Grup
1775703487412,2026-04-09 02:58:07,WhatsApp,6285531115,Grup
1775708542412,2026-04-09 04:22:22,WhatsApp,628725551849,Grup
1775705533412,2026-04-09 03:32:13,WhatsApp,62817204185,Pribadi
1775704419412,2026-04-09 03:13:39,WhatsApp,628277865001,Grup
1775737336412,2026-04-09 12:22:16,WhatsApp,628395609368,Grup
1775721753412,2026-04-09 08:02:33,WhatsApp,628807269425,Grup
1775768837412,2026-04-09 21:07:17,WhatsApp,628639384702,Pribadi
1775703430412,2026-04-09 02:57:10,WhatsApp,628701510637,Pribadi
1775723532412,2026-04-09 08:32:12,WhatsApp,628655121660,Pribadi
1775772344412,2026-04-09 22:05:44,WhatsApp,628958718664,Pribadi
1775735458412,2026-04-09 11:50:58,WhatsApp,628325516108,Grup
1775758956412,2026-04-09 18:22:36,WhatsApp,628563313070,Grup
1775752595412,2026-04-09 16:36:35,WhatsApp,62862891717,Grup
1775714156412,2026-04-09 05:55:56,WhatsApp,628249079938,Pribadi
1775749031412,2026-04-09 15:37:11,WhatsApp,628496177115,Pribadi
1775702196412,2026-04-09 02:36:36,WhatsApp,628543660549,Pribadi
1775754245412,2026-04-09 17:04:05,WhatsApp,628931660535,Grup
1775772778412,2026-04-09 22:12:58,WhatsApp,628914623757,Pribadi
1775698651412,2026-04-09 01:37:31,WhatsApp,62873194578,Pribadi
1775744479412,2026-04-09 14:21:19,WhatsApp,628673464080,Grup
1775734097412,2026-04-09 11:28:17,WhatsApp,628781682902,Grup
1775766322412,2026-04-09 20:25:22,WhatsApp,628827101488,Grup
1775766103412,2026-04-09 20:21:43,WhatsApp,62895553691,Grup
1775726936412,2026-04-09 09:28:56,WhatsApp,628145418735,Pribadi
1775743909412,2026-04-09 14:11:49,WhatsApp,628493696464,Grup
1775748887412,2026-04-09 15:34:47,WhatsApp,628820324160,Grup
1775765716412,2026-04-09 20:15:16,WhatsApp,628821730685,Pribadi
1775742299412,2026-04-09 13:44:59,WhatsApp,628127248532,Grup
1775756231412,2026-04-09 17:37:11,WhatsApp,628957683139,Grup
1775706692412,2026-04-09 03:51:32,WhatsApp,628856519935,Grup
1775753793412,2026-04-09 16:56:33,WhatsApp,628908797994,Pribadi
1775754699412,2026-04-09 17:11:39,WhatsApp,628584386264,Grup
1775767856412,2026-04-09 20:50:56,WhatsApp,628145262039,Grup
1775768849412,2026-04-09 21:07:29,WhatsApp,628968531832,Grup
1775712901412,2026-04-09 05:35:01,WhatsApp,628746124939,Pribadi
1775760090412,2026-04-09 18:41:30,WhatsApp,62892424837,Pribadi
1775705264412,2026-04-09 03:27:44,WhatsApp,628173263876,Pribadi
1775698193412,2026-04-09 01:29:53,WhatsApp,628689329114,Grup
1775769453412,2026-04-09 21:17:33,WhatsApp,628340828511,Pribadi
1775704580412,2026-04-09 03:16:20,WhatsApp,628141474866,Pribadi
1775738688412,2026-04-09 12:44:48,WhatsApp,628430729487,Grup
1775753836412,2026-04-09 16:57:16,WhatsApp,628943819727,Pribadi
1775768680412,2026-04-09 21:04:40,WhatsApp,628521079645,Grup
1775709184412,2026-04-09 04:33:04,WhatsApp,628285085182,Grup
1775705521412,2026-04-09 03:32:01,WhatsApp,628636777467,Pribadi
1775755003412,2026-04-09 17:16:43,WhatsApp,628508131604,Grup
1775753490412,2026-04-09 16:51:30,WhatsApp,628796544172,Grup
1775755607412,2026-04-09 17:26:47,WhatsApp,628774324012,Grup
1775756261412,2026-04-09 17:37:41,WhatsApp,628367288738,Grup
1775720548412,2026-04-09 07:42:28,WhatsApp,628898990565,Grup
1775774508412,2026-04-09 22:41:48,WhatsApp,628748852287,Pribadi
1775770538412,2026-04-09 21:35:38,WhatsApp,628585637155,Grup
1775732417412,2026-04-09 11:00:17,WhatsApp,628104530267,Pribadi
1775750521412,2026-04-09 16:02:01,WhatsApp,628710467262,Grup
1775755910412,2026-04-09 17:31:50,WhatsApp,628310334193,Grup
1775778801412,2026-04-09 23:53:21,WhatsApp,628557245841,Pribadi
1775751576412,2026-04-09 16:19:36,WhatsApp,628994492544,Grup
1775709191412,2026-04-09 04:33:11,WhatsApp,628846031322,Grup
1775728611412,2026-04-09 09:56:51,WhatsApp,628870091539,Grup
1775735807412,2026-04-09 11:56:47,WhatsApp,628951005826,Pribadi
1775754604412,2026-04-09 17:10:04,WhatsApp,628828926884,Grup
1775694483412,2026-04-09 00:28:03,WhatsApp,628365560073,Grup
1775714386412,2026-04-09 05:59:46,WhatsApp,628543831155,Pribadi
1775754926412,2026-04-09 17:15:26,WhatsApp,628130753955,Grup
1775724216412,2026-04-09 08:43:36,WhatsApp,62822760998,Grup
1775759613412,2026-04-09 18:33:33,WhatsApp,628358587312,Grup
1775742352412,2026-04-09 13:45:52,WhatsApp,628797809801,Grup
1775768587412,2026-04-09 21:03:07,WhatsApp,628900150002,Grup
1775710947412,2026-04-09 05:02:27,WhatsApp,628728546767,Grup
1775713663412,2026-04-09 05:47:43,WhatsApp,628136642766,Pribadi
1775763708412,2026-04-09 19:41:48,WhatsApp,628864914039,Grup
1775713890412,2026-04-09 05:51:30,WhatsApp,628573674317,Grup
1775763257412,2026-04-09 19:34:17,WhatsApp,628362232713,Pribadi
1775705721412,2026-04-09 03:35:21,WhatsApp,628152322071,Pribadi
1775774421412,2026-04-09 22:40:21,WhatsApp,628743200745,Pribadi
1775720599412,2026-04-09 07:43:19,WhatsApp,628902123776,Pribadi
1775727680412,2026-04-09 09:41:20,WhatsApp,628127286638,Grup
1775719416412,2026-04-09 07:23:36,WhatsApp,628169395174,Pribadi
1775748138412,2026-04-09 15:22:18,WhatsApp,628165152598,Pribadi
1775717847412,2026-04-09 06:57:27,WhatsApp,628723787079,Grup
1775735388412,2026-04-09 11:49:48,WhatsApp,628569728469,Grup
1775700524412,2026-04-09 02:08:44,WhatsApp,628820823735,Grup
1775702392412,2026-04-09 02:39:52,WhatsApp,628364908281,Pribadi
1775697696412,2026-04-09 01:21:36,WhatsApp,628679329251,Grup
1775699404412,2026-04-09 01:50:04,WhatsApp,628499265389,Grup
1775774739412,2026-04-09 22:45:39,WhatsApp,628341061669,Pribadi
1775697887412,2026-04-09 01:24:47,WhatsApp,628217130943,Grup
1775720543412,2026-04-09 07:42:23,WhatsApp,628373885397,Pribadi
1775713178412,2026-04-09 05:39:38,WhatsApp,628691033920,Grup
1775734375412,2026-04-09 11:32:55,WhatsApp,628398183677,Pribadi
1775749740412,2026-04-09 15:49:00,WhatsApp,628960208701,Grup
1775699268412,2026-04-09 01:47:48,WhatsApp,628279693061,Grup
1775721573412,2026-04-09 07:59:33,WhatsApp,62885977413,Pribadi
1775702361412,2026-04-09 02:39:21,Discord,user21075,DM
1775763481412,2026-04-09 19:38:01,Discord,user24701,Server
1775723719412,2026-04-09 08:35:19,Discord,user31373,Server
1775739151412,2026-04-09 12:52:31,Discord,user41133,Server
1775708328412,2026-04-09 04:18:48,Discord,user56731,Server
1775707289412,2026-04-09 04:01:29,Discord,user62323,Server
1775712098412,2026-04-09 05:21:38,Discord,user33223,Server
1775742979412,2026-04-09 13:56:19,Discord,user10680,Server
1775768903412,2026-04-09 21:08:23,Discord,user55947,DM
1775775597412,2026-04-09 22:59:57,Discord,user34442,Server
1775719130412,2026-04-09 07:18:50,Discord,user67778,DM
1775702157412,2026-04-09 02:35:57,Discord,user47579,Server
1775744832412,2026-04-09 14:27:12,Discord,user14983,DM
1775724184412,2026-04-09 08:43:04,Discord,user35374,Server
1775775049412,2026-04-09 22:50:49,Discord,user24645,DM
1775775512412,2026-04-09 22:58:32,Discord,user39013,DM
1775746007412,2026-04-09 14:46:47,Discord,user52335,Server
1775776089412,2026-04-09 23:08:09,Discord,user84758,DM
1775723069412,2026-04-09 08:24:29,Discord,user42101,DM
1775702003412,2026-04-09 02:33:23,Discord,user27543,Server
1775762817412,2026-04-09 19:26:57,Discord,user53328,DM
1775778106412,2026-04-09 23:41:46,Discord,user30603,Server
1775755476412,2026-04-09 17:24:36,Discord,user5250,Server
1775769904412,2026-04-09 21:25:04,Discord,user89666,DM
1775731223412,2026-04-09 10:40:23,Discord,user97621,DM
1775693680412,2026-04-09 00:14:40,Discord,user17487,DM
1775778053412,2026-04-09 23:40:53,Discord,user87376,DM
1775710443412,2026-04-09 04:54:03,Discord,user54182,DM
1775694531412,2026-04-09 00:28:51,Discord,user8211,Server
1775768040412,2026-04-09 20:54:00,Discord,user32045,Server
1775697717412,2026-04-09 01:21:57,Discord,user27403,Server
1775710046412,2026-04-09 04:47:26,Discord,user56060,DM
1775737391412,2026-04-09 12:23:11,Discord,user43827,Server
1775741107412,2026-04-09 13:25:07,Discord,user21969,DM
1775699508412,2026-04-09 01:51:48,Discord,user55689,Server
1775719788412,2026-04-09 07:29:48,Discord,user53708,Server
1775708029412,2026-04-09 04:13:49,Discord,user42573,Server
1775755673412,2026-04-09 17:27:53,Discord,user63023,DM
1775739616412,2026-04-09 13:00:16,Discord,user64792,Server
1775706423412,2026-04-09 03:47:03,Discord,user26475,Server
1775738867412,2026-04-09 12:47:47,Discord,user33053,Server
1775735404412,2026-04-09 11:50:04,Discord,user50241,DM
1775712501412,2026-04-09 05:28:21,Discord,user33815,DM
1775774652412,2026-04-09 22:44:12,Discord,user71633,Server
1775790504412,2026-04-10 03:08:24,WhatsApp,628432511627,Grup
1775789504412,2026-04-10 02:51:44,WhatsApp,628643276638,Grup
1775844136412,2026-04-10 18:02:16,WhatsApp,628742155091,Grup
1775838489412,2026-04-10 16:28:09,WhatsApp,628397838464,Grup
1775861209412,2026-04-10 22:46:49,WhatsApp,628248813961,Pribadi
1775863614412,2026-04-10 23:26:54,WhatsApp,62895597300,Grup
1775808899412,2026-04-10 08:14:59,WhatsApp,628977376541,Grup
1775834159412,2026-04-10 15:15:59,WhatsApp,62891971417,Grup
1775859361412,2026-04-10 22:16:01,WhatsApp,628172218113,Pribadi
1775830367412,2026-04-10 14:12:47,WhatsApp,628985394222,Grup
1775855556412,2026-04-10 21:12:36,WhatsApp,62838878240,Grup
1775834782412,2026-04-10 15:26:22,WhatsApp,628110734656,Grup
1775782303412,2026-04-10 00:51:43,WhatsApp,628672804547,Grup
1775850974412,2026-04-10 19:56:14,WhatsApp,628741385170,Pribadi
1775793934412,2026-04-10 04:05:34,WhatsApp,628641623157,Pribadi
1775839715412,2026-04-10 16:48:35,WhatsApp,628743588624,Pribadi
1775816125412,2026-04-10 10:15:25,WhatsApp,62885367118,Pribadi
1775808622412,2026-04-10 08:10:22,WhatsApp,628355414859,Grup
1775792429412,2026-04-10 03:40:29,WhatsApp,628777225584,Grup
1775849919412,2026-04-10 19:38:39,WhatsApp,628883091382,Pribadi
1775786288412,2026-04-10 01:58:08,WhatsApp,628763852588,Pribadi
1775840579412,2026-04-10 17:02:59,WhatsApp,628293768329,Grup
1775787709412,2026-04-10 02:21:49,WhatsApp,628763658328,Pribadi
1775801013412,2026-04-10 06:03:33,WhatsApp,628240117866,Pribadi
1775802959412,2026-04-10 06:35:59,WhatsApp,628647631662,Grup
1775824916412,2026-04-10 12:41:56,WhatsApp,628460093416,Grup
1775843412412,2026-04-10 17:50:12,WhatsApp,628999227307,Grup
1775844027412,2026-04-10 18:00:27,WhatsApp,628108846571,Pribadi
1775840212412,2026-04-10 16:56:52,WhatsApp,628782069977,Pribadi
1775853507412,2026-04-10 20:38:27,WhatsApp,628634231774,Grup
1775783890412,2026-04-10 01:18:10,WhatsApp,628353268354,Grup
1775808230412,2026-04-10 08:03:50,WhatsApp,628773068185,Grup
1775804075412,2026-04-10 06:54:35,WhatsApp,628233872970,Pribadi
1775839899412,2026-04-10 16:51:39,WhatsApp,628761560072,Grup
1775785606412,2026-04-10 01:46:46,WhatsApp,628175440579,Grup
1775833046412,2026-04-10 14:57:26,WhatsApp,628873412276,Grup
1775786261412,2026-04-10 01:57:41,WhatsApp,628544457142,Grup
1775827051412,2026-04-10 13:17:31,WhatsApp,628369315956,Pribadi
1775797202412,2026-04-10 05:00:02,WhatsApp,628143112094,Pribadi
1775850613412,2026-04-10 19:50:13,WhatsApp,628666654908,Pribadi
1775822353412,2026-04-10 11:59:13,WhatsApp,628511460204,Grup
1775812851412,2026-04-10 09:20:51,WhatsApp,628798292372,Grup
1775823513412,2026-04-10 12:18:33,WhatsApp,628578867528,Grup
1775839455412,2026-04-10 16:44:15,WhatsApp,628694690658,Grup
1775829451412,2026-04-10 13:57:31,WhatsApp,628580138094,Pribadi
1775802440412,2026-04-10 06:27:20,WhatsApp,628219725774,Pribadi
1775851951412,2026-04-10 20:12:31,WhatsApp,628731802064,Grup
1775789003412,2026-04-10 02:43:23,WhatsApp,628604075328,Grup
1775835786412,2026-04-10 15:43:06,WhatsApp,628565610969,Pribadi
1775800179412,2026-04-10 05:49:39,WhatsApp,628393583274,Pribadi
1775830523412,2026-04-10 14:15:23,WhatsApp,628931022903,Grup
1775864721412,2026-04-10 23:45:21,WhatsApp,628428507187,Grup
1775815599412,2026-04-10 10:06:39,WhatsApp,628930845943,Grup
1775850467412,2026-04-10 19:47:47,WhatsApp,628900889540,Pribadi
1775795914412,2026-04-10 04:38:34,WhatsApp,628459354209,Grup
1775827429412,2026-04-10 13:23:49,WhatsApp,628815324352,Pribadi
1775840196412,2026-04-10 16:56:36,WhatsApp,628373917171,Pribadi
1775782014412,2026-04-10 00:46:54,WhatsApp,628794164541,Pribadi
1775830676412,2026-04-10 14:17:56,WhatsApp,628175421671,Grup
1775791581412,2026-04-10 03:26:21,WhatsApp,628932354397,Pribadi
1775819832412,2026-04-10 11:17:12,WhatsApp,628172121421,Pribadi
1775791820412,2026-04-10 03:30:20,WhatsApp,628416315345,Pribadi
1775794286412,2026-04-10 04:11:26,WhatsApp,62834619219,Grup
1775864663412,2026-04-10 23:44:23,WhatsApp,628735833361,Grup
1775819393412,2026-04-10 11:09:53,WhatsApp,62824895499,Grup
1775809597412,2026-04-10 08:26:37,WhatsApp,628611081665,Grup
1775832278412,2026-04-10 14:44:38,WhatsApp,628350210426,Pribadi
1775819313412,2026-04-10 11:08:33,WhatsApp,62899381734,Grup
1775828058412,2026-04-10 13:34:18,WhatsApp,628690021110,Pribadi
1775847848412,2026-04-10 19:04:08,WhatsApp,628694074582,Pribadi
1775831931412,2026-04-10 14:38:51,WhatsApp,628223856313,Pribadi
1775853557412,2026-04-10 20:39:17,WhatsApp,628641998545,Grup
1775799383412,2026-04-10 05:36:23,WhatsApp,628433804328,Grup
1775827000412,2026-04-10 13:16:40,WhatsApp,628164803050,Grup
1775843065412,2026-04-10 17:44:25,WhatsApp,628384516355,Grup
1775808467412,2026-04-10 08:07:47,WhatsApp,628108561646,Grup
1775829984412,2026-04-10 14:06:24,WhatsApp,628125731106,Grup
1775850355412,2026-04-10 19:45:55,WhatsApp,628147861295,Grup
1775855463412,2026-04-10 21:11:03,WhatsApp,628422226443,Grup
1775808614412,2026-04-10 08:10:14,WhatsApp,62832722271,Grup
1775830148412,2026-04-10 14:09:08,WhatsApp,628700476640,Pribadi
1775833325412,2026-04-10 15:02:05,WhatsApp,628581139145,Grup
1775794858412,2026-04-10 04:20:58,WhatsApp,628815587720,Grup
1775827390412,2026-04-10 13:23:10,WhatsApp,628450631672,Pribadi
1775798001412,2026-04-10 05:13:21,WhatsApp,628115150283,Grup
1775780168412,2026-04-10 00:16:08,WhatsApp,62840953152,Grup
1775818705412,2026-04-10 10:58:25,WhatsApp,628732221987,Grup
1775812510412,2026-04-10 09:15:10,WhatsApp,628499162805,Pribadi
1775864292412,2026-04-10 23:38:12,WhatsApp,628192973685,Grup
1775849253412,2026-04-10 19:27:33,WhatsApp,628660521096,Pribadi
1775835918412,2026-04-10 15:45:18,WhatsApp,628585462094,Grup
1775849583412,2026-04-10 19:33:03,WhatsApp,628547070457,Pribadi
1775833089412,2026-04-10 14:58:09,WhatsApp,628702226807,Grup
1775795594412,2026-04-10 04:33:14,WhatsApp,628153753362,Grup
1775814502412,2026-04-10 09:48:22,WhatsApp,628844207099,Grup
1775807848412,2026-04-10 07:57:28,WhatsApp,628338372684,Grup
1775815809412,2026-04-10 10:10:09,WhatsApp,628553660308,Grup
1775811800412,2026-04-10 09:03:20,WhatsApp,628459808343,Grup
1775851677412,2026-04-10 20:07:57,WhatsApp,628365358460,Pribadi
1775807052412,2026-04-10 07:44:12,WhatsApp,628351290032,Pribadi
1775840302412,2026-04-10 16:58:22,WhatsApp,628836986635,Pribadi
1775787168412,2026-04-10 02:12:48,WhatsApp,628475238887,Pribadi
1775816266412,2026-04-10 10:17:46,WhatsApp,628618531502,Pribadi
1775798642412,2026-04-10 05:24:02,WhatsApp,628423393586,Grup
1775813557412,2026-04-10 09:32:37,WhatsApp,628988429225,Pribadi
1775845229412,2026-04-10 18:20:29,WhatsApp,62836421548,Pribadi
1775826475412,2026-04-10 13:07:55,WhatsApp,62881006275,Pribadi
1775789548412,2026-04-10 02:52:28,WhatsApp,62855717471,Grup
1775788044412,2026-04-10 02:27:24,WhatsApp,628112221894,Pribadi
1775821251412,2026-04-10 11:40:51,WhatsApp,628475085775,Grup
1775796864412,2026-04-10 04:54:24,WhatsApp,628700416073,Pribadi
1775797814412,2026-04-10 05:10:14,WhatsApp,628186038153,Pribadi
1775780896412,2026-04-10 00:28:16,WhatsApp,628841992160,Grup
1775795354412,2026-04-10 04:29:14,WhatsApp,628989345248,Grup
1775811404412,2026-04-10 08:56:44,WhatsApp,628408458031,Grup
1775783526412,2026-04-10 01:12:06,WhatsApp,62847097370,Grup
1775791781412,2026-04-10 03:29:41,WhatsApp,62865386227,Grup
1775835752412,2026-04-10 15:42:32,WhatsApp,628721820185,Grup
1775834835412,2026-04-10 15:27:15,WhatsApp,628252022902,Pribadi
1775862294412,2026-04-10 23:04:54,WhatsApp,628716983319,Pribadi
1775841714412,2026-04-10 17:21:54,WhatsApp,628473090123,Pribadi
1775804517412,2026-04-10 07:01:57,WhatsApp,628978797241,Pribadi
1775784256412,2026-04-10 01:24:16,WhatsApp,628467687673,Grup
1775780448412,2026-04-10 00:20:48,WhatsApp,628444611367,Grup
1775793309412,2026-04-10 03:55:09,WhatsApp,628226279320,Grup
1775787413412,2026-04-10 02:16:53,WhatsApp,628101284933,Pribadi
1775806984412,2026-04-10 07:43:04,WhatsApp,628438441127,Grup
1775797040412,2026-04-10 04:57:20,WhatsApp,628791629582,Grup
1775854866412,2026-04-10 21:01:06,WhatsApp,628658864651,Grup
1775780493412,2026-04-10 00:21:33,WhatsApp,628363660096,Pribadi
1775790864412,2026-04-10 03:14:24,Discord,user8563,Server
1775865553412,2026-04-10 23:59:13,Discord,user62811,DM
1775802578412,2026-04-10 06:29:38,Discord,user11208,Server
1775785247412,2026-04-10 01:40:47,Discord,user23833,DM
1775820889412,2026-04-10 11:34:49,Discord,user75852,Server
1775858178412,2026-04-10 21:56:18,Discord,user84884,Server
1775816164412,2026-04-10 10:16:04,Discord,user26661,DM
1775813256412,2026-04-10 09:27:36,Discord,user27509,Server
1775794630412,2026-04-10 04:17:10,Discord,user73431,DM
1775829618412,2026-04-10 14:00:18,Discord,user93431,Server
1775850426412,2026-04-10 19:47:06,Discord,user41190,DM
1775807617412,2026-04-10 07:53:37,Discord,user86388,DM
1775836340412,2026-04-10 15:52:20,Discord,user1759,DM
1775838701412,2026-04-10 16:31:41,Discord,user71544,Server
1775780088412,2026-04-10 00:14:48,Discord,user4119,DM
1775847611412,2026-04-10 19:00:11,Discord,user88504,Server
1775862440412,2026-04-10 23:07:20,Discord,user15414,Server
1775821281412,2026-04-10 11:41:21,Discord,user48579,Server
1775793896412,2026-04-10 04:04:56,Discord,user71146,Server
1775851712412,2026-04-10 20:08:32,Discord,user43521,Server
1775846862412,2026-04-10 18:47:42,Discord,user92016,Server
1775844502412,2026-04-10 18:08:22,Discord,user53751,Server
1775816557412,2026-04-10 10:22:37,Discord,user99118,Server
1775810694412,2026-04-10 08:44:54,Discord,user24443,Server
1775851598412,2026-04-10 20:06:38,Discord,user15725,Server
1775860119412,2026-04-10 22:28:39,Discord,user92132,DM
1775808626412,2026-04-10 08:10:26,Discord,user99732,DM
1775850039412,2026-04-10 19:40:39,Discord,user85243,Server
1775841595412,2026-04-10 17:19:55,Discord,user88048,DM
1775820669412,2026-04-10 11:31:09,Discord,user14936,DM
1775838993412,2026-04-10 16:36:33,Discord,user85183,Server
1775831876412,2026-04-10 14:37:56,Discord,user39416,Server
1775865128412,2026-04-10 23:52:08,Discord,user53005,Server
1775787074412,2026-04-10 02:11:14,Discord,user65532,DM
1775802537412,2026-04-10 06:28:57,Discord,user62671,DM
1775852004412,2026-04-10 20:13:24,Discord,user13808,DM
1775800168412,2026-04-10 05:49:28,Discord,user98697,Server
1775802382412,2026-04-10 06:26:22,Discord,user36368,DM
1775859693412,2026-04-10 22:21:33,Discord,user76542,Server
1775779255412,2026-04-10 00:00:55,Discord,user23485,Server
1775885056412,2026-04-11 05:24:16,WhatsApp,628392399150,Grup
1775876579412,2026-04-11 03:02:59,WhatsApp,628633449783,Grup
1775871437412,2026-04-11 01:37:17,WhatsApp,628510826166,Grup
1775950088412,2026-04-11 23:28:08,WhatsApp,628953045831,Pribadi
1775882052412,2026-04-11 04:34:12,WhatsApp,628404221662,Pribadi
1775895512412,2026-04-11 08:18:32,WhatsApp,62850497678,Grup
1775891117412,2026-04-11 07:05:17,WhatsApp,628311166984,Grup
1775923469412,2026-04-11 16:04:29,WhatsApp,628761146182,Pribadi
1775881416412,2026-04-11 04:23:36,WhatsApp,628154681554,Pribadi
1775885199412,2026-04-11 05:26:39,WhatsApp,628770835241,Grup
1775919545412,2026-04-11 14:59:05,WhatsApp,628899703620,Pribadi
1775938985412,2026-04-11 20:23:05,WhatsApp,62867614642,Grup
1775943487412,2026-04-11 21:38:07,WhatsApp,628582791064,Pribadi
1775935834412,2026-04-11 19:30:34,WhatsApp,628889359197,Grup
1775890821412,2026-04-11 07:00:21,WhatsApp,628836619732,Grup
1775937516412,2026-04-11 19:58:36,WhatsApp,628903181918,Grup
1775888595412,2026-04-11 06:23:15,WhatsApp,628425414470,Pribadi
1775891613412,2026-04-11 07:13:33,WhatsApp,628535213532,Grup
1775927523412,2026-04-11 17:12:03,WhatsApp,62819098243,Grup
1775871038412,2026-04-11 01:30:38,WhatsApp,628327645177,Pribadi
1775909710412,2026-04-11 12:15:10,WhatsApp,628531279726,Grup
1775923217412,2026-04-11 16:00:17,WhatsApp,628407551198,Grup
1775951838412,2026-04-11 23:57:18,WhatsApp,628826825166,Grup
1775866487412,2026-04-11 00:14:47,WhatsApp,628866417552,Pribadi
1775884976412,2026-04-11 05:22:56,WhatsApp,628813305547,Pribadi
1775883089412,2026-04-11 04:51:29,WhatsApp,628584698547,Pribadi
1775885771412,2026-04-11 05:36:11,WhatsApp,628170180226,Pribadi
1775881066412,2026-04-11 04:17:46,WhatsApp,628982853038,Grup
1775889451412,2026-04-11 06:37:31,WhatsApp,628397265897,Pribadi
1775908437412,2026-04-11 11:53:57,WhatsApp,628616782791,Pribadi
1775950652412,2026-04-11 23:37:32,WhatsApp,628599779428,Grup
1775909599412,2026-04-11 12:13:19,WhatsApp,628514123414,Pribadi
1775906500412,2026-04-11 11:21:40,WhatsApp,628345736605,Pribadi
1775889709412,2026-04-11 06:41:49,WhatsApp,628330745311,Pribadi
1775921279412,2026-04-11 15:27:59,WhatsApp,628318539368,Grup
1775887028412,2026-04-11 05:57:08,WhatsApp,628340189528,Grup
1775875332412,2026-04-11 02:42:12,WhatsApp,628868532932,Grup
1775901856412,2026-04-11 10:04:16,WhatsApp,628504258108,Pribadi
1775928505412,2026-04-11 17:28:25,WhatsApp,62860627791,Grup
1775942004412,2026-04-11 21:13:24,WhatsApp,62837147193,Pribadi
1775875538412,2026-04-11 02:45:38,WhatsApp,628934422783,Pribadi
1775930148412,2026-04-11 17:55:48,WhatsApp,628787283967,Grup
1775938176412,2026-04-11 20:09:36,WhatsApp,62834588983,Grup
1775923466412,2026-04-11 16:04:26,WhatsApp,628257748460,Grup
1775948493412,2026-04-11 23:01:33,WhatsApp,628279336021,Grup
1775909945412,2026-04-11 12:19:05,WhatsApp,628197462095,Pribadi
1775886067412,2026-04-11 05:41:07,WhatsApp,628296881178,Grup
1775947105412,2026-04-11 22:38:25,WhatsApp,628414038933,Pribadi
1775947465412,2026-04-11 22:44:25,WhatsApp,62882925117,Pribadi
1775925500412,2026-04-11 16:38:20,WhatsApp,62839810124,Grup
1775939786412,2026-04-11 20:36:26,WhatsApp,628802787157,Grup
1775947497412,2026-04-11 22:44:57,WhatsApp,628775833345,Grup
1775940733412,2026-04-11 20:52:13,WhatsApp,62859880461,Grup
1775900340412,2026-04-11 09:39:00,WhatsApp,628898423809,Grup
1775889159412,2026-04-11 06:32:39,WhatsApp,628953943939,Grup
1775935059412,2026-04-11 19:17:39,WhatsApp,628512748959,Pribadi
1775917258412,2026-04-11 14:20:58,WhatsApp,628326830842,Grup
1775916934412,2026-04-11 14:15:34,WhatsApp,628997111904,Grup
1775911907412,2026-04-11 12:51:47,WhatsApp,628207178508,Grup
1775884528412,2026-04-11 05:15:28,WhatsApp,628864933992,Grup
1775891878412,2026-04-11 07:17:58,WhatsApp,628285296375,Grup
1775897882412,2026-04-11 08:58:02,WhatsApp,628210227430,Grup
1775951238412,2026-04-11 23:47:18,WhatsApp,628384016483,Grup
1775893552412,2026-04-11 07:45:52,WhatsApp,628585966655,Grup
1775927349412,2026-04-11 17:09:09,WhatsApp,628710429035,Pribadi
1775887685412,2026-04-11 06:08:05,WhatsApp,628722778905,Pribadi
1775908345412,2026-04-11 11:52:25,WhatsApp,62890550784,Grup
1775920458412,2026-04-11 15:14:18,WhatsApp,628421035953,Grup
1775888172412,2026-04-11 06:16:12,WhatsApp,628186714023,Grup
1775871870412,2026-04-11 01:44:30,WhatsApp,628287905970,Grup
1775926218412,2026-04-11 16:50:18,WhatsApp,628226875830,Pribadi
1775940530412,2026-04-11 20:48:50,WhatsApp,628858276792,Grup
1775925865412,2026-04-11 16:44:25,WhatsApp,628130422407,Pribadi
1775871846412,2026-04-11 01:44:06,WhatsApp,628485002083,Pribadi
1775887724412,2026-04-11 06:08:44,WhatsApp,628245960687,Pribadi
1775866331412,2026-04-11 00:12:11,WhatsApp,628122499849,Pribadi
1775867898412,2026-04-11 00:38:18,WhatsApp,628509835579,Pribadi
1775882497412,2026-04-11 04:41:37,WhatsApp,628823778546,Pribadi
1775895998412,2026-04-11 08:26:38,WhatsApp,628197460926,Grup
1775941646412,2026-04-11 21:07:26,WhatsApp,628664221824,Pribadi
1775918025412,2026-04-11 14:33:45,WhatsApp,628156948179,Pribadi
1775947341412,2026-04-11 22:42:21,WhatsApp,628902995135,Grup
1775895240412,2026-04-11 08:14:00,WhatsApp,628449769720,Grup
1775866207412,2026-04-11 00:10:07,WhatsApp,628985061215,Grup
1775939719412,2026-04-11 20:35:19,WhatsApp,628883701512,Pribadi
1775870452412,2026-04-11 01:20:52,WhatsApp,628523068424,Pribadi
1775888912412,2026-04-11 06:28:32,WhatsApp,628552883406,Pribadi
1775870413412,2026-04-11 01:20:13,WhatsApp,62888406415,Grup
1775892043412,2026-04-11 07:20:43,WhatsApp,628230603525,Pribadi
1775900874412,2026-04-11 09:47:54,WhatsApp,628231847740,Pribadi
1775915869412,2026-04-11 13:57:49,WhatsApp,628878578232,Pribadi
1775904747412,2026-04-11 10:52:27,WhatsApp,628449894622,Grup
1775887912412,2026-04-11 06:11:52,WhatsApp,628246049711,Grup
1775901426412,2026-04-11 09:57:06,WhatsApp,628703202412,Grup
1775869711412,2026-04-11 01:08:31,WhatsApp,628676054603,Pribadi
1775925797412,2026-04-11 16:43:17,WhatsApp,628715620937,Grup
1775937601412,2026-04-11 20:00:01,WhatsApp,628478970295,Grup
1775916888412,2026-04-11 14:14:48,WhatsApp,628998172911,Grup
1775886500412,2026-04-11 05:48:20,WhatsApp,62814221596,Grup
1775887715412,2026-04-11 06:08:35,WhatsApp,628562124835,Grup
1775913971412,2026-04-11 13:26:11,WhatsApp,628701773835,Pribadi
1775906420412,2026-04-11 11:20:20,WhatsApp,628152451321,Pribadi
1775899334412,2026-04-11 09:22:14,WhatsApp,628589305546,Grup
1775894648412,2026-04-11 08:04:08,WhatsApp,628919620713,Pribadi
1775941098412,2026-04-11 20:58:18,WhatsApp,628640172238,Pribadi
1775913088412,2026-04-11 13:11:28,WhatsApp,62882824996,Pribadi
1775923850412,2026-04-11 16:10:50,WhatsApp,628840501970,Grup
1775920359412,2026-04-11 15:12:39,WhatsApp,628952046133,Grup
1775926446412,2026-04-11 16:54:06,WhatsApp,628586493470,Pribadi
1775930991412,2026-04-11 18:09:51,WhatsApp,628296200444,Grup
1775943018412,2026-04-11 21:30:18,WhatsApp,628654483005,Grup
1775926243412,2026-04-11 16:50:43,WhatsApp,628318810404,Grup
1775867902412,2026-04-11 00:38:22,WhatsApp,628274326,Grup
1775947673412,2026-04-11 22:47:53,WhatsApp,62831923409,Pribadi
1775870043412,2026-04-11 01:14:03,WhatsApp,62875651128,Grup
1775896534412,2026-04-11 08:35:34,WhatsApp,628334705823,Pribadi
1775931789412,2026-04-11 18:23:09,WhatsApp,628204670467,Pribadi
1775909426412,2026-04-11 12:10:26,WhatsApp,628344078276,Grup
1775945948412,2026-04-11 22:19:08,WhatsApp,628238304181,Pribadi
1775950792412,2026-04-11 23:39:52,WhatsApp,628642793817,Pribadi
1775896243412,2026-04-11 08:30:43,WhatsApp,62856800697,Grup
1775888882412,2026-04-11 06:28:02,WhatsApp,62862956315,Grup
1775949460412,2026-04-11 23:17:40,WhatsApp,628526341975,Grup
1775909723412,2026-04-11 12:15:23,WhatsApp,628527563231,Grup
1775916246412,2026-04-11 14:04:06,WhatsApp,628204346120,Pribadi
1775918844412,2026-04-11 14:47:24,WhatsApp,628381652658,Grup
1775913882412,2026-04-11 13:24:42,WhatsApp,628143339612,Pribadi
1775893178412,2026-04-11 07:39:38,WhatsApp,628295916832,Grup
1775915909412,2026-04-11 13:58:29,WhatsApp,628247609763,Grup
1775915446412,2026-04-11 13:50:46,WhatsApp,628653761745,Pribadi
1775927120412,2026-04-11 17:05:20,WhatsApp,628690474890,Grup
1775877342412,2026-04-11 03:15:42,WhatsApp,628713828728,Pribadi
1775884389412,2026-04-11 05:13:09,WhatsApp,628646585654,Pribadi
1775912476412,2026-04-11 13:01:16,WhatsApp,62874069915,Pribadi
1775890988412,2026-04-11 07:03:08,Discord,user85998,DM
1775892901412,2026-04-11 07:35:01,Discord,user45850,DM
1775950596412,2026-04-11 23:36:36,Discord,user58252,DM
1775871297412,2026-04-11 01:34:57,Discord,user46739,Server
1775868912412,2026-04-11 00:55:12,Discord,user57259,DM
1775911762412,2026-04-11 12:49:22,Discord,user12253,Server
1775946259412,2026-04-11 22:24:19,Discord,user16978,Server
1775894396412,2026-04-11 07:59:56,Discord,user70782,DM
1775879193412,2026-04-11 03:46:33,Discord,user33724,DM
1775878587412,2026-04-11 03:36:27,Discord,user73899,DM
1775935163412,2026-04-11 19:19:23,Discord,user13228,Server
1775885234412,2026-04-11 05:27:14,Discord,user36540,Server
1775890452412,2026-04-11 06:54:12,Discord,user71117,Server
1775929594412,2026-04-11 17:46:34,Discord,user5812,DM
1775924906412,2026-04-11 16:28:26,Discord,user339,Server
1775920370412,2026-04-11 15:12:50,Discord,user66631,Server
1775943522412,2026-04-11 21:38:42,Discord,user67256,DM
1775883760412,2026-04-11 05:02:40,Discord,user85732,Server
1775899806412,2026-04-11 09:30:06,Discord,user2986,DM
1775913739412,2026-04-11 13:22:19,Discord,user58127,DM
1775903367412,2026-04-11 10:29:27,Discord,user8446,Server
1775948097412,2026-04-11 22:54:57,Discord,user86326,DM
1775894110412,2026-04-11 07:55:10,Discord,user92480,Server
1775940784412,2026-04-11 20:53:04,Discord,user51622,DM
1775924495412,2026-04-11 16:21:35,Discord,user53314,DM
1775903555412,2026-04-11 10:32:35,Discord,user81951,DM
1775939554412,2026-04-11 20:32:34,Discord,user33522,Server
1775922233412,2026-04-11 15:43:53,Discord,user21525,DM
1775884233412,2026-04-11 05:10:33,Discord,user30193,DM
1775869301412,2026-04-11 01:01:41,Discord,user19278,DM
1775945358412,2026-04-11 22:09:18,Discord,user42556,Server
1775936997412,2026-04-11 19:49:57,Discord,user50658,DM
1775886841412,2026-04-11 05:54:01,Discord,user53850,Server
1775871794412,2026-04-11 01:43:14,Discord,user361,Server
1775944945412,2026-04-11 22:02:25,Discord,user18319,DM
1775904411412,2026-04-11 10:46:51,Discord,user63527,Server
1775900390412,2026-04-11 09:39:50,Discord,user9436,DM
1775894969412,2026-04-11 08:09:29,Discord,user65055,Server
1775900860412,2026-04-11 09:47:40,Discord,user68849,Server
1775959624412,2026-04-12 02:07:04,WhatsApp,628568075618,Pribadi
1776004968412,2026-04-12 14:42:48,WhatsApp,628371277879,Pribadi
1775964035412,2026-04-12 03:20:35,WhatsApp,628904798659,Pribadi
1775965067412,2026-04-12 03:37:47,WhatsApp,628971252040,Grup
1776013227412,2026-04-12 17:00:27,WhatsApp,628808637860,Grup
1776004011412,2026-04-12 14:26:51,WhatsApp,62843790073,Pribadi
1775957095412,2026-04-12 01:24:55,WhatsApp,628894197021,Pribadi
1776038083412,2026-04-12 23:54:43,WhatsApp,628431639176,Pribadi
1775975409412,2026-04-12 06:30:09,WhatsApp,628828691031,Grup
1776004935412,2026-04-12 14:42:15,WhatsApp,628993044326,Pribadi
1776010173412,2026-04-12 16:09:33,WhatsApp,62814972865,Grup
1775999150412,2026-04-12 13:05:50,WhatsApp,628289441863,Grup
1776008925412,2026-04-12 15:48:45,WhatsApp,628722644166,Grup
1775960105412,2026-04-12 02:15:05,WhatsApp,628583283975,Pribadi
1775984470412,2026-04-12 09:01:10,WhatsApp,628464410488,Grup
1776006430412,2026-04-12 15:07:10,WhatsApp,628341326080,Grup
1775980011412,2026-04-12 07:46:51,WhatsApp,628807232844,Grup
1775994849412,2026-04-12 11:54:09,WhatsApp,628358195280,Grup
1776023281412,2026-04-12 19:48:01,WhatsApp,628405164093,Grup
1775994740412,2026-04-12 11:52:20,WhatsApp,628899806738,Grup
1775969511412,2026-04-12 04:51:51,WhatsApp,628974573290,Grup
1776026547412,2026-04-12 20:42:27,WhatsApp,628622962070,Grup
1776030526412,2026-04-12 21:48:46,WhatsApp,628586823983,Pribadi
1775953198412,2026-04-12 00:19:58,WhatsApp,628623274692,Grup
1775988627412,2026-04-12 10:10:27,WhatsApp,628616544801,Pribadi
1776004222412,2026-04-12 14:30:22,WhatsApp,628331426454,Grup
1776004590412,2026-04-12 14:36:30,WhatsApp,628555088175,Pribadi
1775976192412,2026-04-12 06:43:12,WhatsApp,628426293613,Grup
1775978507412,2026-04-12 07:21:47,WhatsApp,628118764268,Pribadi
1775955416412,2026-04-12 00:56:56,WhatsApp,628686777595,Pribadi
1775998849412,2026-04-12 13:00:49,WhatsApp,628598914057,Pribadi
1775954928412,2026-04-12 00:48:48,WhatsApp,628660010102,Pribadi
1775959035412,2026-04-12 01:57:15,WhatsApp,62886031336,Grup
1775994925412,2026-04-12 11:55:25,WhatsApp,628495537295,Pribadi
1776011834412,2026-04-12 16:37:14,WhatsApp,628496573691,Pribadi
1775966703412,2026-04-12 04:05:03,WhatsApp,628143230667,Grup
1775958970412,2026-04-12 01:56:10,WhatsApp,628981421529,Grup
1776010807412,2026-04-12 16:20:07,WhatsApp,628299615516,Grup
1776029297412,2026-04-12 21:28:17,WhatsApp,628616317709,Grup
1776010713412,2026-04-12 16:18:33,WhatsApp,628317026749,Grup
1775996857412,2026-04-12 12:27:37,WhatsApp,628606333513,Pribadi
1776006635412,2026-04-12 15:10:35,WhatsApp,62844990232,Grup
1775969872412,2026-04-12 04:57:52,WhatsApp,628994652492,Grup
1775988009412,2026-04-12 10:00:09,WhatsApp,628110004891,Grup
1775956757412,2026-04-12 01:19:17,WhatsApp,628350120208,Pribadi
1775957061412,2026-04-12 01:24:21,WhatsApp,628990042424,Grup
1775986390412,2026-04-12 09:33:10,WhatsApp,628282811301,Pribadi
1775958644412,2026-04-12 01:50:44,WhatsApp,628148692723,Grup
1775989257412,2026-04-12 10:20:57,WhatsApp,628379196518,Pribadi
1775991724412,2026-04-12 11:02:04,WhatsApp,628229567869,Grup
1775980709412,2026-04-12 07:58:29,WhatsApp,628698375268,Grup
1775953466412,2026-04-12 00:24:26,WhatsApp,62879928604,Grup
1776028723412,2026-04-12 21:18:43,WhatsApp,628956426829,Grup
1776006061412,2026-04-12 15:01:01,WhatsApp,628512081398,Grup
1776008927412,2026-04-12 15:48:47,WhatsApp,628945387363,Grup
1776036823412,2026-04-12 23:33:43,WhatsApp,628398038049,Grup
1775976525412,2026-04-12 06:48:45,WhatsApp,628685552099,Grup
1776003479412,2026-04-12 14:17:59,WhatsApp,628947092956,Grup
1776031796412,2026-04-12 22:09:56,WhatsApp,628413229912,Pribadi
1775956496412,2026-04-12 01:14:56,WhatsApp,628397602575,Grup
1776001031412,2026-04-12 13:37:11,WhatsApp,628588246646,Pribadi
1776017642412,2026-04-12 18:14:02,WhatsApp,628361687239,Pribadi
1775990038412,2026-04-12 10:33:58,WhatsApp,628394738442,Grup
1775970951412,2026-04-12 05:15:51,WhatsApp,628334561660,Pribadi
1775967079412,2026-04-12 04:11:19,WhatsApp,628720973268,Grup
1776025537412,2026-04-12 20:25:37,WhatsApp,628948460756,Pribadi
1775961921412,2026-04-12 02:45:21,WhatsApp,628389344672,Grup
1776028886412,2026-04-12 21:21:26,WhatsApp,628488955000,Grup
1776020774412,2026-04-12 19:06:14,WhatsApp,628493474125,Grup
1775998809412,2026-04-12 13:00:09,WhatsApp,628142774409,Grup
1776004736412,2026-04-12 14:38:56,WhatsApp,628241236565,Pribadi
1775952208412,2026-04-12 00:03:28,WhatsApp,628801193790,Pribadi
1775963434412,2026-04-12 03:10:34,WhatsApp,628289687993,Grup
1775985475412,2026-04-12 09:17:55,WhatsApp,628586164952,Grup
1775977677412,2026-04-12 07:07:57,WhatsApp,62882605603,Grup
1775960940412,2026-04-12 02:29:00,WhatsApp,628258469178,Grup
1776002847412,2026-04-12 14:07:27,WhatsApp,628981360866,Pribadi
1775988583412,2026-04-12 10:09:43,WhatsApp,628380805017,Grup
1775979088412,2026-04-12 07:31:28,WhatsApp,628501683626,Grup
1776003557412,2026-04-12 14:19:17,WhatsApp,628236835262,Pribadi
1776003239412,2026-04-12 14:13:59,WhatsApp,628307646713,Pribadi
1775985635412,2026-04-12 09:20:35,WhatsApp,628980517671,Pribadi
1776023960412,2026-04-12 19:59:20,WhatsApp,628480853194,Grup
1776028156412,2026-04-12 21:09:16,WhatsApp,628523774905,Grup
1776005779412,2026-04-12 14:56:19,WhatsApp,628276627349,Grup
1776015328412,2026-04-12 17:35:28,WhatsApp,628274655887,Grup
1776035718412,2026-04-12 23:15:18,WhatsApp,628992473329,Pribadi
1776001104412,2026-04-12 13:38:24,WhatsApp,62837813450,Pribadi
1776004492412,2026-04-12 14:34:52,WhatsApp,628121222871,Grup
1775997077412,2026-04-12 12:31:17,WhatsApp,628793146989,Grup
1776000705412,2026-04-12 13:31:45,WhatsApp,628164815857,Grup
1776007922412,2026-04-12 15:32:02,WhatsApp,628484160928,Pribadi
1776025644412,2026-04-12 20:27:24,WhatsApp,628239298588,Pribadi
1776027008412,2026-04-12 20:50:08,WhatsApp,628362527654,Pribadi
1775971293412,2026-04-12 05:21:33,WhatsApp,628612039443,Grup
1775972782412,2026-04-12 05:46:22,WhatsApp,628875416960,Pribadi
1775965749412,2026-04-12 03:49:09,WhatsApp,628369441116,Grup
1775981211412,2026-04-12 08:06:51,WhatsApp,628633436268,Grup
1775987497412,2026-04-12 09:51:37,WhatsApp,628213122378,Grup
1776003738412,2026-04-12 14:22:18,WhatsApp,628746153237,Grup
1776009532412,2026-04-12 15:58:52,WhatsApp,62889822753,Pribadi
1775961973412,2026-04-12 02:46:13,WhatsApp,628739902906,Grup
1775978880412,2026-04-12 07:28:00,WhatsApp,628463794250,Pribadi
1776027206412,2026-04-12 20:53:26,WhatsApp,628849573832,Grup
1776035675412,2026-04-12 23:14:35,WhatsApp,628935292110,Grup
1775994183412,2026-04-12 11:43:03,WhatsApp,628215048590,Grup
1776036603412,2026-04-12 23:30:03,WhatsApp,628375826633,Pribadi
1776032867412,2026-04-12 22:27:47,WhatsApp,628807582957,Grup
1776009939412,2026-04-12 16:05:39,WhatsApp,628854604023,Pribadi
1776024583412,2026-04-12 20:09:43,WhatsApp,628505919051,Grup
1775968845412,2026-04-12 04:40:45,WhatsApp,628447625506,Pribadi
1776016859412,2026-04-12 18:00:59,WhatsApp,628954292528,Grup
1776010568412,2026-04-12 16:16:08,WhatsApp,628520907774,Grup
1775963827412,2026-04-12 03:17:07,WhatsApp,628215099289,Grup
1776007945412,2026-04-12 15:32:25,WhatsApp,628778495528,Grup
1776027023412,2026-04-12 20:50:23,WhatsApp,628707860679,Pribadi
1775987658412,2026-04-12 09:54:18,WhatsApp,628877416034,Grup
1775953006412,2026-04-12 00:16:46,WhatsApp,628974603117,Grup
1775962372412,2026-04-12 02:52:52,WhatsApp,628362927657,Pribadi
1775964283412,2026-04-12 03:24:43,WhatsApp,628937094825,Grup
1775997932412,2026-04-12 12:45:32,WhatsApp,628863096244,Pribadi
1776034320412,2026-04-12 22:52:00,WhatsApp,628123709866,Grup
1775978872412,2026-04-12 07:27:52,WhatsApp,628658075667,Grup
1775957319412,2026-04-12 01:28:39,WhatsApp,628439662557,Pribadi
1776014972412,2026-04-12 17:29:32,WhatsApp,628146712909,Grup
1776001701412,2026-04-12 13:48:21,WhatsApp,628610397307,Grup
1775972024412,2026-04-12 05:33:44,WhatsApp,628155652696,Grup
1775978110412,2026-04-12 07:15:10,WhatsApp,628177561771,Pribadi
1776021942412,2026-04-12 19:25:42,WhatsApp,628617231791,Grup
1775975480412,2026-04-12 06:31:20,WhatsApp,6289256939,Grup
1775994088412,2026-04-12 11:41:28,WhatsApp,628676861480,Grup
1775991837412,2026-04-12 11:03:57,WhatsApp,628108786872,Grup
1776009887412,2026-04-12 16:04:47,WhatsApp,628868697573,Grup
1775982863412,2026-04-12 08:34:23,WhatsApp,628564343382,Grup
1776007982412,2026-04-12 15:33:02,WhatsApp,628700825572,Grup
1775969805412,2026-04-12 04:56:45,WhatsApp,628197909226,Pribadi
1775962972412,2026-04-12 03:02:52,WhatsApp,628883839397,Pribadi
1775962398412,2026-04-12 02:53:18,WhatsApp,628344749489,Pribadi
1775961843412,2026-04-12 02:44:03,WhatsApp,628483932104,Grup
1775993618412,2026-04-12 11:33:38,Discord,user70113,Server
1776003468412,2026-04-12 14:17:48,Discord,user95659,DM
1776034348412,2026-04-12 22:52:28,Discord,user13166,DM
1775964097412,2026-04-12 03:21:37,Discord,user64119,Server
1775996664412,2026-04-12 12:24:24,Discord,user95196,Server
1775977768412,2026-04-12 07:09:28,Discord,user57461,Server
1776035732412,2026-04-12 23:15:32,Discord,user6564,DM
1775996757412,2026-04-12 12:25:57,Discord,user4452,DM
1776001512412,2026-04-12 13:45:12,Discord,user125,Server
1776013424412,2026-04-12 17:03:44,Discord,user72184,DM
1776018450412,2026-04-12 18:27:30,Discord,user8979,Server
1776033770412,2026-04-12 22:42:50,Discord,user32198,DM
1775972426412,2026-04-12 05:40:26,Discord,user95358,DM
1776019733412,2026-04-12 18:48:53,Discord,user20492,Server
1776000594412,2026-04-12 13:29:54,Discord,user34120,DM
1775957851412,2026-04-12 01:37:31,Discord,user7659,DM
1776019781412,2026-04-12 18:49:41,Discord,user15302,Server
1776008686412,2026-04-12 15:44:46,Discord,user3373,DM
1775988902412,2026-04-12 10:15:02,Discord,user49942,DM
1775953996412,2026-04-12 00:33:16,Discord,user19459,DM
1775998785412,2026-04-12 12:59:45,Discord,user68865,Server
1776003299412,2026-04-12 14:14:59,Discord,user52120,Server
1776024851412,2026-04-12 20:14:11,Discord,user3332,Server
1776036864412,2026-04-12 23:34:24,Discord,user58516,Server
1776013621412,2026-04-12 17:07:01,Discord,user6449,DM
1776008791412,2026-04-12 15:46:31,Discord,user36861,DM
1775972011412,2026-04-12 05:33:31,Discord,user48171,DM
1776027939412,2026-04-12 21:05:39,Discord,user12352,DM
1776013489412,2026-04-12 17:04:49,Discord,user8265,DM
1775986796412,2026-04-12 09:39:56,Discord,user63110,Server
1775981609412,2026-04-12 08:13:29,Discord,user25000,Server
1775993794412,2026-04-12 11:36:34,Discord,user48705,DM
1776018904412,2026-04-12 18:35:04,Discord,user51305,DM
1776033742412,2026-04-12 22:42:22,Discord,user84434,Server
1776010796412,2026-04-12 16:19:56,Discord,user72402,DM
1776009880412,2026-04-12 16:04:40,Discord,user20226,DM
1776010278412,2026-04-12 16:11:18,Discord,user33655,DM
1775968050412,2026-04-12 04:27:30,Discord,user93561,DM
1776004011412,2026-04-12 14:26:51,Discord,user53477,DM
1776011464412,2026-04-12 16:31:04,Discord,user18036,DM
1776008520412,2026-04-12 15:42:00,Discord,user36080,DM
1775975025412,2026-04-12 06:23:45,Discord,user97993,DM
1776026815412,2026-04-12 20:46:55,Discord,user80396,Server
1776039690412,2026-04-13 00:21:30,WhatsApp,628562182016,Grup
1776070999412,2026-04-13 09:03:19,WhatsApp,62857919430,Pribadi
1776057341412,2026-04-13 05:15:41,WhatsApp,628825671170,Grup
1776106981412,2026-04-13 19:03:01,WhatsApp,62885790744,Grup
1776082792412,2026-04-13 12:19:52,WhatsApp,628519692293,Grup
1776042586412,2026-04-13 01:09:46,WhatsApp,628342476058,Grup
1776111423412,2026-04-13 20:17:03,WhatsApp,628232639543,Grup
1776114482412,2026-04-13 21:08:02,WhatsApp,628440765176,Pribadi
1776111635412,2026-04-13 20:20:35,WhatsApp,628299238044,Grup
1776092917412,2026-04-13 15:08:37,WhatsApp,628334761990,Grup
1776103523412,2026-04-13 18:05:23,WhatsApp,628150697221,Grup
1776047341412,2026-04-13 02:29:01,WhatsApp,628483938779,Grup
1776064303412,2026-04-13 07:11:43,WhatsApp,628899344515,Grup
1776093167412,2026-04-13 15:12:47,WhatsApp,628740830285,Grup
1776052848412,2026-04-13 04:00:48,WhatsApp,628819050452,Pribadi
1776123466412,2026-04-13 23:37:46,WhatsApp,62888472682,Grup
1776052978412,2026-04-13 04:02:58,WhatsApp,628984309192,Grup
1776072394412,2026-04-13 09:26:34,WhatsApp,62820487354,Grup
1776104530412,2026-04-13 18:22:10,WhatsApp,628472952931,Grup
1776096571412,2026-04-13 16:09:31,WhatsApp,628405811656,Pribadi
1776087006412,2026-04-13 13:30:06,WhatsApp,628794528415,Grup
1776045420412,2026-04-13 01:57:00,WhatsApp,628674093986,Grup
1776044309412,2026-04-13 01:38:29,WhatsApp,628899511433,Pribadi
1776090244412,2026-04-13 14:24:04,WhatsApp,628998593607,Grup
1776056749412,2026-04-13 05:05:49,WhatsApp,628753704582,Pribadi
1776086046412,2026-04-13 13:14:06,WhatsApp,628509198003,Grup
1776052004412,2026-04-13 03:46:44,WhatsApp,628163530499,Grup
1776115797412,2026-04-13 21:29:57,WhatsApp,628350071103,Grup
1776070615412,2026-04-13 08:56:55,WhatsApp,628195476642,Pribadi
1776065559412,2026-04-13 07:32:39,WhatsApp,628630701390,Grup
1776101324412,2026-04-13 17:28:44,WhatsApp,628599660703,Grup
1776082424412,2026-04-13 12:13:44,WhatsApp,628127173950,Grup
1776074318412,2026-04-13 09:58:38,WhatsApp,628928894856,Grup
1776061864412,2026-04-13 06:31:04,WhatsApp,628240411247,Grup
1776048652412,2026-04-13 02:50:52,WhatsApp,62866815295,Grup
1776119014412,2026-04-13 22:23:34,WhatsApp,62855604628,Grup
1776076084412,2026-04-13 10:28:04,WhatsApp,628165830859,Pribadi
1776066999412,2026-04-13 07:56:39,WhatsApp,628697112131,Grup
1776041702412,2026-04-13 00:55:02,WhatsApp,62899328151,Grup
1776087547412,2026-04-13 13:39:07,WhatsApp,628558015997,Grup
1776115362412,2026-04-13 21:22:42,WhatsApp,628455648789,Grup
1776073530412,2026-04-13 09:45:30,WhatsApp,62897311716,Pribadi
1776061561412,2026-04-13 06:26:01,WhatsApp,62888927837,Grup
1776076589412,2026-04-13 10:36:29,WhatsApp,628135500186,Grup
1776121491412,2026-04-13 23:04:51,WhatsApp,628230687440,Grup
1776122754412,2026-04-13 23:25:54,WhatsApp,628195895670,Pribadi
1776117448412,2026-04-13 21:57:28,WhatsApp,628219986188,Grup
1776039700412,2026-04-13 00:21:40,WhatsApp,62826617374,Pribadi
1776100085412,2026-04-13 17:08:05,WhatsApp,628541336243,Pribadi
1776109492412,2026-04-13 19:44:52,WhatsApp,628134941138,Grup
1776101560412,2026-04-13 17:32:40,WhatsApp,628379210872,Grup
1776039402412,2026-04-13 00:16:42,WhatsApp,628969764936,Grup
1776089525412,2026-04-13 14:12:05,WhatsApp,62827882583,Pribadi
1776101511412,2026-04-13 17:31:51,WhatsApp,628485446742,Grup
1776056271412,2026-04-13 04:57:51,WhatsApp,628409986743,Grup
1776102201412,2026-04-13 17:43:21,WhatsApp,628438714991,Pribadi
1776118536412,2026-04-13 22:15:36,WhatsApp,628581614986,Pribadi
1776044601412,2026-04-13 01:43:21,WhatsApp,628611559633,Grup
1776118425412,2026-04-13 22:13:45,WhatsApp,628706196661,Grup
1776065212412,2026-04-13 07:26:52,WhatsApp,6283693468,Grup
1776067936412,2026-04-13 08:12:16,WhatsApp,628424839346,Grup
1776080152412,2026-04-13 11:35:52,WhatsApp,628536472905,Grup
1776043600412,2026-04-13 01:26:40,WhatsApp,628487625676,Grup
1776043749412,2026-04-13 01:29:09,WhatsApp,628934137488,Grup
1776060970412,2026-04-13 06:16:10,WhatsApp,628324210733,Grup
1776095309412,2026-04-13 15:48:29,WhatsApp,628319932232,Pribadi
1776066219412,2026-04-13 07:43:39,WhatsApp,628634921791,Pribadi
1776112729412,2026-04-13 20:38:49,WhatsApp,628760932748,Grup
1776094559412,2026-04-13 15:35:59,WhatsApp,628793984041,Grup
1776059364412,2026-04-13 05:49:24,WhatsApp,628571947007,Grup
1776100875412,2026-04-13 17:21:15,WhatsApp,628925124617,Grup
1776108761412,2026-04-13 19:32:41,WhatsApp,628365880835,Pribadi
1776052037412,2026-04-13 03:47:17,WhatsApp,628449911447,Grup
1776105422412,2026-04-13 18:37:02,WhatsApp,628421917521,Grup
1776041303412,2026-04-13 00:48:23,WhatsApp,628623671467,Grup
1776081097412,2026-04-13 11:51:37,WhatsApp,628743422963,Grup
1776042691412,2026-04-13 01:11:31,WhatsApp,628749935911,Pribadi
1776076431412,2026-04-13 10:33:51,WhatsApp,628723875545,Pribadi
1776066185412,2026-04-13 07:43:05,WhatsApp,628581136649,Pribadi
1776119653412,2026-04-13 22:34:13,WhatsApp,628792782187,Grup
1776087657412,2026-04-13 13:40:57,WhatsApp,628358359268,Grup
1776050238412,2026-04-13 03:17:18,WhatsApp,62887280944,Grup
1776079323412,2026-04-13 11:22:03,WhatsApp,628671706563,Grup
1776123402412,2026-04-13 23:36:42,WhatsApp,628700062308,Pribadi
1776105999412,2026-04-13 18:46:39,WhatsApp,628596830950,Grup
1776056960412,2026-04-13 05:09:20,WhatsApp,628933392675,Grup
1776066313412,2026-04-13 07:45:13,WhatsApp,62833528411,Grup
1776113199412,2026-04-13 20:46:39,WhatsApp,628429613572,Pribadi
1776121764412,2026-04-13 23:09:24,WhatsApp,628677039720,Pribadi
1776060277412,2026-04-13 06:04:37,WhatsApp,628956354708,Grup
1776042516412,2026-04-13 01:08:36,WhatsApp,628271434729,Pribadi
1776058115412,2026-04-13 05:28:35,WhatsApp,628123036130,Pribadi
1776073705412,2026-04-13 09:48:25,WhatsApp,628826553682,Grup
1776076001412,2026-04-13 10:26:41,WhatsApp,628492390308,Grup
1776046726412,2026-04-13 02:18:46,WhatsApp,628176328633,Pribadi
1776093436412,2026-04-13 15:17:16,WhatsApp,628750590945,Grup
1776102984412,2026-04-13 17:56:24,WhatsApp,62898814293,Pribadi
1776118197412,2026-04-13 22:09:57,WhatsApp,628559735223,Pribadi
1776062928412,2026-04-13 06:48:48,WhatsApp,628971879880,Pribadi
1776091710412,2026-04-13 14:48:30,WhatsApp,628733376855,Grup
1776101914412,2026-04-13 17:38:34,WhatsApp,628721534499,Pribadi
1776103215412,2026-04-13 18:00:15,WhatsApp,628450831767,Grup
1776120282412,2026-04-13 22:44:42,WhatsApp,628838040051,Pribadi
1776045843412,2026-04-13 02:04:03,WhatsApp,628516074896,Grup
1776085746412,2026-04-13 13:09:06,WhatsApp,628822910055,Pribadi
1776083340412,2026-04-13 12:29:00,WhatsApp,628263925134,Pribadi
1776105517412,2026-04-13 18:38:37,WhatsApp,628199436061,Pribadi
1776054379412,2026-04-13 04:26:19,WhatsApp,628304276917,Grup
1776038613412,2026-04-13 00:03:33,WhatsApp,628981275089,Grup
1776101924412,2026-04-13 17:38:44,WhatsApp,628914471746,Pribadi
1776123803412,2026-04-13 23:43:23,WhatsApp,628803501946,Grup
1776097602412,2026-04-13 16:26:42,WhatsApp,628358956284,Grup
1776110135412,2026-04-13 19:55:35,WhatsApp,628452155768,Grup
1776091744412,2026-04-13 14:49:04,WhatsApp,628510882266,Grup
1776078090412,2026-04-13 11:01:30,WhatsApp,628193726540,Grup
1776103497412,2026-04-13 18:04:57,WhatsApp,628916679885,Pribadi
1776101384412,2026-04-13 17:29:44,WhatsApp,628944895457,Grup
1776119148412,2026-04-13 22:25:48,WhatsApp,628749578852,Pribadi
1776067172412,2026-04-13 07:59:32,WhatsApp,628526715260,Grup
1776098984412,2026-04-13 16:49:44,WhatsApp,628507269635,Pribadi
1776084838412,2026-04-13 12:53:58,WhatsApp,628321580324,Grup
1776092104412,2026-04-13 14:55:04,WhatsApp,628674747968,Grup
1776074572412,2026-04-13 10:02:52,WhatsApp,628372911557,Pribadi
1776059674412,2026-04-13 05:54:34,WhatsApp,628444470251,Pribadi
1776074690412,2026-04-13 10:04:50,WhatsApp,6288864457,Grup
1776122869412,2026-04-13 23:27:49,WhatsApp,628992202443,Grup
1776092339412,2026-04-13 14:58:59,WhatsApp,628743027888,Pribadi
1776057504412,2026-04-13 05:18:24,WhatsApp,628591544328,Grup
1776110692412,2026-04-13 20:04:52,WhatsApp,628725650411,Grup
1776121499412,2026-04-13 23:04:59,WhatsApp,628308563175,Pribadi
1776070387412,2026-04-13 08:53:07,WhatsApp,628556277437,Grup
1776079574412,2026-04-13 11:26:14,WhatsApp,628480131101,Grup
1776102674412,2026-04-13 17:51:14,Discord,user21938,Server
1776119365412,2026-04-13 22:29:25,Discord,user41959,Server
1776074992412,2026-04-13 10:09:52,Discord,user12358,Server
1776080890412,2026-04-13 11:48:10,Discord,user72717,DM
1776118137412,2026-04-13 22:08:57,Discord,user95232,Server
1776074635412,2026-04-13 10:03:55,Discord,user88607,DM
1776090861412,2026-04-13 14:34:21,Discord,user49532,Server
1776066705412,2026-04-13 07:51:45,Discord,user15968,DM
1776123787412,2026-04-13 23:43:07,Discord,user88255,DM
1776082182412,2026-04-13 12:09:42,Discord,user35991,Server
1776103543412,2026-04-13 18:05:43,Discord,user21262,DM
1776110417412,2026-04-13 20:00:17,Discord,user96667,DM
1776046006412,2026-04-13 02:06:46,Discord,user22515,DM
1776107638412,2026-04-13 19:13:58,Discord,user73492,DM
1776053229412,2026-04-13 04:07:09,Discord,user73400,Server
1776060188412,2026-04-13 06:03:08,Discord,user85042,DM
1776044803412,2026-04-13 01:46:43,Discord,user87387,DM
1776089420412,2026-04-13 14:10:20,Discord,user38659,DM
1776096217412,2026-04-13 16:03:37,Discord,user97267,DM
1776072757412,2026-04-13 09:32:37,Discord,user70440,Server
1776109558412,2026-04-13 19:45:58,Discord,user50548,DM
1776116894412,2026-04-13 21:48:14,Discord,user23281,Server
1776088347412,2026-04-13 13:52:27,Discord,user46986,Server
1776081944412,2026-04-13 12:05:44,Discord,user62542,DM
1776053177412,2026-04-13 04:06:17,Discord,user64862,Server
1776106364412,2026-04-13 18:52:44,Discord,user50707,DM
1776107912412,2026-04-13 19:18:32,Discord,user97715,Server
1776038920412,2026-04-13 00:08:40,Discord,user52466,Server
1776054405412,2026-04-13 04:26:45,Discord,user23145,Server
1776116127412,2026-04-13 21:35:27,Discord,user8801,DM
1776084097412,2026-04-13 12:41:37,Discord,user43115,Server
1776101885412,2026-04-13 17:38:05,Discord,user43521,DM
1776111290412,2026-04-13 20:14:50,Discord,user93630,Server
1776112146412,2026-04-13 20:29:06,Discord,user41604,Server
1776105775412,2026-04-13 18:42:55,Discord,user91892,DM
1776085840412,2026-04-13 13:10:40,Discord,user81181,Server
1776121913412,2026-04-13 23:11:53,Discord,user21658,DM
1776119489412,2026-04-13 22:31:29,Discord,user24333,DM
1776097027412,2026-04-13 16:17:07,Discord,user54829,DM
1776048903412,2026-04-13 02:55:03,Discord,user84600,DM
1776105185412,2026-04-13 18:33:05,Discord,user19427,DM
1776102179412,2026-04-13 17:42:59,Discord,user16192,Server
1776048074412,2026-04-13 02:41:14,Discord,user17638,Server
1776134077412,2026-04-14 02:34:37,WhatsApp,628823483007,Grup
1776139883412,2026-04-14 04:11:23,WhatsApp,628130439456,Pribadi
1776136768412,2026-04-14 03:19:28,WhatsApp,628957879742,Grup
1776144307412,2026-04-14 05:25:07,WhatsApp,628385548875,Pribadi
1776154702412,2026-04-14 08:18:22,WhatsApp,628209233884,Pribadi
1776197870412,2026-04-14 20:17:50,WhatsApp,628559338413,Grup
1776144441412,2026-04-14 05:27:21,WhatsApp,628270691301,Pribadi
1776146231412,2026-04-14 05:57:11,WhatsApp,628119399232,Grup
1776168951412,2026-04-14 12:15:51,WhatsApp,628855924308,Grup
1776175147412,2026-04-14 13:59:07,WhatsApp,628479607447,Grup
1776169150412,2026-04-14 12:19:10,WhatsApp,628838185746,Pribadi
1776190911412,2026-04-14 18:21:51,WhatsApp,628378515896,Grup
1776153256412,2026-04-14 07:54:16,WhatsApp,628997331042,Grup
1776164245412,2026-04-14 10:57:25,WhatsApp,628468689659,Grup
1776207345412,2026-04-14 22:55:45,WhatsApp,62844129657,Grup
1776173659412,2026-04-14 13:34:19,WhatsApp,628764586200,Grup
1776138056412,2026-04-14 03:40:56,WhatsApp,628116672083,Grup
1776163540412,2026-04-14 10:45:40,WhatsApp,628523688525,Grup
1776137267412,2026-04-14 03:27:47,WhatsApp,628674892688,Pribadi
1776172052412,2026-04-14 13:07:32,WhatsApp,628958604751,Pribadi
1776142158412,2026-04-14 04:49:18,WhatsApp,628293817424,Pribadi
1776193975412,2026-04-14 19:12:55,WhatsApp,628616006348,Grup
1776168069412,2026-04-14 12:01:09,WhatsApp,628219426434,Pribadi
1776154372412,2026-04-14 08:12:52,WhatsApp,628331733992,Grup
1776152154412,2026-04-14 07:35:54,WhatsApp,628290957975,Grup
1776178245412,2026-04-14 14:50:45,WhatsApp,628313058867,Grup
1776198823412,2026-04-14 20:33:43,WhatsApp,62848782467,Pribadi
1776139932412,2026-04-14 04:12:12,WhatsApp,628498705259,Grup
1776139403412,2026-04-14 04:03:23,WhatsApp,628816118082,Pribadi
1776203441412,2026-04-14 21:50:41,WhatsApp,628167475168,Pribadi
1776156705412,2026-04-14 08:51:45,WhatsApp,62881006795,Grup
1776154061412,2026-04-14 08:07:41,WhatsApp,628611817635,Pribadi
1776182720412,2026-04-14 16:05:20,WhatsApp,628310592099,Pribadi
1776135457412,2026-04-14 02:57:37,WhatsApp,62880795093,Grup
1776188550412,2026-04-14 17:42:30,WhatsApp,628286607177,Grup
1776202206412,2026-04-14 21:30:06,WhatsApp,628726335338,Grup
1776193794412,2026-04-14 19:09:54,WhatsApp,62895663141,Grup
1776151438412,2026-04-14 07:23:58,WhatsApp,628696834626,Grup
1776135242412,2026-04-14 02:54:02,WhatsApp,62860519634,Grup
1776187427412,2026-04-14 17:23:47,WhatsApp,628365813070,Grup
1776180396412,2026-04-14 15:26:36,WhatsApp,628445247794,Grup
1776177675412,2026-04-14 14:41:15,WhatsApp,628743398061,Pribadi
1776186785412,2026-04-14 17:13:05,WhatsApp,628561570596,Pribadi
1776203873412,2026-04-14 21:57:53,WhatsApp,6289414795,Grup
1776129937412,2026-04-14 01:25:37,WhatsApp,628830285222,Pribadi
1776142338412,2026-04-14 04:52:18,WhatsApp,6284702182,Grup
1776182436412,2026-04-14 16:00:36,WhatsApp,628992076182,Pribadi
1776154050412,2026-04-14 08:07:30,WhatsApp,62867159809,Grup
1776145076412,2026-04-14 05:37:56,WhatsApp,628161063644,Pribadi
1776159138412,2026-04-14 09:32:18,WhatsApp,628671291969,Grup
1776197480412,2026-04-14 20:11:20,WhatsApp,628400713216,Pribadi
1776171549412,2026-04-14 12:59:09,WhatsApp,628326646844,Pribadi
1776125961412,2026-04-14 00:19:21,WhatsApp,6284366069,Pribadi
1776183225412,2026-04-14 16:13:45,WhatsApp,628728232332,Grup
1776163768412,2026-04-14 10:49:28,WhatsApp,628244501008,Pribadi
1776165568412,2026-04-14 11:19:28,WhatsApp,628872992442,Grup
1776173900412,2026-04-14 13:38:20,WhatsApp,628892333579,Pribadi
1776139623412,2026-04-14 04:07:03,WhatsApp,62821824743,Pribadi
1776142477412,2026-04-14 04:54:37,WhatsApp,62844843368,Grup
1776205969412,2026-04-14 22:32:49,WhatsApp,628937197332,Pribadi
1776170886412,2026-04-14 12:48:06,WhatsApp,628769667343,Grup
1776144291412,2026-04-14 05:24:51,WhatsApp,628113306951,Pribadi
1776198268412,2026-04-14 20:24:28,WhatsApp,628304252170,Pribadi
1776162334412,2026-04-14 10:25:34,WhatsApp,628556514819,Grup
1776207758412,2026-04-14 23:02:38,WhatsApp,628382006403,Pribadi
1776157600412,2026-04-14 09:06:40,WhatsApp,62894149748,Grup
1776179437412,2026-04-14 15:10:37,WhatsApp,628957602381,Grup
1776180363412,2026-04-14 15:26:03,WhatsApp,628658565010,Pribadi
1776173644412,2026-04-14 13:34:04,WhatsApp,628371236164,Grup
1776132356412,2026-04-14 02:05:56,WhatsApp,628197815879,Pribadi
1776174081412,2026-04-14 13:41:21,WhatsApp,628830508508,Grup
1776171768412,2026-04-14 13:02:48,WhatsApp,628916880237,Grup
1776181864412,2026-04-14 15:51:04,WhatsApp,628132452985,Pribadi
1776159350412,2026-04-14 09:35:50,WhatsApp,628329007505,Grup
1776137247412,2026-04-14 03:27:27,WhatsApp,628980452040,Pribadi
1776207299412,2026-04-14 22:54:59,WhatsApp,628240867019,Grup
1776189300412,2026-04-14 17:55:00,WhatsApp,62819104334,Grup
1776182556412,2026-04-14 16:02:36,WhatsApp,628391247672,Grup
1776144260412,2026-04-14 05:24:20,WhatsApp,628904067220,Pribadi
1776139288412,2026-04-14 04:01:28,WhatsApp,628412707100,Pribadi
1776168863412,2026-04-14 12:14:23,WhatsApp,628118691053,Grup
1776143378412,2026-04-14 05:09:38,WhatsApp,628242546414,Pribadi
1776207842412,2026-04-14 23:04:02,WhatsApp,628558578878,Grup
1776178416412,2026-04-14 14:53:36,WhatsApp,628161990705,Pribadi
1776201033412,2026-04-14 21:10:33,WhatsApp,628225755711,Grup
1776209613412,2026-04-14 23:33:33,WhatsApp,628735431604,Pribadi
1776181874412,2026-04-14 15:51:14,WhatsApp,628499676944,Pribadi
1776140066412,2026-04-14 04:14:26,WhatsApp,628598200522,Pribadi
1776161095412,2026-04-14 10:04:55,WhatsApp,628473025533,Pribadi
1776150611412,2026-04-14 07:10:11,WhatsApp,628792715532,Pribadi
1776143065412,2026-04-14 05:04:25,WhatsApp,628446455147,Pribadi
1776127936412,2026-04-14 00:52:16,WhatsApp,62856857847,Grup
1776177227412,2026-04-14 14:33:47,WhatsApp,628229736976,Grup
1776159178412,2026-04-14 09:32:58,WhatsApp,628808388897,Grup
1776171186412,2026-04-14 12:53:06,WhatsApp,628672547774,Pribadi
1776151947412,2026-04-14 07:32:27,WhatsApp,62864076411,Grup
1776136680412,2026-04-14 03:18:00,WhatsApp,628297071057,Grup
1776155936412,2026-04-14 08:38:56,WhatsApp,628340056266,Pribadi
1776165630412,2026-04-14 11:20:30,WhatsApp,628795550828,Pribadi
1776133492412,2026-04-14 02:24:52,WhatsApp,628430399990,Pribadi
1776156890412,2026-04-14 08:54:50,WhatsApp,628247585998,Pribadi
1776177424412,2026-04-14 14:37:04,WhatsApp,628636378702,Grup
1776178519412,2026-04-14 14:55:19,WhatsApp,628533654682,Pribadi
1776145392412,2026-04-14 05:43:12,WhatsApp,628266400738,Pribadi
1776172990412,2026-04-14 13:23:10,WhatsApp,62886054568,Pribadi
1776140203412,2026-04-14 04:16:43,WhatsApp,628760042905,Grup
1776203077412,2026-04-14 21:44:37,WhatsApp,628520720797,Grup
1776135429412,2026-04-14 02:57:09,WhatsApp,628538659395,Pribadi
1776193941412,2026-04-14 19:12:21,WhatsApp,62831011003,Grup
1776182857412,2026-04-14 16:07:37,WhatsApp,628607636288,Grup
1776176812412,2026-04-14 14:26:52,WhatsApp,628589593952,Grup
1776210357412,2026-04-14 23:45:57,WhatsApp,628799445571,Grup
1776129901412,2026-04-14 01:25:01,WhatsApp,628658825112,Pribadi
1776145082412,2026-04-14 05:38:02,WhatsApp,628583903802,Grup
1776136159412,2026-04-14 03:09:19,WhatsApp,628817680847,Grup
1776138594412,2026-04-14 03:49:54,WhatsApp,628461955370,Pribadi
1776193757412,2026-04-14 19:09:17,WhatsApp,628367436838,Grup
1776177849412,2026-04-14 14:44:09,WhatsApp,628959899048,Pribadi
1776154978412,2026-04-14 08:22:58,WhatsApp,628236323068,Pribadi
1776148138412,2026-04-14 06:28:58,WhatsApp,628499584821,Grup
1776198225412,2026-04-14 20:23:45,WhatsApp,628598064162,Grup
1776125021412,2026-04-14 00:03:41,WhatsApp,62885663832,Grup
1776140815412,2026-04-14 04:26:55,WhatsApp,628766896414,Pribadi
1776192623412,2026-04-14 18:50:23,WhatsApp,62894479797,Grup
1776205942412,2026-04-14 22:32:22,WhatsApp,628119093319,Pribadi
1776194807412,2026-04-14 19:26:47,WhatsApp,628934020731,Grup
1776135811412,2026-04-14 03:03:31,WhatsApp,628988254885,Grup
1776161035412,2026-04-14 10:03:55,WhatsApp,628525702363,Grup
1776192575412,2026-04-14 18:49:35,WhatsApp,628906084998,Grup
1776168274412,2026-04-14 12:04:34,WhatsApp,628750561202,Grup
1776157874412,2026-04-14 09:11:14,WhatsApp,628236548996,Grup
1776151599412,2026-04-14 07:26:39,WhatsApp,628941360138,Grup
1776146780412,2026-04-14 06:06:20,WhatsApp,628275191419,Grup
1776173262412,2026-04-14 13:27:42,WhatsApp,62818373453,Pribadi
1776199409412,2026-04-14 20:43:29,WhatsApp,628113895008,Grup
1776169837412,2026-04-14 12:30:37,WhatsApp,628759898679,Grup
1776138732412,2026-04-14 03:52:12,WhatsApp,628863871430,Pribadi
1776149006412,2026-04-14 06:43:26,WhatsApp,628488101771,Grup
1776137266412,2026-04-14 03:27:46,WhatsApp,628182249590,Grup
1776160617412,2026-04-14 09:56:57,WhatsApp,62851738010,Pribadi
1776143645412,2026-04-14 05:14:05,WhatsApp,628498866486,Pribadi
1776205544412,2026-04-14 22:25:44,Discord,user61806,Server
1776169322412,2026-04-14 12:22:02,Discord,user54026,DM
1776206877412,2026-04-14 22:47:57,Discord,user43528,Server
1776165796412,2026-04-14 11:23:16,Discord,user33504,Server
1776201358412,2026-04-14 21:15:58,Discord,user97376,DM
1776127754412,2026-04-14 00:49:14,Discord,user48483,DM
1776170295412,2026-04-14 12:38:15,Discord,user85049,Server
1776136404412,2026-04-14 03:13:24,Discord,user30105,DM
1776186630412,2026-04-14 17:10:30,Discord,user12761,Server
1776147560412,2026-04-14 06:19:20,Discord,user10454,DM
1776178869412,2026-04-14 15:01:09,Discord,user47540,Server
1776175989412,2026-04-14 14:13:09,Discord,user23,DM
1776208353412,2026-04-14 23:12:33,Discord,user36022,Server
1776128328412,2026-04-14 00:58:48,Discord,user1901,DM
1776150175412,2026-04-14 07:02:55,Discord,user94322,DM
1776140058412,2026-04-14 04:14:18,Discord,user1164,DM
1776136535412,2026-04-14 03:15:35,Discord,user97335,DM
1776129547412,2026-04-14 01:19:07,Discord,user82394,DM
1776154393412,2026-04-14 08:13:13,Discord,user50325,Server
1776191902412,2026-04-14 18:38:22,Discord,user71306,DM
1776171978412,2026-04-14 13:06:18,Discord,user33734,Server
1776173620412,2026-04-14 13:33:40,Discord,user65287,Server
1776166313412,2026-04-14 11:31:53,Discord,user74037,DM
1776188614412,2026-04-14 17:43:34,Discord,user78866,Server
1776126154412,2026-04-14 00:22:34,Discord,user81033,Server
1776163559412,2026-04-14 10:45:59,Discord,user60603,DM
1776197938412,2026-04-14 20:18:58,Discord,user58615,Server
1776128622412,2026-04-14 01:03:42,Discord,user11432,Server
1776179875412,2026-04-14 15:17:55,Discord,user10094,Server
1776138128412,2026-04-14 03:42:08,Discord,user40843,Server
1776181150412,2026-04-14 15:39:10,Discord,user7355,DM
1776172850412,2026-04-14 13:20:50,Discord,user73653,DM
1776183478412,2026-04-14 16:17:58,Discord,user35041,DM
1776126685412,2026-04-14 00:31:25,Discord,user64829,Server
1776131647412,2026-04-14 01:54:07,Discord,user92273,DM
1776163407412,2026-04-14 10:43:27,Discord,user20612,Server
1776158865412,2026-04-14 09:27:45,Discord,user41095,Server
1776200772412,2026-04-14 21:06:12,Discord,user18339,Server
1776136845412,2026-04-14 03:20:45,Discord,user51960,DM
1776192438412,2026-04-14 18:47:18,Discord,user81656,Server
1776134523412,2026-04-14 02:42:03,Discord,user99413,DM
1776155928412,2026-04-14 08:38:48,Discord,user48454,DM
1776149087412,2026-04-14 06:44:47,Discord,user85105,DM
1776172512412,2026-04-14 13:15:12,Discord,user21037,DM
1776236762412,2026-04-15 07:06:02,WhatsApp,628827450714,Grup
1776254414412,2026-04-15 12:00:14,WhatsApp,628322686411,Grup
1776230406412,2026-04-15 05:20:06,WhatsApp,628312973563,Grup
1776252198412,2026-04-15 11:23:18,WhatsApp,628589880857,Grup
1776267581412,2026-04-15 15:39:41,WhatsApp,628713202371,Pribadi
1776279632412,2026-04-15 19:00:32,WhatsApp,628821296354,Grup
1776238640412,2026-04-15 07:37:20,WhatsApp,628392176040,Pribadi
1776246089412,2026-04-15 09:41:29,WhatsApp,62857532877,Grup
1776217443412,2026-04-15 01:44:03,WhatsApp,628311424281,Grup
1776294047412,2026-04-15 23:00:47,WhatsApp,628467870139,Grup
1776278028412,2026-04-15 18:33:48,WhatsApp,628726235725,Grup
1776288225412,2026-04-15 21:23:45,WhatsApp,628107098014,Grup
1776234206412,2026-04-15 06:23:26,WhatsApp,628394252735,Grup
1776220452412,2026-04-15 02:34:12,WhatsApp,628339113361,Grup
1776216950412,2026-04-15 01:35:50,WhatsApp,628670774504,Pribadi
1776280583412,2026-04-15 19:16:23,WhatsApp,628646118685,Grup
1776213929412,2026-04-15 00:45:29,WhatsApp,628604177591,Pribadi
1776280696412,2026-04-15 19:18:16,WhatsApp,628234306757,Grup
1776252733412,2026-04-15 11:32:13,WhatsApp,628977581962,Pribadi
1776242837412,2026-04-15 08:47:17,WhatsApp,628885600719,Grup
1776221208412,2026-04-15 02:46:48,WhatsApp,628316569401,Pribadi
1776283251412,2026-04-15 20:00:51,WhatsApp,628373315382,Grup
1776218533412,2026-04-15 02:02:13,WhatsApp,62824280635,Grup
1776227144412,2026-04-15 04:25:44,WhatsApp,628199386762,Grup
1776246221412,2026-04-15 09:43:41,WhatsApp,628826113391,Pribadi
1776295534412,2026-04-15 23:25:34,WhatsApp,628699230578,Pribadi
1776297187412,2026-04-15 23:53:07,WhatsApp,628688876564,Grup
1776254187412,2026-04-15 11:56:27,WhatsApp,628664805248,Pribadi
1776252580412,2026-04-15 11:29:40,WhatsApp,628272580843,Pribadi
1776234494412,2026-04-15 06:28:14,WhatsApp,628322349839,Pribadi
1776246765412,2026-04-15 09:52:45,WhatsApp,628114836127,Grup
1776289291412,2026-04-15 21:41:31,WhatsApp,628507992344,Grup
1776266136412,2026-04-15 15:15:36,WhatsApp,628612456556,Grup
1776294068412,2026-04-15 23:01:08,WhatsApp,628798627081,Grup
1776219105412,2026-04-15 02:11:45,WhatsApp,628521774508,Pribadi
1776292001412,2026-04-15 22:26:41,WhatsApp,628566091791,Pribadi
1776235626412,2026-04-15 06:47:06,WhatsApp,628663582893,Grup
1776256873412,2026-04-15 12:41:13,WhatsApp,628208995198,Grup
1776275090412,2026-04-15 17:44:50,WhatsApp,628910147164,Grup
1776274561412,2026-04-15 17:36:01,WhatsApp,628796341780,Grup
1776235312412,2026-04-15 06:41:52,WhatsApp,628273769898,Grup
1776263572412,2026-04-15 14:32:52,WhatsApp,628587140653,Grup
1776292233412,2026-04-15 22:30:33,WhatsApp,628728990356,Pribadi
1776227729412,2026-04-15 04:35:29,WhatsApp,628302550743,Grup
1776223448412,2026-04-15 03:24:08,WhatsApp,628677914272,Grup
1776259070412,2026-04-15 13:17:50,WhatsApp,628376122333,Grup
1776250771412,2026-04-15 10:59:31,WhatsApp,628126000008,Pribadi
1776276048412,2026-04-15 18:00:48,WhatsApp,628133843187,Grup
1776294007412,2026-04-15 23:00:07,WhatsApp,628925421919,Pribadi
1776224615412,2026-04-15 03:43:35,WhatsApp,628297725837,Grup
1776258693412,2026-04-15 13:11:33,WhatsApp,628737713245,Pribadi
1776213505412,2026-04-15 00:38:25,WhatsApp,628651531381,Grup
1776288588412,2026-04-15 21:29:48,WhatsApp,62816484355,Pribadi
1776254071412,2026-04-15 11:54:31,WhatsApp,628994418284,Pribadi
1776216133412,2026-04-15 01:22:13,WhatsApp,628925866263,Grup
1776250672412,2026-04-15 10:57:52,WhatsApp,628901168150,Pribadi
1776234657412,2026-04-15 06:30:57,WhatsApp,628225529613,Pribadi
1776270769412,2026-04-15 16:32:49,WhatsApp,628294434656,Grup
1776243033412,2026-04-15 08:50:33,WhatsApp,628881418860,Pribadi
1776270261412,2026-04-15 16:24:21,WhatsApp,628101204064,Grup
1776268773412,2026-04-15 15:59:33,WhatsApp,62812599191,Pribadi
1776250495412,2026-04-15 10:54:55,WhatsApp,628871711436,Grup
1776280066412,2026-04-15 19:07:46,WhatsApp,628951514648,Pribadi
1776229561412,2026-04-15 05:06:01,WhatsApp,62853427131,Pribadi
1776275325412,2026-04-15 17:48:45,WhatsApp,628129045782,Grup
1776254492412,2026-04-15 12:01:32,WhatsApp,628191046597,Grup
1776231334412,2026-04-15 05:35:34,WhatsApp,628377756526,Grup
1776223967412,2026-04-15 03:32:47,WhatsApp,628238760618,Grup
1776239953412,2026-04-15 07:59:13,WhatsApp,628856334287,Pribadi
1776238330412,2026-04-15 07:32:10,WhatsApp,628825027553,Pribadi
1776283847412,2026-04-15 20:10:47,WhatsApp,628634640102,Pribadi
1776253786412,2026-04-15 11:49:46,WhatsApp,628161211025,Grup
1776272792412,2026-04-15 17:06:32,WhatsApp,628806757383,Pribadi
1776281287412,2026-04-15 19:28:07,WhatsApp,628481355043,Grup
1776269482412,2026-04-15 16:11:22,WhatsApp,62884348991,Grup
1776274788412,2026-04-15 17:39:48,WhatsApp,628166240796,Pribadi
1776237762412,2026-04-15 07:22:42,WhatsApp,628559459594,Pribadi
1776229908412,2026-04-15 05:11:48,WhatsApp,628100642484,Grup
1776278165412,2026-04-15 18:36:05,WhatsApp,628862086995,Pribadi
1776283367412,2026-04-15 20:02:47,WhatsApp,62874378503,Grup
1776231314412,2026-04-15 05:35:14,WhatsApp,62843696872,Grup
1776212349412,2026-04-15 00:19:09,WhatsApp,628886398190,Pribadi
1776265576412,2026-04-15 15:06:16,WhatsApp,628854482344,Grup
1776224646412,2026-04-15 03:44:06,WhatsApp,628685018470,Grup
1776290504412,2026-04-15 22:01:44,WhatsApp,628507678345,Grup
1776267765412,2026-04-15 15:42:45,WhatsApp,62812354524,Grup
1776282854412,2026-04-15 19:54:14,WhatsApp,628620568946,Pribadi
1776261943412,2026-04-15 14:05:43,WhatsApp,628651607027,Grup
1776236416412,2026-04-15 07:00:16,WhatsApp,628336690116,Grup
1776290416412,2026-04-15 22:00:16,WhatsApp,628453524571,Grup
1776238051412,2026-04-15 07:27:31,WhatsApp,628430958496,Pribadi
1776251068412,2026-04-15 11:04:28,WhatsApp,628118090137,Grup
1776231965412,2026-04-15 05:46:05,WhatsApp,628651399680,Pribadi
1776226885412,2026-04-15 04:21:25,WhatsApp,628183699288,Pribadi
1776220033412,2026-04-15 02:27:13,WhatsApp,628709049327,Pribadi
1776259632412,2026-04-15 13:27:12,WhatsApp,628313025868,Pribadi
1776224564412,2026-04-15 03:42:44,WhatsApp,628678053799,Grup
1776286175412,2026-04-15 20:49:35,WhatsApp,628411967727,Pribadi
1776265904412,2026-04-15 15:11:44,WhatsApp,628322618338,Grup
1776234678412,2026-04-15 06:31:18,WhatsApp,628822789705,Grup
1776274011412,2026-04-15 17:26:51,WhatsApp,628530460300,Grup
1776251466412,2026-04-15 11:11:06,WhatsApp,628926652678,Grup
1776296211412,2026-04-15 23:36:51,WhatsApp,62869121652,Grup
1776242753412,2026-04-15 08:45:53,WhatsApp,628197281130,Grup
1776255271412,2026-04-15 12:14:31,WhatsApp,628650046519,Pribadi
1776261231412,2026-04-15 13:53:51,WhatsApp,628448755885,Grup
1776229370412,2026-04-15 05:02:50,WhatsApp,628729479534,Grup
1776233614412,2026-04-15 06:13:34,WhatsApp,628648435278,Grup
1776295401412,2026-04-15 23:23:21,WhatsApp,62842256834,Pribadi
1776217751412,2026-04-15 01:49:11,WhatsApp,628922733423,Pribadi
1776290652412,2026-04-15 22:04:12,WhatsApp,628141220836,Pribadi
1776292677412,2026-04-15 22:37:57,WhatsApp,628159695778,Pribadi
1776273365412,2026-04-15 17:16:05,WhatsApp,62836605744,Pribadi
1776245326412,2026-04-15 09:28:46,WhatsApp,628408875542,Pribadi
1776297054412,2026-04-15 23:50:54,WhatsApp,628696136087,Grup
1776273788412,2026-04-15 17:23:08,WhatsApp,628352639526,Grup
1776260271412,2026-04-15 13:37:51,WhatsApp,628112106253,Grup
1776289921412,2026-04-15 21:52:01,WhatsApp,628637993076,Grup
1776213911412,2026-04-15 00:45:11,WhatsApp,628511359388,Grup
1776281076412,2026-04-15 19:24:36,WhatsApp,628590170755,Pribadi
1776296927412,2026-04-15 23:48:47,WhatsApp,628722606941,Pribadi
1776215632412,2026-04-15 01:13:52,WhatsApp,62817501422,Pribadi
1776249309412,2026-04-15 10:35:09,WhatsApp,628224885202,Grup
1776222047412,2026-04-15 03:00:47,WhatsApp,628475372708,Grup
1776250731412,2026-04-15 10:58:51,WhatsApp,628237958219,Grup
1776225754412,2026-04-15 04:02:34,WhatsApp,628643130505,Grup
1776270317412,2026-04-15 16:25:17,WhatsApp,628230999910,Grup
1776286971412,2026-04-15 21:02:51,WhatsApp,628879287255,Pribadi
1776293779412,2026-04-15 22:56:19,WhatsApp,628702631028,Grup
1776294791412,2026-04-15 23:13:11,WhatsApp,628121485633,Grup
1776257573412,2026-04-15 12:52:53,WhatsApp,628156377756,Grup
1776233106412,2026-04-15 06:05:06,WhatsApp,628533993819,Pribadi
1776294543412,2026-04-15 23:09:03,WhatsApp,628556581622,Grup
1776294345412,2026-04-15 23:05:45,WhatsApp,628446873369,Pribadi
1776267672412,2026-04-15 15:41:12,WhatsApp,62846116951,Pribadi
1776296282412,2026-04-15 23:38:02,WhatsApp,628217169106,Grup
1776294744412,2026-04-15 23:12:24,WhatsApp,628425922679,Grup
1776227227412,2026-04-15 04:27:07,WhatsApp,62870493792,Grup
1776220159412,2026-04-15 02:29:19,WhatsApp,628827603315,Pribadi
1776213059412,2026-04-15 00:30:59,WhatsApp,628100210419,Pribadi
1776232446412,2026-04-15 05:54:06,WhatsApp,62826694953,Pribadi
1776279901412,2026-04-15 19:05:01,WhatsApp,628892310412,Grup
1776271307412,2026-04-15 16:41:47,WhatsApp,628518181080,Grup
1776255644412,2026-04-15 12:20:44,WhatsApp,628252218354,Pribadi
1776232442412,2026-04-15 05:54:02,WhatsApp,628377810199,Grup
1776282297412,2026-04-15 19:44:57,Discord,user34760,DM
1776294370412,2026-04-15 23:06:10,Discord,user67893,Server
1776268940412,2026-04-15 16:02:20,Discord,user73841,Server
1776271079412,2026-04-15 16:37:59,Discord,user1384,DM
1776247028412,2026-04-15 09:57:08,Discord,user54188,DM
1776245446412,2026-04-15 09:30:46,Discord,user96987,Server
1776237918412,2026-04-15 07:25:18,Discord,user21749,Server
1776230247412,2026-04-15 05:17:27,Discord,user65248,DM
1776278262412,2026-04-15 18:37:42,Discord,user816,Server
1776283185412,2026-04-15 19:59:45,Discord,user61603,DM
1776225394412,2026-04-15 03:56:34,Discord,user12241,DM
1776251656412,2026-04-15 11:14:16,Discord,user83855,Server
1776276780412,2026-04-15 18:13:00,Discord,user41618,Server
1776245750412,2026-04-15 09:35:50,Discord,user29141,DM
1776239840412,2026-04-15 07:57:20,Discord,user34007,DM
1776257837412,2026-04-15 12:57:17,Discord,user68339,Server
1776218596412,2026-04-15 02:03:16,Discord,user6579,Server
1776261104412,2026-04-15 13:51:44,Discord,user5227,Server
1776244828412,2026-04-15 09:20:28,Discord,user31059,DM
1776211765412,2026-04-15 00:09:25,Discord,user65744,Server
1776274934412,2026-04-15 17:42:14,Discord,user4022,Server
1776278516412,2026-04-15 18:41:56,Discord,user64079,Server
1776218998412,2026-04-15 02:09:58,Discord,user16093,DM
1776228146412,2026-04-15 04:42:26,Discord,user36819,Server
1776219720412,2026-04-15 02:22:00,Discord,user41788,DM
1776236843412,2026-04-15 07:07:23,Discord,user4292,DM
1776227142412,2026-04-15 04:25:42,Discord,user44113,Server
1776243791412,2026-04-15 09:03:11,Discord,user9868,Server
1776214986412,2026-04-15 01:03:06,Discord,user12281,DM
1776222921412,2026-04-15 03:15:21,Discord,user58825,Server
1776221307412,2026-04-15 02:48:27,Discord,user26888,DM
1776271759412,2026-04-15 16:49:19,Discord,user74080,Server
1776222838412,2026-04-15 03:13:58,Discord,user48361,DM
1776291617412,2026-04-15 22:20:17,Discord,user57976,DM
1776213676412,2026-04-15 00:41:16,Discord,user17203,DM
1776275132412,2026-04-15 17:45:32,Discord,user48851,Server
1776222004412,2026-04-15 03:00:04,Discord,user36104,Server
1776282935412,2026-04-15 19:55:35,Discord,user50371,DM
1776279870412,2026-04-15 19:04:30,Discord,user38314,DM
1776218903412,2026-04-15 02:08:23,Discord,user55186,Server
1776226334412,2026-04-15 04:12:14,Discord,user55571,DM
1776260001412,2026-04-15 13:33:21,Discord,user52021,DM
1776252023412,2026-04-15 11:20:23,Discord,user8312,Server
1776224177412,2026-04-15 03:36:17,Discord,user902,DM
1776241850412,2026-04-15 08:30:50,Discord,user41467,Server
1776377497412,2026-04-16 22:11:37,WhatsApp,628720719657,Grup
1776339563412,2026-04-16 11:39:23,WhatsApp,628842170225,Pribadi
1776301521412,2026-04-16 01:05:21,WhatsApp,628459950639,Grup
1776352844412,2026-04-16 15:20:44,WhatsApp,628230368513,Grup
1776299960412,2026-04-16 00:39:20,WhatsApp,628579318066,Grup
1776305777412,2026-04-16 02:16:17,WhatsApp,628297575956,Pribadi
1776374629412,2026-04-16 21:23:49,WhatsApp,62846615171,Grup
1776357117412,2026-04-16 16:31:57,WhatsApp,628782233699,Grup
1776336736412,2026-04-16 10:52:16,WhatsApp,628179640295,Grup
1776349305412,2026-04-16 14:21:45,WhatsApp,62855531223,Grup
1776368248412,2026-04-16 19:37:28,WhatsApp,628228837326,Grup
1776303831412,2026-04-16 01:43:51,WhatsApp,628816640864,Pribadi
1776365426412,2026-04-16 18:50:26,WhatsApp,628273759395,Grup
1776381884412,2026-04-16 23:24:44,WhatsApp,628480206960,Pribadi
1776317707412,2026-04-16 05:35:07,WhatsApp,628513821226,Grup
1776354316412,2026-04-16 15:45:16,WhatsApp,628566571465,Pribadi
1776331948412,2026-04-16 09:32:28,WhatsApp,628659797908,Grup
1776349802412,2026-04-16 14:30:02,WhatsApp,62838256605,Grup
1776362692412,2026-04-16 18:04:52,WhatsApp,628272864182,Pribadi
1776316148412,2026-04-16 05:09:08,WhatsApp,628552080190,Grup
1776340284412,2026-04-16 11:51:24,WhatsApp,628379402633,Grup
1776350884412,2026-04-16 14:48:04,WhatsApp,628702255127,Pribadi
1776383021412,2026-04-16 23:43:41,WhatsApp,628345323154,Grup
1776352259412,2026-04-16 15:10:59,WhatsApp,628702206686,Pribadi
1776311379412,2026-04-16 03:49:39,WhatsApp,628606592089,Grup
1776380367412,2026-04-16 22:59:27,WhatsApp,628416244596,Grup
1776304353412,2026-04-16 01:52:33,WhatsApp,62817513733,Pribadi
1776298556412,2026-04-16 00:15:56,WhatsApp,628710791765,Pribadi
1776323652412,2026-04-16 07:14:12,WhatsApp,628414045732,Pribadi
1776349485412,2026-04-16 14:24:45,WhatsApp,628956376554,Pribadi
1776327982412,2026-04-16 08:26:22,WhatsApp,628990196232,Grup
1776340606412,2026-04-16 11:56:46,WhatsApp,62865826083,Grup
1776342968412,2026-04-16 12:36:08,WhatsApp,62893291572,Pribadi
1776336453412,2026-04-16 10:47:33,WhatsApp,62857130948,Grup
1776360350412,2026-04-16 17:25:50,WhatsApp,628856251454,Grup
1776308160412,2026-04-16 02:56:00,WhatsApp,628964381922,Pribadi
1776303182412,2026-04-16 01:33:02,WhatsApp,628215215985,Grup
1776311331412,2026-04-16 03:48:51,WhatsApp,628108839173,Grup
1776323500412,2026-04-16 07:11:40,WhatsApp,628823196675,Pribadi
1776299084412,2026-04-16 00:24:44,WhatsApp,628825189613,Pribadi
1776383232412,2026-04-16 23:47:12,WhatsApp,628811298608,Grup
1776311628412,2026-04-16 03:53:48,WhatsApp,628884544895,Pribadi
1776337033412,2026-04-16 10:57:13,WhatsApp,628296473391,Grup
1776359689412,2026-04-16 17:14:49,WhatsApp,628476032086,Pribadi
1776353460412,2026-04-16 15:31:00,WhatsApp,628670761498,Grup
1776367522412,2026-04-16 19:25:22,WhatsApp,628335586142,Grup
1776334002412,2026-04-16 10:06:42,WhatsApp,628401118192,Grup
1776379249412,2026-04-16 22:40:49,WhatsApp,628816598517,Grup
1776313833412,2026-04-16 04:30:33,WhatsApp,628150866010,Grup
1776334210412,2026-04-16 10:10:10,WhatsApp,62895929661,Pribadi
1776333125412,2026-04-16 09:52:05,WhatsApp,628890121530,Pribadi
1776356954412,2026-04-16 16:29:14,WhatsApp,628466966652,Grup
1776368370412,2026-04-16 19:39:30,WhatsApp,628877106889,Grup
1776325009412,2026-04-16 07:36:49,WhatsApp,628421147435,Pribadi
1776306520412,2026-04-16 02:28:40,WhatsApp,628538192991,Pribadi
1776314974412,2026-04-16 04:49:34,WhatsApp,628647571930,Pribadi
1776320839412,2026-04-16 06:27:19,WhatsApp,628957387817,Grup
1776359844412,2026-04-16 17:17:24,WhatsApp,628917348807,Pribadi
1776304538412,2026-04-16 01:55:38,WhatsApp,628799304237,Grup
1776304045412,2026-04-16 01:47:25,WhatsApp,628509252239,Grup
1776302663412,2026-04-16 01:24:23,WhatsApp,628707538632,Grup
1776378574412,2026-04-16 22:29:34,WhatsApp,628861106931,Pribadi
1776365866412,2026-04-16 18:57:46,WhatsApp,628996303849,Pribadi
1776351688412,2026-04-16 15:01:28,WhatsApp,62840636488,Grup
1776332765412,2026-04-16 09:46:05,WhatsApp,628294162224,Grup
1776360530412,2026-04-16 17:28:50,WhatsApp,62834685579,Pribadi
1776313221412,2026-04-16 04:20:21,WhatsApp,628761694872,Pribadi
1776336408412,2026-04-16 10:46:48,WhatsApp,628848270708,Grup
1776313661412,2026-04-16 04:27:41,WhatsApp,628216753438,Pribadi
1776300998412,2026-04-16 00:56:38,WhatsApp,62814437083,Grup
1776314801412,2026-04-16 04:46:41,WhatsApp,628117661412,Grup
1776334484412,2026-04-16 10:14:44,WhatsApp,628322241890,Pribadi
1776325167412,2026-04-16 07:39:27,WhatsApp,628593921158,Pribadi
1776363001412,2026-04-16 18:10:01,WhatsApp,62894762333,Pribadi
1776351852412,2026-04-16 15:04:12,WhatsApp,628207028878,Grup
1776320608412,2026-04-16 06:23:28,WhatsApp,628881564477,Pribadi
1776362507412,2026-04-16 18:01:47,WhatsApp,628987170998,Grup
1776361519412,2026-04-16 17:45:19,WhatsApp,628594257772,Pribadi
1776311839412,2026-04-16 03:57:19,WhatsApp,628640501580,Pribadi
1776362004412,2026-04-16 17:53:24,WhatsApp,62836872799,Pribadi
1776382710412,2026-04-16 23:38:30,WhatsApp,628241994093,Pribadi
1776325952412,2026-04-16 07:52:32,WhatsApp,628639086845,Pribadi
1776353731412,2026-04-16 15:35:31,WhatsApp,628166725786,Grup
1776368328412,2026-04-16 19:38:48,WhatsApp,628386475171,Pribadi
1776367285412,2026-04-16 19:21:25,WhatsApp,628199310640,Grup
1776312236412,2026-04-16 04:03:56,WhatsApp,628322816279,Grup
1776302564412,2026-04-16 01:22:44,WhatsApp,628503696121,Grup
1776317530412,2026-04-16 05:32:10,WhatsApp,628343765501,Grup
1776354546412,2026-04-16 15:49:06,WhatsApp,628986276516,Grup
1776356776412,2026-04-16 16:26:16,WhatsApp,628585357004,Grup
1776303598412,2026-04-16 01:39:58,WhatsApp,628835389388,Pribadi
1776369678412,2026-04-16 20:01:18,WhatsApp,628614750290,Grup
1776303766412,2026-04-16 01:42:46,WhatsApp,628780857734,Grup
1776352200412,2026-04-16 15:10:00,WhatsApp,628765584003,Grup
1776366513412,2026-04-16 19:08:33,WhatsApp,628248082035,Pribadi
1776322801412,2026-04-16 07:00:01,WhatsApp,628120555149,Grup
1776334128412,2026-04-16 10:08:48,WhatsApp,628224406432,Grup
1776361699412,2026-04-16 17:48:19,WhatsApp,628242040410,Grup
1776381855412,2026-04-16 23:24:15,WhatsApp,628314326893,Pribadi
1776327384412,2026-04-16 08:16:24,WhatsApp,62841406171,Pribadi
1776369547412,2026-04-16 19:59:07,WhatsApp,628265868398,Grup
1776372531412,2026-04-16 20:48:51,WhatsApp,628138428947,Grup
1776301932412,2026-04-16 01:12:12,WhatsApp,628546018405,Grup
1776370186412,2026-04-16 20:09:46,WhatsApp,628633529313,Grup
1776363636412,2026-04-16 18:20:36,WhatsApp,628699388299,Pribadi
1776338961412,2026-04-16 11:29:21,WhatsApp,62879850903,Grup
1776378412412,2026-04-16 22:26:52,WhatsApp,628911328732,Grup
1776367826412,2026-04-16 19:30:26,WhatsApp,628221883748,Grup
1776371133412,2026-04-16 20:25:33,WhatsApp,628451093361,Grup
1776299941412,2026-04-16 00:39:01,WhatsApp,628347418486,Pribadi
1776376310412,2026-04-16 21:51:50,WhatsApp,628359834313,Grup
1776316422412,2026-04-16 05:13:42,WhatsApp,628635248695,Pribadi
1776307485412,2026-04-16 02:44:45,WhatsApp,62865423620,Grup
1776360920412,2026-04-16 17:35:20,WhatsApp,628833831466,Grup
1776307058412,2026-04-16 02:37:38,WhatsApp,628569822542,Grup
1776336209412,2026-04-16 10:43:29,WhatsApp,628681533466,Grup
1776373245412,2026-04-16 21:00:45,WhatsApp,628370460336,Pribadi
1776339136412,2026-04-16 11:32:16,WhatsApp,628376433875,Pribadi
1776346014412,2026-04-16 13:26:54,WhatsApp,628151585341,Grup
1776361349412,2026-04-16 17:42:29,WhatsApp,628112055328,Pribadi
1776376728412,2026-04-16 21:58:48,WhatsApp,62813995928,Grup
1776335513412,2026-04-16 10:31:53,WhatsApp,628867131577,Grup
1776319157412,2026-04-16 05:59:17,WhatsApp,628914950494,Grup
1776353878412,2026-04-16 15:37:58,WhatsApp,62828897686,Grup
1776368352412,2026-04-16 19:39:12,WhatsApp,628278355732,Grup
1776311207412,2026-04-16 03:46:47,WhatsApp,628422846219,Grup
1776348478412,2026-04-16 14:07:58,WhatsApp,628971284388,Grup
1776354327412,2026-04-16 15:45:27,WhatsApp,628840833798,Grup
1776374806412,2026-04-16 21:26:46,WhatsApp,628911349670,Pribadi
1776305085412,2026-04-16 02:04:45,WhatsApp,628141296833,Pribadi
1776307214412,2026-04-16 02:40:14,WhatsApp,628286300675,Pribadi
1776359093412,2026-04-16 17:04:53,WhatsApp,628154114018,Grup
1776378254412,2026-04-16 22:24:14,WhatsApp,628225947218,Grup
1776367050412,2026-04-16 19:17:30,WhatsApp,628552855458,Grup
1776317756412,2026-04-16 05:35:56,Discord,user15467,DM
1776362432412,2026-04-16 18:00:32,Discord,user19319,DM
1776333735412,2026-04-16 10:02:15,Discord,user5225,Server
1776361793412,2026-04-16 17:49:53,Discord,user12726,DM
1776323512412,2026-04-16 07:11:52,Discord,user18797,Server
1776324305412,2026-04-16 07:25:05,Discord,user36006,Server
1776383823412,2026-04-16 23:57:03,Discord,user78956,DM
1776367253412,2026-04-16 19:20:53,Discord,user94070,DM
1776351164412,2026-04-16 14:52:44,Discord,user20651,DM
1776340244412,2026-04-16 11:50:44,Discord,user2946,Server
1776343769412,2026-04-16 12:49:29,Discord,user18476,Server
1776346928412,2026-04-16 13:42:08,Discord,user20223,DM
1776315087412,2026-04-16 04:51:27,Discord,user54710,DM
1776366906412,2026-04-16 19:15:06,Discord,user79355,DM
1776367320412,2026-04-16 19:22:00,Discord,user98376,DM
1776355013412,2026-04-16 15:56:53,Discord,user61241,DM
1776313683412,2026-04-16 04:28:03,Discord,user51138,Server
1776319209412,2026-04-16 06:00:09,Discord,user98466,Server
1776323120412,2026-04-16 07:05:20,Discord,user22996,DM
1776334153412,2026-04-16 10:09:13,Discord,user20533,DM
1776322124412,2026-04-16 06:48:44,Discord,user42471,Server
1776360457412,2026-04-16 17:27:37,Discord,user43823,DM
1776314796412,2026-04-16 04:46:36,Discord,user86373,DM
1776333572412,2026-04-16 09:59:32,Discord,user26030,DM
1776305815412,2026-04-16 02:16:55,Discord,user54448,Server
1776378892412,2026-04-16 22:34:52,Discord,user40111,Server
1776381730412,2026-04-16 23:22:10,Discord,user31958,Server
1776377639412,2026-04-16 22:13:59,Discord,user39244,Server
1776342210412,2026-04-16 12:23:30,Discord,user70503,DM
1776356390412,2026-04-16 16:19:50,Discord,user53487,Server
1776310953412,2026-04-16 03:42:33,Discord,user58862,DM
1776351127412,2026-04-16 14:52:07,Discord,user96575,Server
1776328602412,2026-04-16 08:36:42,Discord,user86165,DM
1776373464412,2026-04-16 21:04:24,Discord,user37088,DM
1776334824412,2026-04-16 10:20:24,Discord,user15727,DM
1776346241412,2026-04-16 13:30:41,Discord,user22609,Server
1776304396412,2026-04-16 01:53:16,Discord,user87445,DM
1776305619412,2026-04-16 02:13:39,Discord,user22345,Server
1776375894412,2026-04-16 21:44:54,Discord,user19323,DM
1776319199412,2026-04-16 05:59:59,Discord,user62468,Server
1776362952412,2026-04-16 18:09:12,Discord,user6924,DM
1776328414412,2026-04-16 08:33:34,Discord,user15993,Server
1776334902412,2026-04-16 10:21:42,Discord,user89530,Server
1776352536412,2026-04-16 15:15:36,Discord,user716,Server
1776301748412,2026-04-16 01:09:08,Discord,user43881,DM
1776430808412,2026-04-17 13:00:08,WhatsApp,628903410313,Pribadi
1776447147412,2026-04-17 17:32:27,WhatsApp,628934149555,Grup
1776418630412,2026-04-17 09:37:10,WhatsApp,628246233130,Pribadi
1776464938412,2026-04-17 22:28:58,WhatsApp,628736268615,Grup
1776465945412,2026-04-17 22:45:45,WhatsApp,628443792577,Pribadi
1776409202412,2026-04-17 07:00:02,WhatsApp,62854374226,Pribadi
1776416506412,2026-04-17 09:01:46,WhatsApp,628450885704,Grup
1776463425412,2026-04-17 22:03:45,WhatsApp,628600351036,Grup
1776452458412,2026-04-17 19:00:58,WhatsApp,628722825953,Grup
1776459154412,2026-04-17 20:52:34,WhatsApp,628116829859,Grup
1776408040412,2026-04-17 06:40:40,WhatsApp,628387490797,Pribadi
1776418856412,2026-04-17 09:40:56,WhatsApp,628210634505,Grup
1776467340412,2026-04-17 23:09:00,WhatsApp,628350577389,Pribadi
1776450927412,2026-04-17 18:35:27,WhatsApp,628680491087,Pribadi
1776389214412,2026-04-17 01:26:54,WhatsApp,62832208058,Pribadi
1776403592412,2026-04-17 05:26:32,WhatsApp,628193456130,Pribadi
1776438026412,2026-04-17 15:00:26,WhatsApp,628994121416,Pribadi
1776427386412,2026-04-17 12:03:06,WhatsApp,628103293001,Grup
1776467688412,2026-04-17 23:14:48,WhatsApp,628169412873,Grup
1776414823412,2026-04-17 08:33:43,WhatsApp,62836154561,Grup
1776440187412,2026-04-17 15:36:27,WhatsApp,628593056650,Pribadi
1776398476412,2026-04-17 04:01:16,WhatsApp,62819725050,Grup
1776399497412,2026-04-17 04:18:17,WhatsApp,628566110027,Grup
1776446974412,2026-04-17 17:29:34,WhatsApp,628642704265,Pribadi
1776425393412,2026-04-17 11:29:53,WhatsApp,628287642297,Grup
1776437518412,2026-04-17 14:51:58,WhatsApp,628524578650,Grup
1776438554412,2026-04-17 15:09:14,WhatsApp,628879503350,Pribadi
1776467899412,2026-04-17 23:18:19,WhatsApp,628533851228,Grup
1776438380412,2026-04-17 15:06:20,WhatsApp,628575473853,Pribadi
1776427288412,2026-04-17 12:01:28,WhatsApp,628171944777,Pribadi
1776450815412,2026-04-17 18:33:35,WhatsApp,62862296981,Grup
1776440390412,2026-04-17 15:39:50,WhatsApp,628367105041,Grup
1776435048412,2026-04-17 14:10:48,WhatsApp,628713197765,Pribadi
1776448867412,2026-04-17 18:01:07,WhatsApp,628962851283,Pribadi
1776407265412,2026-04-17 06:27:45,WhatsApp,628236359214,Pribadi
1776466440412,2026-04-17 22:54:00,WhatsApp,628808053163,Grup
1776406417412,2026-04-17 06:13:37,WhatsApp,628321363368,Grup
1776457474412,2026-04-17 20:24:34,WhatsApp,628300385843,Grup
1776468150412,2026-04-17 23:22:30,WhatsApp,628632063094,Grup
1776387583412,2026-04-17 00:59:43,WhatsApp,628679791949,Pribadi
1776434888412,2026-04-17 14:08:08,WhatsApp,628975339866,Pribadi
1776453283412,2026-04-17 19:14:43,WhatsApp,628611291785,Pribadi
1776467021412,2026-04-17 23:03:41,WhatsApp,628752378919,Grup
1776392169412,2026-04-17 02:16:09,WhatsApp,628298574768,Grup
1776448305412,2026-04-17 17:51:45,WhatsApp,628344248546,Grup
1776404295412,2026-04-17 05:38:15,WhatsApp,628941538488,Grup
1776424071412,2026-04-17 11:07:51,WhatsApp,628517892452,Grup
1776385649412,2026-04-17 00:27:29,WhatsApp,628525147886,Pribadi
1776390224412,2026-04-17 01:43:44,WhatsApp,628884684161,Grup
1776458139412,2026-04-17 20:35:39,WhatsApp,628411853470,Grup
1776418561412,2026-04-17 09:36:01,WhatsApp,628980317333,Pribadi
1776428227412,2026-04-17 12:17:07,WhatsApp,628735518119,Grup
1776406453412,2026-04-17 06:14:13,WhatsApp,628722876883,Pribadi
1776411854412,2026-04-17 07:44:14,WhatsApp,628883556926,Grup
1776386026412,2026-04-17 00:33:46,WhatsApp,6281510050,Grup
1776444650412,2026-04-17 16:50:50,WhatsApp,628507580483,Grup
1776409597412,2026-04-17 07:06:37,WhatsApp,628835952498,Grup
1776429855412,2026-04-17 12:44:15,WhatsApp,628288733589,Grup
1776449653412,2026-04-17 18:14:13,WhatsApp,628489205957,Pribadi
1776391204412,2026-04-17 02:00:04,WhatsApp,62813646867,Pribadi
1776396135412,2026-04-17 03:22:15,WhatsApp,628896209960,Grup
1776452168412,2026-04-17 18:56:08,WhatsApp,62836641736,Pribadi
1776464705412,2026-04-17 22:25:05,WhatsApp,628671288636,Grup
1776453241412,2026-04-17 19:14:01,WhatsApp,6285599639,Pribadi
1776397600412,2026-04-17 03:46:40,WhatsApp,628759564360,Grup
1776449859412,2026-04-17 18:17:39,WhatsApp,628774757658,Pribadi
1776388193412,2026-04-17 01:09:53,WhatsApp,628564628667,Grup
1776467960412,2026-04-17 23:19:20,WhatsApp,628486949851,Pribadi
1776407170412,2026-04-17 06:26:10,WhatsApp,628252705766,Grup
1776424336412,2026-04-17 11:12:16,WhatsApp,628989394698,Grup
1776398400412,2026-04-17 04:00:00,WhatsApp,628746407529,Grup
1776444474412,2026-04-17 16:47:54,WhatsApp,628283975092,Pribadi
1776458119412,2026-04-17 20:35:19,WhatsApp,628959697579,Grup
1776463267412,2026-04-17 22:01:07,WhatsApp,628831707099,Pribadi
1776407959412,2026-04-17 06:39:19,WhatsApp,628922280149,Grup
1776422592412,2026-04-17 10:43:12,WhatsApp,628659759385,Pribadi
1776464343412,2026-04-17 22:19:03,WhatsApp,628672058957,Grup
1776404181412,2026-04-17 05:36:21,WhatsApp,62856478873,Grup
1776468444412,2026-04-17 23:27:24,WhatsApp,62854151248,Grup
1776385886412,2026-04-17 00:31:26,WhatsApp,628109059699,Grup
1776431740412,2026-04-17 13:15:40,WhatsApp,628137556273,Pribadi
1776465406412,2026-04-17 22:36:46,WhatsApp,628587540506,Grup
1776400579412,2026-04-17 04:36:19,WhatsApp,628445834996,Pribadi
1776443477412,2026-04-17 16:31:17,WhatsApp,628398580739,Grup
1776411569412,2026-04-17 07:39:29,WhatsApp,628809855856,Grup
1776456302412,2026-04-17 20:05:02,WhatsApp,628908028408,Grup
1776428649412,2026-04-17 12:24:09,WhatsApp,628655569599,Grup
1776421149412,2026-04-17 10:19:09,WhatsApp,628210679380,Grup
1776426759412,2026-04-17 11:52:39,WhatsApp,628845709431,Grup
1776385412412,2026-04-17 00:23:32,WhatsApp,628967758454,Pribadi
1776449960412,2026-04-17 18:19:20,WhatsApp,628488522429,Pribadi
1776459362412,2026-04-17 20:56:02,WhatsApp,628229460221,Grup
1776451839412,2026-04-17 18:50:39,WhatsApp,628989220120,Grup
1776426168412,2026-04-17 11:42:48,WhatsApp,628678650966,Grup
1776408784412,2026-04-17 06:53:04,WhatsApp,628435281873,Grup
1776465453412,2026-04-17 22:37:33,WhatsApp,62833802340,Pribadi
1776458613412,2026-04-17 20:43:33,WhatsApp,628782114665,Pribadi
1776433184412,2026-04-17 13:39:44,WhatsApp,62818128735,Pribadi
1776422695412,2026-04-17 10:44:55,WhatsApp,628223915348,Grup
1776401497412,2026-04-17 04:51:37,WhatsApp,628521561240,Grup
1776401498412,2026-04-17 04:51:38,WhatsApp,628427469110,Pribadi
1776449581412,2026-04-17 18:13:01,WhatsApp,628408127614,Grup
1776466124412,2026-04-17 22:48:44,WhatsApp,628126127554,Pribadi
1776432920412,2026-04-17 13:35:20,WhatsApp,628850990933,Grup
1776438060412,2026-04-17 15:01:00,WhatsApp,628950771671,Pribadi
1776396824412,2026-04-17 03:33:44,WhatsApp,628634420833,Grup
1776443323412,2026-04-17 16:28:43,WhatsApp,628577762266,Pribadi
1776425321412,2026-04-17 11:28:41,WhatsApp,6285035582,Pribadi
1776426690412,2026-04-17 11:51:30,WhatsApp,628643929188,Grup
1776390223412,2026-04-17 01:43:43,WhatsApp,628119932851,Pribadi
1776403070412,2026-04-17 05:17:50,WhatsApp,628125027997,Pribadi
1776384274412,2026-04-17 00:04:34,WhatsApp,628117331571,Pribadi
1776417676412,2026-04-17 09:21:16,WhatsApp,62830860711,Pribadi
1776395896412,2026-04-17 03:18:16,WhatsApp,628688738774,Grup
1776413523412,2026-04-17 08:12:03,WhatsApp,628616939834,Grup
1776446353412,2026-04-17 17:19:13,WhatsApp,628418489984,Pribadi
1776385946412,2026-04-17 00:32:26,WhatsApp,628530427480,Grup
1776437532412,2026-04-17 14:52:12,WhatsApp,628132671283,Grup
1776465701412,2026-04-17 22:41:41,WhatsApp,628268065119,Grup
1776402108412,2026-04-17 05:01:48,WhatsApp,628160249788,Pribadi
1776423846412,2026-04-17 11:04:06,WhatsApp,628113273232,Grup
1776411399412,2026-04-17 07:36:39,WhatsApp,628323407964,Pribadi
1776417231412,2026-04-17 09:13:51,WhatsApp,628326972106,Pribadi
1776430530412,2026-04-17 12:55:30,WhatsApp,628710359399,Grup
1776454259412,2026-04-17 19:30:59,WhatsApp,628992835111,Grup
1776396178412,2026-04-17 03:22:58,WhatsApp,628796005673,Grup
1776389411412,2026-04-17 01:30:11,WhatsApp,628967640113,Pribadi
1776395529412,2026-04-17 03:12:09,WhatsApp,628358668495,Pribadi
1776423004412,2026-04-17 10:50:04,WhatsApp,628303290766,Pribadi
1776407598412,2026-04-17 06:33:18,WhatsApp,628468735250,Grup
1776386574412,2026-04-17 00:42:54,WhatsApp,628385362326,Grup
1776460741412,2026-04-17 21:19:01,WhatsApp,628778948559,Grup
1776390924412,2026-04-17 01:55:24,WhatsApp,628217697998,Grup
1776452119412,2026-04-17 18:55:19,WhatsApp,628290360904,Grup
1776394331412,2026-04-17 02:52:11,WhatsApp,62892021908,Grup
1776395528412,2026-04-17 03:12:08,WhatsApp,628490209033,Pribadi
1776410708412,2026-04-17 07:25:08,WhatsApp,628256974086,Grup
1776388012412,2026-04-17 01:06:52,WhatsApp,628716823639,Grup
1776388191412,2026-04-17 01:09:51,WhatsApp,628350904340,Grup
1776407036412,2026-04-17 06:23:56,WhatsApp,628312925707,Grup
1776464106412,2026-04-17 22:15:06,WhatsApp,628194325246,Grup
1776385723412,2026-04-17 00:28:43,WhatsApp,628670564355,Grup
1776451712412,2026-04-17 18:48:32,WhatsApp,628360113657,Grup
1776458304412,2026-04-17 20:38:24,WhatsApp,628369998063,Grup
1776385323412,2026-04-17 00:22:03,WhatsApp,62878982611,Pribadi
1776464531412,2026-04-17 22:22:11,WhatsApp,628459757952,Grup
1776464779412,2026-04-17 22:26:19,WhatsApp,628705757726,Pribadi
1776403483412,2026-04-17 05:24:43,WhatsApp,628222780103,Grup
1776424293412,2026-04-17 11:11:33,Discord,user93026,DM
1776411701412,2026-04-17 07:41:41,Discord,user42660,DM
1776390313412,2026-04-17 01:45:13,Discord,user81085,DM
1776461846412,2026-04-17 21:37:26,Discord,user79346,DM
1776452750412,2026-04-17 19:05:50,Discord,user95486,Server
1776400252412,2026-04-17 04:30:52,Discord,user90988,DM
1776421729412,2026-04-17 10:28:49,Discord,user25220,Server
1776424170412,2026-04-17 11:09:30,Discord,user45081,DM
1776463050412,2026-04-17 21:57:30,Discord,user46121,DM
1776393856412,2026-04-17 02:44:16,Discord,user19424,DM
1776432821412,2026-04-17 13:33:41,Discord,user40544,Server
1776419383412,2026-04-17 09:49:43,Discord,user92883,DM
1776445963412,2026-04-17 17:12:43,Discord,user10264,DM
1776467830412,2026-04-17 23:17:10,Discord,user83390,DM
1776431435412,2026-04-17 13:10:35,Discord,user86271,DM
1776430433412,2026-04-17 12:53:53,Discord,user11431,Server
1776451636412,2026-04-17 18:47:16,Discord,user60942,DM
1776466122412,2026-04-17 22:48:42,Discord,user75704,Server
1776388067412,2026-04-17 01:07:47,Discord,user27014,DM
1776423596412,2026-04-17 10:59:56,Discord,user67263,DM
1776393702412,2026-04-17 02:41:42,Discord,user8547,Server
1776424993412,2026-04-17 11:23:13,Discord,user79113,DM
1776385297412,2026-04-17 00:21:37,Discord,user49734,Server
1776424109412,2026-04-17 11:08:29,Discord,user17923,DM
1776385156412,2026-04-17 00:19:16,Discord,user89073,Server
1776454743412,2026-04-17 19:39:03,Discord,user52543,DM
1776433444412,2026-04-17 13:44:04,Discord,user19553,DM
1776443589412,2026-04-17 16:33:09,Discord,user66139,DM
1776469238412,2026-04-17 23:40:38,Discord,user54592,Server
1776462536412,2026-04-17 21:48:56,Discord,user43147,DM
1776430877412,2026-04-17 13:01:17,Discord,user54626,DM
1776458116412,2026-04-17 20:35:16,Discord,user23770,Server
1776416630412,2026-04-17 09:03:50,Discord,user12625,DM
1776387876412,2026-04-17 01:04:36,Discord,user90376,Server
1776447918412,2026-04-17 17:45:18,Discord,user93168,DM
1776463117412,2026-04-17 21:58:37,Discord,user91191,DM
1776400018412,2026-04-17 04:26:58,Discord,user6379,DM
1776458117412,2026-04-17 20:35:17,Discord,user6731,DM
1776448295412,2026-04-17 17:51:35,Discord,user5701,DM
1776466664412,2026-04-17 22:57:44,Discord,user98152,Server
1776440678412,2026-04-17 15:44:38,Discord,user75929,Server
1776409354412,2026-04-17 07:02:34,Discord,user82669,DM
1776434925412,2026-04-17 14:08:45,Discord,user51180,DM
1776427845412,2026-04-17 12:10:45,Discord,user78342,Server
1776453237412,2026-04-17 19:13:57,Discord,user92697,DM
1776413646412,2026-04-17 08:14:06,Discord,user47414,DM
1776422598412,2026-04-17 10:43:18,Discord,user44054,Server
1776399922412,2026-04-17 04:25:22,Discord,user56410,Server
1776405735412,2026-04-17 06:02:15,Discord,user35943,Server
1776479470412,2026-04-18 02:31:10,WhatsApp,628747213790,Pribadi
1776475475412,2026-04-18 01:24:35,WhatsApp,628989898216,Grup
1776485508412,2026-04-18 04:11:48,WhatsApp,628120541805,Pribadi
1776522095412,2026-04-18 14:21:35,WhatsApp,628306755976,Grup
1776554406412,2026-04-18 23:20:06,WhatsApp,628794078632,Grup
1776492227412,2026-04-18 06:03:47,WhatsApp,628484927239,Pribadi
1776485774412,2026-04-18 04:16:14,WhatsApp,628229221464,Pribadi
1776512277412,2026-04-18 11:37:57,WhatsApp,628411861351,Grup
1776524964412,2026-04-18 15:09:24,WhatsApp,628235708783,Grup
1776534128412,2026-04-18 17:42:08,WhatsApp,628485624990,Grup
1776512012412,2026-04-18 11:33:32,WhatsApp,628556271449,Pribadi
1776480327412,2026-04-18 02:45:27,WhatsApp,628390781980,Grup
1776506297412,2026-04-18 09:58:17,WhatsApp,628128798761,Pribadi
1776556776412,2026-04-18 23:59:36,WhatsApp,628785761060,Grup
1776513835412,2026-04-18 12:03:55,WhatsApp,628485359212,Grup
1776518834412,2026-04-18 13:27:14,WhatsApp,628451501462,Grup
1776509524412,2026-04-18 10:52:04,WhatsApp,628870098304,Pribadi
1776497993412,2026-04-18 07:39:53,WhatsApp,628224049528,Grup
1776512113412,2026-04-18 11:35:13,WhatsApp,628722350474,Grup
1776551737412,2026-04-18 22:35:37,WhatsApp,628668235899,Pribadi
1776491140412,2026-04-18 05:45:40,WhatsApp,628414925285,Pribadi
1776490721412,2026-04-18 05:38:41,WhatsApp,628194554519,Pribadi
1776542704412,2026-04-18 20:05:04,WhatsApp,628397891224,Grup
1776478451412,2026-04-18 02:14:11,WhatsApp,628586578677,Pribadi
1776485326412,2026-04-18 04:08:46,WhatsApp,628125609225,Grup
1776556382412,2026-04-18 23:53:02,WhatsApp,628221171299,Pribadi
1776532604412,2026-04-18 17:16:44,WhatsApp,628455659105,Pribadi
1776499356412,2026-04-18 08:02:36,WhatsApp,628226996073,Grup
1776500996412,2026-04-18 08:29:56,WhatsApp,628556089983,Grup
1776532009412,2026-04-18 17:06:49,WhatsApp,628715926073,Pribadi
1776498053412,2026-04-18 07:40:53,WhatsApp,628782430198,Grup
1776475159412,2026-04-18 01:19:19,WhatsApp,628565475311,Grup
1776474967412,2026-04-18 01:16:07,WhatsApp,628845701622,Grup
1776543584412,2026-04-18 20:19:44,WhatsApp,628661816833,Grup
1776549089412,2026-04-18 21:51:29,WhatsApp,628764306391,Pribadi
1776481569412,2026-04-18 03:06:09,WhatsApp,628819182603,Pribadi
1776492573412,2026-04-18 06:09:33,WhatsApp,628529634003,Pribadi
1776523954412,2026-04-18 14:52:34,WhatsApp,628756574471,Grup
1776492150412,2026-04-18 06:02:30,WhatsApp,628860071541,Pribadi
1776497913412,2026-04-18 07:38:33,WhatsApp,62810957138,Grup
1776521730412,2026-04-18 14:15:30,WhatsApp,628478474499,Grup
1776487797412,2026-04-18 04:49:57,WhatsApp,628144872737,Pribadi
1776479858412,2026-04-18 02:37:38,WhatsApp,628467568524,Grup
1776535340412,2026-04-18 18:02:20,WhatsApp,628126569274,Grup
1776480436412,2026-04-18 02:47:16,WhatsApp,628833985302,Pribadi
1776494000412,2026-04-18 06:33:20,WhatsApp,628934462488,Pribadi
1776471246412,2026-04-18 00:14:06,WhatsApp,628628067083,Pribadi
1776540514412,2026-04-18 19:28:34,WhatsApp,62860756497,Grup
1776533969412,2026-04-18 17:39:29,WhatsApp,62878401956,Pribadi
1776540544412,2026-04-18 19:29:04,WhatsApp,628905915868,Grup
1776477410412,2026-04-18 01:56:50,WhatsApp,628350341158,Pribadi
1776531730412,2026-04-18 17:02:10,WhatsApp,628989656152,Pribadi
1776496409412,2026-04-18 07:13:29,WhatsApp,628847525683,Pribadi
1776499968412,2026-04-18 08:12:48,WhatsApp,628439340761,Grup
1776541757412,2026-04-18 19:49:17,WhatsApp,628803739300,Grup
1776539051412,2026-04-18 19:04:11,WhatsApp,628457581177,Pribadi
1776508245412,2026-04-18 10:30:45,WhatsApp,628133738886,Grup
1776496003412,2026-04-18 07:06:43,WhatsApp,628758657565,Grup
1776539220412,2026-04-18 19:07:00,WhatsApp,628939203365,Pribadi
1776509973412,2026-04-18 10:59:33,WhatsApp,628160543042,Pribadi
1776508166412,2026-04-18 10:29:26,WhatsApp,62825218662,Pribadi
1776521660412,2026-04-18 14:14:20,WhatsApp,628778333121,Grup
1776526560412,2026-04-18 15:36:00,WhatsApp,628981155653,Grup
1776483859412,2026-04-18 03:44:19,WhatsApp,628155442727,Grup
1776550839412,2026-04-18 22:20:39,WhatsApp,628536687950,Grup
1776543625412,2026-04-18 20:20:25,WhatsApp,62842488593,Pribadi
1776517537412,2026-04-18 13:05:37,WhatsApp,628889129955,Grup
1776556011412,2026-04-18 23:46:51,WhatsApp,628679590555,Grup
1776475717412,2026-04-18 01:28:37,WhatsApp,628658344863,Grup
1776526463412,2026-04-18 15:34:23,WhatsApp,628595626440,Pribadi
1776471273412,2026-04-18 00:14:33,WhatsApp,628123509237,Pribadi
1776521899412,2026-04-18 14:18:19,WhatsApp,628477416896,Pribadi
1776495686412,2026-04-18 07:01:26,WhatsApp,628783794167,Grup
1776478306412,2026-04-18 02:11:46,WhatsApp,628813391127,Pribadi
1776475836412,2026-04-18 01:30:36,WhatsApp,62812605211,Grup
1776542156412,2026-04-18 19:55:56,WhatsApp,628930845955,Grup
1776520050412,2026-04-18 13:47:30,WhatsApp,628421224209,Pribadi
1776503398412,2026-04-18 09:09:58,WhatsApp,628153570313,Grup
1776482019412,2026-04-18 03:13:39,WhatsApp,628562237292,Pribadi
1776495644412,2026-04-18 07:00:44,WhatsApp,628762956028,Grup
1776478796412,2026-04-18 02:19:56,WhatsApp,628316367259,Pribadi
1776553449412,2026-04-18 23:04:09,WhatsApp,628934523437,Pribadi
1776490617412,2026-04-18 05:36:57,WhatsApp,628774518299,Pribadi
1776499203412,2026-04-18 08:00:03,WhatsApp,628451487960,Grup
1776490320412,2026-04-18 05:32:00,WhatsApp,628792837434,Grup
1776517694412,2026-04-18 13:08:14,WhatsApp,628174208136,Grup
1776507272412,2026-04-18 10:14:32,WhatsApp,62842127140,Grup
1776519351412,2026-04-18 13:35:51,WhatsApp,628200479964,Pribadi
1776506407412,2026-04-18 10:00:07,WhatsApp,628383611620,Grup
1776516228412,2026-04-18 12:43:48,WhatsApp,628724712676,Grup
1776478887412,2026-04-18 02:21:27,WhatsApp,628682567365,Grup
1776554389412,2026-04-18 23:19:49,WhatsApp,628999425341,Pribadi
1776492358412,2026-04-18 06:05:58,WhatsApp,628756548374,Grup
1776473497412,2026-04-18 00:51:37,WhatsApp,628851422812,Grup
1776531343412,2026-04-18 16:55:43,WhatsApp,628201489439,Grup
1776531921412,2026-04-18 17:05:21,WhatsApp,628858622887,Pribadi
1776472320412,2026-04-18 00:32:00,WhatsApp,628415739776,Grup
1776472807412,2026-04-18 00:40:07,WhatsApp,628497107050,Grup
1776479853412,2026-04-18 02:37:33,WhatsApp,628144116169,Grup
1776483870412,2026-04-18 03:44:30,WhatsApp,628776278999,Grup
1776549001412,2026-04-18 21:50:01,WhatsApp,62819216891,Grup
1776554438412,2026-04-18 23:20:38,WhatsApp,628811205757,Grup
1776482469412,2026-04-18 03:21:09,WhatsApp,628529443246,Grup
1776537908412,2026-04-18 18:45:08,WhatsApp,628298773994,Grup
1776506012412,2026-04-18 09:53:32,WhatsApp,628796024958,Pribadi
1776525514412,2026-04-18 15:18:34,WhatsApp,62859710267,Grup
1776508156412,2026-04-18 10:29:16,WhatsApp,628997149331,Pribadi
1776478825412,2026-04-18 02:20:25,WhatsApp,628526645390,Grup
1776491223412,2026-04-18 05:47:03,WhatsApp,628985352709,Grup
1776499535412,2026-04-18 08:05:35,WhatsApp,628408047632,Pribadi
1776541056412,2026-04-18 19:37:36,WhatsApp,628525840027,Grup
1776536890412,2026-04-18 18:28:10,WhatsApp,628633113160,Grup
1776487404412,2026-04-18 04:43:24,WhatsApp,628388591471,Grup
1776500390412,2026-04-18 08:19:50,WhatsApp,628414207277,Grup
1776502346412,2026-04-18 08:52:26,WhatsApp,628966356973,Pribadi
1776531187412,2026-04-18 16:53:07,WhatsApp,628358523304,Pribadi
1776508198412,2026-04-18 10:29:58,WhatsApp,628796025146,Grup
1776533237412,2026-04-18 17:27:17,WhatsApp,628132196940,Pribadi
1776505682412,2026-04-18 09:48:02,WhatsApp,628699022477,Pribadi
1776517831412,2026-04-18 13:10:31,WhatsApp,628479817797,Grup
1776550276412,2026-04-18 22:11:16,WhatsApp,628328429145,Pribadi
1776552247412,2026-04-18 22:44:07,WhatsApp,628286768173,Grup
1776511013412,2026-04-18 11:16:53,WhatsApp,628232631792,Pribadi
1776545141412,2026-04-18 20:45:41,WhatsApp,628634164307,Grup
1776499754412,2026-04-18 08:09:14,WhatsApp,628154748556,Grup
1776481790412,2026-04-18 03:09:50,WhatsApp,628237140233,Grup
1776505487412,2026-04-18 09:44:47,WhatsApp,628584986945,Grup
1776480257412,2026-04-18 02:44:17,WhatsApp,628227842838,Pribadi
1776537230412,2026-04-18 18:33:50,WhatsApp,628556637493,Grup
1776486888412,2026-04-18 04:34:48,WhatsApp,628934166033,Grup
1776551848412,2026-04-18 22:37:28,WhatsApp,628297791218,Grup
1776487061412,2026-04-18 04:37:41,WhatsApp,62818718389,Grup
1776502956412,2026-04-18 09:02:36,WhatsApp,628434780610,Grup
1776536047412,2026-04-18 18:14:07,WhatsApp,628858425204,Grup
1776531687412,2026-04-18 17:01:27,WhatsApp,628674398317,Grup
1776490788412,2026-04-18 05:39:48,WhatsApp,628518464677,Grup
1776542372412,2026-04-18 19:59:32,WhatsApp,628752101385,Grup
1776500215412,2026-04-18 08:16:55,WhatsApp,628726609931,Grup
1776491572412,2026-04-18 05:52:52,WhatsApp,628579816940,Grup
1776548130412,2026-04-18 21:35:30,WhatsApp,628378721631,Grup
1776540260412,2026-04-18 19:24:20,WhatsApp,628673028623,Grup
1776499842412,2026-04-18 08:10:42,WhatsApp,628164246922,Grup
1776514309412,2026-04-18 12:11:49,WhatsApp,628267775333,Grup
1776550031412,2026-04-18 22:07:11,WhatsApp,628681711422,Grup
1776514047412,2026-04-18 12:07:27,Discord,user37617,Server
1776521865412,2026-04-18 14:17:45,Discord,user29629,Server
1776550444412,2026-04-18 22:14:04,Discord,user86010,DM
1776480993412,2026-04-18 02:56:33,Discord,user11948,DM
1776503841412,2026-04-18 09:17:21,Discord,user62250,Server
1776510962412,2026-04-18 11:16:02,Discord,user15299,DM
1776538352412,2026-04-18 18:52:32,Discord,user31802,DM
1776531965412,2026-04-18 17:06:05,Discord,user38343,DM
1776501313412,2026-04-18 08:35:13,Discord,user10878,Server
1776480358412,2026-04-18 02:45:58,Discord,user10481,Server
1776488065412,2026-04-18 04:54:25,Discord,user21166,DM
1776542873412,2026-04-18 20:07:53,Discord,user81087,DM
1776514440412,2026-04-18 12:14:00,Discord,user99908,Server
1776500786412,2026-04-18 08:26:26,Discord,user16973,DM
1776505881412,2026-04-18 09:51:21,Discord,user30132,Server
1776529211412,2026-04-18 16:20:11,Discord,user9905,Server
1776519170412,2026-04-18 13:32:50,Discord,user3666,DM
1776507037412,2026-04-18 10:10:37,Discord,user17089,DM
1776498779412,2026-04-18 07:52:59,Discord,user49339,DM
1776499794412,2026-04-18 08:09:54,Discord,user7644,Server
1776549414412,2026-04-18 21:56:54,Discord,user94651,DM
1776505528412,2026-04-18 09:45:28,Discord,user80864,DM
1776515170412,2026-04-18 12:26:10,Discord,user74326,DM
1776475520412,2026-04-18 01:25:20,Discord,user30200,DM
1776541204412,2026-04-18 19:40:04,Discord,user41831,DM
1776553821412,2026-04-18 23:10:21,Discord,user20278,DM
1776487806412,2026-04-18 04:50:06,Discord,user9895,DM
1776537191412,2026-04-18 18:33:11,Discord,user88987,DM
1776535931412,2026-04-18 18:12:11,Discord,user11702,Server
1776541068412,2026-04-18 19:37:48,Discord,user78706,DM
1776489219412,2026-04-18 05:13:39,Discord,user50466,Server
1776526417412,2026-04-18 15:33:37,Discord,user18697,DM
1776485790412,2026-04-18 04:16:30,Discord,user72800,DM
1776482064412,2026-04-18 03:14:24,Discord,user52570,Server
1776495174412,2026-04-18 06:52:54,Discord,user29043,DM
1776544180412,2026-04-18 20:29:40,Discord,user98007,Server
1776515855412,2026-04-18 12:37:35,Discord,user36932,DM
1776540884412,2026-04-18 19:34:44,Discord,user64913,DM
1776485638412,2026-04-18 04:13:58,Discord,user53293,DM
1776475634412,2026-04-18 01:27:14,Discord,user54678,Server
1776536972412,2026-04-18 18:29:32,Discord,user92279,DM
1776544680412,2026-04-18 20:38:00,Discord,user78847,Server
1776504283412,2026-04-18 09:24:43,Discord,user91921,Server
1776642088412,2026-04-19 23:41:28,WhatsApp,62874225567,Pribadi
1776615290412,2026-04-19 16:14:50,WhatsApp,628922483611,Pribadi
1776566590412,2026-04-19 02:43:10,WhatsApp,628604690096,Grup
1776612474412,2026-04-19 15:27:54,WhatsApp,628412194206,Pribadi
1776621072412,2026-04-19 17:51:12,WhatsApp,628892110604,Grup
1776641343412,2026-04-19 23:29:03,WhatsApp,628314992571,Grup
1776565544412,2026-04-19 02:25:44,WhatsApp,62845632327,Pribadi
1776624108412,2026-04-19 18:41:48,WhatsApp,628777539153,Pribadi
1776573730412,2026-04-19 04:42:10,WhatsApp,628509233919,Pribadi
1776561105412,2026-04-19 01:11:45,WhatsApp,628344834786,Grup
1776588812412,2026-04-19 08:53:32,WhatsApp,628345637498,Grup
1776635930412,2026-04-19 21:58:50,WhatsApp,62863684991,Grup
1776606454412,2026-04-19 13:47:34,WhatsApp,628449218376,Pribadi
1776628648412,2026-04-19 19:57:28,WhatsApp,628588261446,Pribadi
1776623599412,2026-04-19 18:33:19,WhatsApp,628479380269,Pribadi
1776566208412,2026-04-19 02:36:48,WhatsApp,628924176064,Grup
1776620695412,2026-04-19 17:44:55,WhatsApp,628519781629,Pribadi
1776611160412,2026-04-19 15:06:00,WhatsApp,628539635931,Grup
1776597634412,2026-04-19 11:20:34,WhatsApp,628950093478,Grup
1776641233412,2026-04-19 23:27:13,WhatsApp,628124540235,Pribadi
1776596470412,2026-04-19 11:01:10,WhatsApp,628446490643,Grup
1776571593412,2026-04-19 04:06:33,WhatsApp,628551974919,Pribadi
1776596041412,2026-04-19 10:54:01,WhatsApp,628820439675,Grup
1776595659412,2026-04-19 10:47:39,WhatsApp,628563343608,Grup
1776576984412,2026-04-19 05:36:24,WhatsApp,62864207014,Pribadi
1776622833412,2026-04-19 18:20:33,WhatsApp,628875892834,Grup
1776568818412,2026-04-19 03:20:18,WhatsApp,628652748536,Grup
1776591853412,2026-04-19 09:44:13,WhatsApp,628735215802,Grup
1776636530412,2026-04-19 22:08:50,WhatsApp,628901067626,Pribadi
1776591053412,2026-04-19 09:30:53,WhatsApp,628779226860,Grup
1776616076412,2026-04-19 16:27:56,WhatsApp,62824601750,Grup
1776566452412,2026-04-19 02:40:52,WhatsApp,628485631345,Pribadi
1776629906412,2026-04-19 20:18:26,WhatsApp,628343274038,Grup
1776587060412,2026-04-19 08:24:20,WhatsApp,628904462573,Pribadi
1776613539412,2026-04-19 15:45:39,WhatsApp,628564776241,Pribadi
1776558688412,2026-04-19 00:31:28,WhatsApp,628172430290,Pribadi
1776556840412,2026-04-19 00:00:40,WhatsApp,628284546004,Pribadi
1776582852412,2026-04-19 07:14:12,WhatsApp,628971923082,Grup
1776640072412,2026-04-19 23:07:52,WhatsApp,628478382839,Grup
1776641723412,2026-04-19 23:35:23,WhatsApp,628671238089,Grup
1776628833412,2026-04-19 20:00:33,WhatsApp,628661498041,Grup
1776634142412,2026-04-19 21:29:02,WhatsApp,62820315898,Pribadi
1776590832412,2026-04-19 09:27:12,WhatsApp,628565702122,Grup
1776636571412,2026-04-19 22:09:31,WhatsApp,628338762406,Grup
1776642463412,2026-04-19 23:47:43,WhatsApp,62818500404,Pribadi
1776569209412,2026-04-19 03:26:49,WhatsApp,628540377706,Grup
1776617614412,2026-04-19 16:53:34,WhatsApp,628912208454,Pribadi
1776623471412,2026-04-19 18:31:11,WhatsApp,628781593132,Grup
1776641544412,2026-04-19 23:32:24,WhatsApp,62880047275,Pribadi
1776618988412,2026-04-19 17:16:28,WhatsApp,628214832497,Grup
1776578527412,2026-04-19 06:02:07,WhatsApp,62864013311,Grup
1776625672412,2026-04-19 19:07:52,WhatsApp,628225605966,Grup
1776575874412,2026-04-19 05:17:54,WhatsApp,628910630473,Pribadi
1776578199412,2026-04-19 05:56:39,WhatsApp,628818528430,Pribadi
1776572969412,2026-04-19 04:29:29,WhatsApp,628939977246,Pribadi
1776608863412,2026-04-19 14:27:43,WhatsApp,628104365721,Grup
1776565868412,2026-04-19 02:31:08,WhatsApp,628949047852,Grup
1776619799412,2026-04-19 17:29:59,WhatsApp,628143208797,Grup
1776599820412,2026-04-19 11:57:00,WhatsApp,628469495144,Grup
1776601309412,2026-04-19 12:21:49,WhatsApp,628123450958,Grup
1776565604412,2026-04-19 02:26:44,WhatsApp,628418741015,Grup
1776629772412,2026-04-19 20:16:12,WhatsApp,628571603432,Grup
1776624323412,2026-04-19 18:45:23,WhatsApp,628422235762,Pribadi
1776574292412,2026-04-19 04:51:32,WhatsApp,628172950944,Pribadi
1776615982412,2026-04-19 16:26:22,WhatsApp,62820304688,Pribadi
1776599531412,2026-04-19 11:52:11,WhatsApp,628301336852,Grup
1776624273412,2026-04-19 18:44:33,WhatsApp,628259086781,Grup
1776596630412,2026-04-19 11:03:50,WhatsApp,628101510335,Grup
1776623139412,2026-04-19 18:25:39,WhatsApp,628528597109,Grup
1776624446412,2026-04-19 18:47:26,WhatsApp,62843230109,Pribadi
1776589956412,2026-04-19 09:12:36,WhatsApp,628736980767,Grup
1776620068412,2026-04-19 17:34:28,WhatsApp,628771228138,Pribadi
1776582096412,2026-04-19 07:01:36,WhatsApp,628787240094,Grup
1776604854412,2026-04-19 13:20:54,WhatsApp,628462073429,Pribadi
1776573751412,2026-04-19 04:42:31,WhatsApp,62856875123,Grup
1776587434412,2026-04-19 08:30:34,WhatsApp,628930059768,Grup
1776633828412,2026-04-19 21:23:48,WhatsApp,628284297999,Grup
1776567349412,2026-04-19 02:55:49,WhatsApp,628325627230,Grup
1776637046412,2026-04-19 22:17:26,WhatsApp,628814139563,Pribadi
1776581664412,2026-04-19 06:54:24,WhatsApp,628326635936,Grup
1776558149412,2026-04-19 00:22:29,WhatsApp,62838546029,Grup
1776592872412,2026-04-19 10:01:12,WhatsApp,628207762167,Pribadi
1776591214412,2026-04-19 09:33:34,WhatsApp,628243764577,Grup
1776616711412,2026-04-19 16:38:31,WhatsApp,62874597252,Grup
1776566104412,2026-04-19 02:35:04,WhatsApp,628222979828,Grup
1776561711412,2026-04-19 01:21:51,WhatsApp,628254515611,Pribadi
1776561228412,2026-04-19 01:13:48,WhatsApp,628372989773,Grup
1776562683412,2026-04-19 01:38:03,WhatsApp,628190373392,Grup
1776610623412,2026-04-19 14:57:03,WhatsApp,628495574933,Grup
1776588513412,2026-04-19 08:48:33,WhatsApp,628523586078,Pribadi
1776592072412,2026-04-19 09:47:52,WhatsApp,628234595701,Grup
1776558891412,2026-04-19 00:34:51,WhatsApp,628691141439,Grup
1776599437412,2026-04-19 11:50:37,WhatsApp,628525512109,Pribadi
1776565276412,2026-04-19 02:21:16,WhatsApp,628333551632,Grup
1776631255412,2026-04-19 20:40:55,WhatsApp,628600401304,Pribadi
1776557450412,2026-04-19 00:10:50,WhatsApp,628610721262,Pribadi
1776580427412,2026-04-19 06:33:47,WhatsApp,628261935443,Pribadi
1776637289412,2026-04-19 22:21:29,WhatsApp,628946376391,Pribadi
1776587977412,2026-04-19 08:39:37,WhatsApp,628993779124,Grup
1776563046412,2026-04-19 01:44:06,WhatsApp,628338799924,Grup
1776635211412,2026-04-19 21:46:51,WhatsApp,628844388030,Pribadi
1776603852412,2026-04-19 13:04:12,WhatsApp,628481604805,Grup
1776584507412,2026-04-19 07:41:47,WhatsApp,628163170687,Pribadi
1776568438412,2026-04-19 03:13:58,WhatsApp,628866338015,Pribadi
1776632555412,2026-04-19 21:02:35,WhatsApp,628744447335,Grup
1776633111412,2026-04-19 21:11:51,WhatsApp,628479702464,Pribadi
1776560471412,2026-04-19 01:01:11,WhatsApp,628415274606,Grup
1776586660412,2026-04-19 08:17:40,WhatsApp,628663966093,Pribadi
1776630521412,2026-04-19 20:28:41,WhatsApp,628603491989,Grup
1776618565412,2026-04-19 17:09:25,WhatsApp,628266076013,Grup
1776635039412,2026-04-19 21:43:59,WhatsApp,628405125025,Grup
1776612162412,2026-04-19 15:22:42,WhatsApp,628787801951,Grup
1776627148412,2026-04-19 19:32:28,WhatsApp,628957272105,Grup
1776622184412,2026-04-19 18:09:44,WhatsApp,628828139204,Pribadi
1776599421412,2026-04-19 11:50:21,WhatsApp,628898800051,Grup
1776574896412,2026-04-19 05:01:36,WhatsApp,628713728662,Grup
1776600838412,2026-04-19 12:13:58,WhatsApp,628895500393,Grup
1776576619412,2026-04-19 05:30:19,WhatsApp,628928668190,Grup
1776619056412,2026-04-19 17:17:36,WhatsApp,628236957818,Grup
1776586781412,2026-04-19 08:19:41,WhatsApp,628542985024,Grup
1776561599412,2026-04-19 01:19:59,WhatsApp,628202163603,Grup
1776626467412,2026-04-19 19:21:07,WhatsApp,62836970822,Grup
1776592032412,2026-04-19 09:47:12,WhatsApp,628975377792,Pribadi
1776615692412,2026-04-19 16:21:32,WhatsApp,6286298057,Pribadi
1776630476412,2026-04-19 20:27:56,WhatsApp,628898455087,Grup
1776588334412,2026-04-19 08:45:34,WhatsApp,628870878981,Pribadi
1776559487412,2026-04-19 00:44:47,WhatsApp,628326282842,Pribadi
1776592642412,2026-04-19 09:57:22,WhatsApp,628832342616,Pribadi
1776606229412,2026-04-19 13:43:49,WhatsApp,628119864794,Pribadi
1776588470412,2026-04-19 08:47:50,WhatsApp,62861176886,Pribadi
1776565483412,2026-04-19 02:24:43,WhatsApp,628814250858,Pribadi
1776561586412,2026-04-19 01:19:46,WhatsApp,628753119917,Grup
1776613542412,2026-04-19 15:45:42,WhatsApp,628549070306,Grup
1776632692412,2026-04-19 21:04:52,WhatsApp,628796247250,Pribadi
1776564283412,2026-04-19 02:04:43,WhatsApp,628700597378,Grup
1776602965412,2026-04-19 12:49:25,WhatsApp,628419756535,Pribadi
1776620792412,2026-04-19 17:46:32,WhatsApp,628669917923,Grup
1776621540412,2026-04-19 17:59:00,WhatsApp,628232141,Pribadi
1776579012412,2026-04-19 06:10:12,WhatsApp,628768087038,Grup
1776623418412,2026-04-19 18:30:18,WhatsApp,628798573031,Grup
1776639802412,2026-04-19 23:03:22,WhatsApp,628582373280,Grup
1776630591412,2026-04-19 20:29:51,WhatsApp,628901086656,Grup
1776606406412,2026-04-19 13:46:46,WhatsApp,628205991423,Grup
1776570368412,2026-04-19 03:46:08,WhatsApp,62878129648,Grup
1776635057412,2026-04-19 21:44:17,WhatsApp,628730030975,Pribadi
1776610121412,2026-04-19 14:48:41,WhatsApp,628498813955,Grup
1776560228412,2026-04-19 00:57:08,WhatsApp,628634107903,Pribadi
1776589251412,2026-04-19 09:00:51,WhatsApp,628802160456,Grup
1776563006412,2026-04-19 01:43:26,WhatsApp,628754668794,Pribadi
1776625235412,2026-04-19 19:00:35,WhatsApp,628340090475,Grup
1776605885412,2026-04-19 13:38:05,WhatsApp,628613897635,Pribadi
1776576313412,2026-04-19 05:25:13,Discord,user2475,Server
1776633753412,2026-04-19 21:22:33,Discord,user7072,DM
1776627930412,2026-04-19 19:45:30,Discord,user26005,DM
1776580250412,2026-04-19 06:30:50,Discord,user55515,DM
1776607865412,2026-04-19 14:11:05,Discord,user52719,Server
1776566989412,2026-04-19 02:49:49,Discord,user69598,Server
1776619443412,2026-04-19 17:24:03,Discord,user13719,DM
1776593110412,2026-04-19 10:05:10,Discord,user74540,Server
1776616827412,2026-04-19 16:40:27,Discord,user79533,DM
1776601372412,2026-04-19 12:22:52,Discord,user94701,DM
1776577167412,2026-04-19 05:39:27,Discord,user52528,Server
1776639735412,2026-04-19 23:02:15,Discord,user25759,DM
1776614216412,2026-04-19 15:56:56,Discord,user49491,Server
1776585320412,2026-04-19 07:55:20,Discord,user11202,Server
1776634390412,2026-04-19 21:33:10,Discord,user51778,DM
1776584627412,2026-04-19 07:43:47,Discord,user43654,DM
1776562465412,2026-04-19 01:34:25,Discord,user46011,DM
1776599107412,2026-04-19 11:45:07,Discord,user4265,DM
1776615821412,2026-04-19 16:23:41,Discord,user31892,Server
1776582559412,2026-04-19 07:09:19,Discord,user55462,Server
1776559360412,2026-04-19 00:42:40,Discord,user75463,DM
1776586534412,2026-04-19 08:15:34,Discord,user42505,DM
1776596098412,2026-04-19 10:54:58,Discord,user22004,DM
1776617914412,2026-04-19 16:58:34,Discord,user37031,Server
1776608198412,2026-04-19 14:16:38,Discord,user83239,DM
1776586275412,2026-04-19 08:11:15,Discord,user81858,DM
1776617821412,2026-04-19 16:57:01,Discord,user69674,Server
1776560369412,2026-04-19 00:59:29,Discord,user76760,DM
1776590067412,2026-04-19 09:14:27,Discord,user27348,DM
1776582242412,2026-04-19 07:04:02,Discord,user20769,DM
1776616439412,2026-04-19 16:33:59,Discord,user28603,Server
1776640762412,2026-04-19 23:19:22,Discord,user33253,DM
1776603332412,2026-04-19 12:55:32,Discord,user50970,Server
1776583771412,2026-04-19 07:29:31,Discord,user33416,DM
1776616417412,2026-04-19 16:33:37,Discord,user40351,DM
1776624338412,2026-04-19 18:45:38,Discord,user11846,DM
1776562560412,2026-04-19 01:36:00,Discord,user50398,Server
1776588769412,2026-04-19 08:52:49,Discord,user99749,DM
1776562800412,2026-04-19 01:40:00,Discord,user5903,Server
1776606026412,2026-04-19 13:40:26,Discord,user41735,DM
1776634011412,2026-04-19 21:26:51,Discord,user5045,DM
1776639399412,2026-04-19 22:56:39,Discord,user77560,DM
1776572411412,2026-04-19 04:20:11,Discord,user67197,Server
1776595530412,2026-04-19 10:45:30,Discord,user55167,DM
1776569283412,2026-04-19 03:28:03,Discord,user88189,DM
1776574221412,2026-04-19 04:50:21,Discord,user84985,Server
1776603719412,2026-04-19 13:01:59,Discord,user33974,Server
1776641601412,2026-04-19 23:33:21,Discord,user98428,DM
1776610818412,2026-04-19 15:00:18,Discord,user15553,DM
1776644150412,2026-04-20 00:15:50,WhatsApp,62836083500,Grup
1776724399412,2026-04-20 22:33:19,WhatsApp,628485174140,Grup
1776711661412,2026-04-20 19:01:01,WhatsApp,628846983009,Grup
1776674720412,2026-04-20 08:45:20,WhatsApp,628198040972,Grup
1776708318412,2026-04-20 18:05:18,WhatsApp,628185967973,Pribadi
1776699071412,2026-04-20 15:31:11,WhatsApp,628562197546,Grup
1776691981412,2026-04-20 13:33:01,WhatsApp,628468589062,Grup
1776694455412,2026-04-20 14:14:15,WhatsApp,628835619172,Pribadi
1776652837412,2026-04-20 02:40:37,WhatsApp,62875024362,Grup
1776692994412,2026-04-20 13:49:54,WhatsApp,628391089116,Grup
1776670906412,2026-04-20 07:41:46,WhatsApp,62865200334,Grup
1776651501412,2026-04-20 02:18:21,WhatsApp,628433576623,Pribadi
1776718831412,2026-04-20 21:00:31,WhatsApp,628992756525,Pribadi
1776689175412,2026-04-20 12:46:15,WhatsApp,628706568896,Grup
1776668740412,2026-04-20 07:05:40,WhatsApp,628791473675,Pribadi
1776720891412,2026-04-20 21:34:51,WhatsApp,628289906976,Grup
1776649030412,2026-04-20 01:37:10,WhatsApp,628858404106,Grup
1776711944412,2026-04-20 19:05:44,WhatsApp,628705103501,Grup
1776717898412,2026-04-20 20:44:58,WhatsApp,628432186623,Grup
1776682485412,2026-04-20 10:54:45,WhatsApp,628238272124,Grup
1776668212412,2026-04-20 06:56:52,WhatsApp,628221727219,Pribadi
1776693803412,2026-04-20 14:03:23,WhatsApp,628601638529,Pribadi
1776678734412,2026-04-20 09:52:14,WhatsApp,628310495442,Grup
1776709775412,2026-04-20 18:29:35,WhatsApp,628973531366,Grup
1776664306412,2026-04-20 05:51:46,WhatsApp,628843785735,Grup
1776726867412,2026-04-20 23:14:27,WhatsApp,628834763288,Grup
1776662825412,2026-04-20 05:27:05,WhatsApp,628215897586,Pribadi
1776645293412,2026-04-20 00:34:53,WhatsApp,628746567279,Pribadi
1776709445412,2026-04-20 18:24:05,WhatsApp,628479896686,Pribadi
1776673729412,2026-04-20 08:28:49,WhatsApp,628913182255,Grup
1776656472412,2026-04-20 03:41:12,WhatsApp,628753711535,Grup
1776679089412,2026-04-20 09:58:09,WhatsApp,628969825333,Pribadi
1776656095412,2026-04-20 03:34:55,WhatsApp,628203672217,Grup
1776712383412,2026-04-20 19:13:03,WhatsApp,628160207831,Grup
1776647286412,2026-04-20 01:08:06,WhatsApp,62894579423,Grup
1776676417412,2026-04-20 09:13:37,WhatsApp,628595301580,Grup
1776710721412,2026-04-20 18:45:21,WhatsApp,628968078663,Grup
1776702537412,2026-04-20 16:28:57,WhatsApp,62838514540,Grup
1776684374412,2026-04-20 11:26:14,WhatsApp,628872860758,Pribadi
1776694246412,2026-04-20 14:10:46,WhatsApp,628908703315,Grup
1776729412412,2026-04-20 23:56:52,WhatsApp,628571282503,Grup
1776701643412,2026-04-20 16:14:03,WhatsApp,628476651686,Pribadi
1776728677412,2026-04-20 23:44:37,WhatsApp,628381151378,Grup
1776683927412,2026-04-20 11:18:47,WhatsApp,628477536351,Grup
1776692626412,2026-04-20 13:43:46,WhatsApp,628557114019,Pribadi
1776696460412,2026-04-20 14:47:40,WhatsApp,628658921126,Pribadi
1776674355412,2026-04-20 08:39:15,WhatsApp,628870532761,Grup
1776655749412,2026-04-20 03:29:09,WhatsApp,6283862713,Grup
1776707522412,2026-04-20 17:52:02,WhatsApp,628625313208,Grup
1776721289412,2026-04-20 21:41:29,WhatsApp,628506933029,Grup
1776688750412,2026-04-20 12:39:10,WhatsApp,628684988025,Grup
1776704146412,2026-04-20 16:55:46,WhatsApp,628651785697,Grup
1776684192412,2026-04-20 11:23:12,WhatsApp,628400931489,Pribadi
1776648433412,2026-04-20 01:27:13,WhatsApp,628993049737,Pribadi
1776676198412,2026-04-20 09:09:58,WhatsApp,628892765717,Grup
1776677638412,2026-04-20 09:33:58,WhatsApp,628291651336,Pribadi
1776710261412,2026-04-20 18:37:41,WhatsApp,628664062198,Pribadi
1776705657412,2026-04-20 17:20:57,WhatsApp,628826665895,Pribadi
1776663133412,2026-04-20 05:32:13,WhatsApp,628480225694,Pribadi
1776712343412,2026-04-20 19:12:23,WhatsApp,628841817389,Grup
1776650382412,2026-04-20 01:59:42,WhatsApp,628856287471,Grup
1776701609412,2026-04-20 16:13:29,WhatsApp,628681676642,Grup
1776716195412,2026-04-20 20:16:35,WhatsApp,628325504556,Grup
1776686715412,2026-04-20 12:05:15,WhatsApp,628569028243,Pribadi
1776657579412,2026-04-20 03:59:39,WhatsApp,628352957482,Pribadi
1776722085412,2026-04-20 21:54:45,WhatsApp,628502593849,Grup
1776712029412,2026-04-20 19:07:09,WhatsApp,628212287429,Pribadi
1776679474412,2026-04-20 10:04:34,WhatsApp,628881756774,Grup
1776655265412,2026-04-20 03:21:05,WhatsApp,628443730903,Grup
1776718949412,2026-04-20 21:02:29,WhatsApp,628203359918,Grup
1776713974412,2026-04-20 19:39:34,WhatsApp,628437067686,Grup
1776668673412,2026-04-20 07:04:33,WhatsApp,62884366634,Pribadi
1776672392412,2026-04-20 08:06:32,WhatsApp,628707215604,Pribadi
1776667674412,2026-04-20 06:47:54,WhatsApp,62894013840,Grup
1776728755412,2026-04-20 23:45:55,WhatsApp,628293801761,Grup
1776672687412,2026-04-20 08:11:27,WhatsApp,628170565046,Pribadi
1776722578412,2026-04-20 22:02:58,WhatsApp,628397089149,Grup
1776704456412,2026-04-20 17:00:56,WhatsApp,628911436708,Pribadi
1776657924412,2026-04-20 04:05:24,WhatsApp,628498865806,Grup
1776689251412,2026-04-20 12:47:31,WhatsApp,628590163730,Pribadi
1776670243412,2026-04-20 07:30:43,WhatsApp,628147172424,Pribadi
1776692276412,2026-04-20 13:37:56,WhatsApp,628578296319,Pribadi
1776667453412,2026-04-20 06:44:13,WhatsApp,628404164674,Pribadi
1776702809412,2026-04-20 16:33:29,WhatsApp,628962008532,Grup
1776725564412,2026-04-20 22:52:44,WhatsApp,62892105581,Pribadi
1776713154412,2026-04-20 19:25:54,WhatsApp,628420301327,Grup
1776724013412,2026-04-20 22:26:53,WhatsApp,628166850950,Grup
1776696313412,2026-04-20 14:45:13,WhatsApp,62842852494,Grup
1776728299412,2026-04-20 23:38:19,WhatsApp,628708795022,Grup
1776717448412,2026-04-20 20:37:28,WhatsApp,628925231903,Pribadi
1776724582412,2026-04-20 22:36:22,WhatsApp,628135573425,Pribadi
1776671211412,2026-04-20 07:46:51,WhatsApp,62827727896,Grup
1776713057412,2026-04-20 19:24:17,WhatsApp,628936266471,Grup
1776676079412,2026-04-20 09:07:59,WhatsApp,628320690982,Pribadi
1776650688412,2026-04-20 02:04:48,WhatsApp,628252618219,Grup
1776698270412,2026-04-20 15:17:50,WhatsApp,628366424858,Pribadi
1776656773412,2026-04-20 03:46:13,WhatsApp,628838568336,Grup
1776713865412,2026-04-20 19:37:45,WhatsApp,628674543565,Grup
1776686392412,2026-04-20 11:59:52,WhatsApp,628792354707,Pribadi
1776672772412,2026-04-20 08:12:52,WhatsApp,628972707916,Grup
1776662033412,2026-04-20 05:13:53,WhatsApp,628496840419,Pribadi
1776697948412,2026-04-20 15:12:28,WhatsApp,628627403094,Pribadi
1776691308412,2026-04-20 13:21:48,WhatsApp,628126973473,Pribadi
1776678907412,2026-04-20 09:55:07,WhatsApp,628370161476,Pribadi
1776686541412,2026-04-20 12:02:21,WhatsApp,628423411474,Grup
1776720126412,2026-04-20 21:22:06,WhatsApp,628873355281,Grup
1776663869412,2026-04-20 05:44:29,WhatsApp,628932502610,Pribadi
1776669123412,2026-04-20 07:12:03,WhatsApp,628934402661,Pribadi
1776663446412,2026-04-20 05:37:26,WhatsApp,628562676970,Grup
1776689387412,2026-04-20 12:49:47,WhatsApp,628219769163,Grup
1776687431412,2026-04-20 12:17:11,WhatsApp,628584012276,Grup
1776659414412,2026-04-20 04:30:14,WhatsApp,62814310349,Grup
1776714135412,2026-04-20 19:42:15,WhatsApp,6288514825,Grup
1776701051412,2026-04-20 16:04:11,WhatsApp,628562671772,Pribadi
1776703281412,2026-04-20 16:41:21,WhatsApp,628791397484,Grup
1776659351412,2026-04-20 04:29:11,WhatsApp,628327825320,Grup
1776694985412,2026-04-20 14:23:05,WhatsApp,628723560733,Grup
1776725902412,2026-04-20 22:58:22,WhatsApp,628892369387,Pribadi
1776716978412,2026-04-20 20:29:38,WhatsApp,628450980661,Pribadi
1776695805412,2026-04-20 14:36:45,WhatsApp,628131829072,Grup
1776705100412,2026-04-20 17:11:40,WhatsApp,628364542951,Pribadi
1776725919412,2026-04-20 22:58:39,WhatsApp,628109882235,Pribadi
1776706068412,2026-04-20 17:27:48,WhatsApp,628377407740,Pribadi
1776727892412,2026-04-20 23:31:32,WhatsApp,628840286238,Grup
1776673445412,2026-04-20 08:24:05,WhatsApp,62874962926,Grup
1776679676412,2026-04-20 10:07:56,WhatsApp,628103051602,Grup
1776674609412,2026-04-20 08:43:29,WhatsApp,628740848910,Grup
1776720709412,2026-04-20 21:31:49,WhatsApp,628112498062,Grup
1776719173412,2026-04-20 21:06:13,WhatsApp,628482715273,Grup
1776646339412,2026-04-20 00:52:19,WhatsApp,628178200353,Grup
1776666375412,2026-04-20 06:26:15,WhatsApp,628619618755,Pribadi
1776667876412,2026-04-20 06:51:16,WhatsApp,628537858926,Grup
1776650354412,2026-04-20 01:59:14,WhatsApp,628748299515,Grup
1776699641412,2026-04-20 15:40:41,WhatsApp,628545855673,Grup
1776660617412,2026-04-20 04:50:17,WhatsApp,628186683193,Pribadi
1776665137412,2026-04-20 06:05:37,WhatsApp,62890119226,Pribadi
1776672615412,2026-04-20 08:10:15,WhatsApp,628769195324,Grup
1776720932412,2026-04-20 21:35:32,WhatsApp,628452124580,Pribadi
1776681297412,2026-04-20 10:34:57,WhatsApp,628461728180,Pribadi
1776652406412,2026-04-20 02:33:26,WhatsApp,628257200268,Pribadi
1776714701412,2026-04-20 19:51:41,WhatsApp,628859882426,Grup
1776720011412,2026-04-20 21:20:11,WhatsApp,628575783327,Pribadi
1776660627412,2026-04-20 04:50:27,WhatsApp,628526283828,Pribadi
1776711764412,2026-04-20 19:02:44,WhatsApp,628210719439,Pribadi
1776729082412,2026-04-20 23:51:22,WhatsApp,628857253096,Grup
1776689715412,2026-04-20 12:55:15,WhatsApp,628800200122,Grup
1776709344412,2026-04-20 18:22:24,WhatsApp,628842963327,Pribadi
1776674508412,2026-04-20 08:41:48,WhatsApp,62814612937,Grup
1776722923412,2026-04-20 22:08:43,WhatsApp,628536145014,Grup
1776710968412,2026-04-20 18:49:28,WhatsApp,628559452351,Grup
1776646708412,2026-04-20 00:58:28,WhatsApp,628495091392,Grup
1776726899412,2026-04-20 23:14:59,WhatsApp,62877931487,Pribadi
1776662121412,2026-04-20 05:15:21,WhatsApp,628878526712,Grup
1776648966412,2026-04-20 01:36:06,WhatsApp,628985125011,Grup
1776714489412,2026-04-20 19:48:09,Discord,user42265,Server
1776722717412,2026-04-20 22:05:17,Discord,user17812,Server
1776656333412,2026-04-20 03:38:53,Discord,user70528,Server
1776723087412,2026-04-20 22:11:27,Discord,user6476,Server
1776680006412,2026-04-20 10:13:26,Discord,user2855,Server
1776708671412,2026-04-20 18:11:11,Discord,user13927,Server
1776705408412,2026-04-20 17:16:48,Discord,user65348,Server
1776662392412,2026-04-20 05:19:52,Discord,user29078,Server
1776664300412,2026-04-20 05:51:40,Discord,user81848,DM
1776651345412,2026-04-20 02:15:45,Discord,user53996,Server
1776653395412,2026-04-20 02:49:55,Discord,user37417,Server
1776645365412,2026-04-20 00:36:05,Discord,user82695,Server
1776695649412,2026-04-20 14:34:09,Discord,user52658,Server
1776688271412,2026-04-20 12:31:11,Discord,user57547,Server
1776709217412,2026-04-20 18:20:17,Discord,user73608,Server
1776676318412,2026-04-20 09:11:58,Discord,user45571,DM
1776691761412,2026-04-20 13:29:21,Discord,user10789,Server
1776673308412,2026-04-20 08:21:48,Discord,user65957,DM
1776673471412,2026-04-20 08:24:31,Discord,user47207,DM
1776676442412,2026-04-20 09:14:02,Discord,user31501,Server
1776670962412,2026-04-20 07:42:42,Discord,user34201,DM
1776677877412,2026-04-20 09:37:57,Discord,user44209,Server
1776684519412,2026-04-20 11:28:39,Discord,user8676,DM
1776697620412,2026-04-20 15:07:00,Discord,user45699,Server
1776721599412,2026-04-20 21:46:39,Discord,user45503,DM
1776699499412,2026-04-20 15:38:19,Discord,user74920,DM
1776675831412,2026-04-20 09:03:51,Discord,user3301,Server
1776657643412,2026-04-20 04:00:43,Discord,user78395,DM
1776666751412,2026-04-20 06:32:31,Discord,user27031,Server
1776686179412,2026-04-20 11:56:19,Discord,user55812,DM
1776712938412,2026-04-20 19:22:18,Discord,user63300,Server
1776657576412,2026-04-20 03:59:36,Discord,user19808,DM
1776728317412,2026-04-20 23:38:37,Discord,user70555,Server
1776699225412,2026-04-20 15:33:45,Discord,user16889,Server
1776727229412,2026-04-20 23:20:29,Discord,user87546,DM
1776683677412,2026-04-20 11:14:37,Discord,user83641,Server
1776700441412,2026-04-20 15:54:01,Discord,user40036,DM
1776725765412,2026-04-20 22:56:05,Discord,user55372,DM
1776655736412,2026-04-20 03:28:56,Discord,user55698,DM
1776668559412,2026-04-20 07:02:39,Discord,user32973,Server
1776724300412,2026-04-20 22:31:40,Discord,user45973,Server
1776679821412,2026-04-20 10:10:21,Discord,user77170,DM
1776729130412,2026-04-20 23:52:10,Discord,user96470,Server
1776675841412,2026-04-20 09:04:01,Discord,user92022,DM
1776672228412,2026-04-20 08:03:48,Discord,user98047,Server
1776727633412,2026-04-20 23:27:13,Discord,user20591,Server
1776705204412,2026-04-20 17:13:24,Discord,user63857,Server
1776693338412,2026-04-20 13:55:38,Discord,user97442,Server
1776666386412,2026-04-20 06:26:26,Discord,user49290,DM
1776651392412,2026-04-20 02:16:32,Discord,user83252,DM
1776794902412,2026-04-21 18:08:22,WhatsApp,628701259733,Grup
1776730818412,2026-04-21 00:20:18,WhatsApp,62872035115,Grup
1776758224412,2026-04-21 07:57:04,WhatsApp,628558616832,Pribadi
1776788899412,2026-04-21 16:28:19,WhatsApp,628300818865,Grup
1776773748412,2026-04-21 12:15:48,WhatsApp,62888118658,Pribadi
1776776337412,2026-04-21 12:58:57,WhatsApp,628436787577,Pribadi
1776766402412,2026-04-21 10:13:22,WhatsApp,62871114676,Pribadi
1776740078412,2026-04-21 02:54:38,WhatsApp,62870811567,Grup
1776804954412,2026-04-21 20:55:54,WhatsApp,628393009097,Grup
1776796199412,2026-04-21 18:29:59,WhatsApp,628113552664,Pribadi
1776803479412,2026-04-21 20:31:19,WhatsApp,628525708820,Grup
1776787473412,2026-04-21 16:04:33,WhatsApp,628615921758,Pribadi
1776763755412,2026-04-21 09:29:15,WhatsApp,628895757434,Pribadi
1776769668412,2026-04-21 11:07:48,WhatsApp,628313584062,Pribadi
1776768828412,2026-04-21 10:53:48,WhatsApp,628380093378,Grup
1776736797412,2026-04-21 01:59:57,WhatsApp,628670946200,Grup
1776733100412,2026-04-21 00:58:20,WhatsApp,628978329963,Pribadi
1776814196412,2026-04-21 23:29:56,WhatsApp,628274825038,Pribadi
1776756402412,2026-04-21 07:26:42,WhatsApp,628806961312,Pribadi
1776755989412,2026-04-21 07:19:49,WhatsApp,628106662766,Grup
1776764555412,2026-04-21 09:42:35,WhatsApp,628865411280,Grup
1776777813412,2026-04-21 13:23:33,WhatsApp,628779323947,Pribadi
1776777323412,2026-04-21 13:15:23,WhatsApp,628565097482,Grup
1776758436412,2026-04-21 08:00:36,WhatsApp,628219335783,Pribadi
1776737887412,2026-04-21 02:18:07,WhatsApp,628416636229,Pribadi
1776802927412,2026-04-21 20:22:07,WhatsApp,628540744216,Grup
1776741911412,2026-04-21 03:25:11,WhatsApp,628969576659,Pribadi
1776779521412,2026-04-21 13:52:01,WhatsApp,628326371302,Grup
1776735345412,2026-04-21 01:35:45,WhatsApp,628949839176,Grup
1776734945412,2026-04-21 01:29:05,WhatsApp,62822152133,Grup
1776736388412,2026-04-21 01:53:08,WhatsApp,628602185181,Grup
1776807373412,2026-04-21 21:36:13,WhatsApp,628413719832,Pribadi
1776811171412,2026-04-21 22:39:31,WhatsApp,628731067988,Grup
1776812546412,2026-04-21 23:02:26,WhatsApp,628508032430,Pribadi
1776731232412,2026-04-21 00:27:12,WhatsApp,628349017697,Grup
1776762098412,2026-04-21 09:01:38,WhatsApp,628390635028,Grup
1776740552412,2026-04-21 03:02:32,WhatsApp,62890538711,Pribadi
1776736350412,2026-04-21 01:52:30,WhatsApp,628699539490,Grup
1776738958412,2026-04-21 02:35:58,WhatsApp,628665355190,Grup
1776761762412,2026-04-21 08:56:02,WhatsApp,628854948109,Pribadi
1776784394412,2026-04-21 15:13:14,WhatsApp,628988028704,Grup
1776742299412,2026-04-21 03:31:39,WhatsApp,628753620821,Grup
1776793524412,2026-04-21 17:45:24,WhatsApp,628540972514,Grup
1776732033412,2026-04-21 00:40:33,WhatsApp,628353192499,Grup
1776783722412,2026-04-21 15:02:02,WhatsApp,628896013233,Pribadi
1776765094412,2026-04-21 09:51:34,WhatsApp,628447524197,Grup
1776793656412,2026-04-21 17:47:36,WhatsApp,628163809758,Grup
1776779601412,2026-04-21 13:53:21,WhatsApp,628835625237,Pribadi
1776737752412,2026-04-21 02:15:52,WhatsApp,628415672447,Grup
1776750998412,2026-04-21 05:56:38,WhatsApp,62882909611,Grup
1776749960412,2026-04-21 05:39:20,WhatsApp,628102549370,Pribadi
1776753195412,2026-04-21 06:33:15,WhatsApp,628852042735,Pribadi
1776813109412,2026-04-21 23:11:49,WhatsApp,628771406432,Pribadi
1776781514412,2026-04-21 14:25:14,WhatsApp,628351386736,Grup
1776770650412,2026-04-21 11:24:10,WhatsApp,628540564510,Pribadi
1776795097412,2026-04-21 18:11:37,WhatsApp,62867465249,Pribadi
1776753740412,2026-04-21 06:42:20,WhatsApp,628684714794,Grup
1776749850412,2026-04-21 05:37:30,WhatsApp,628816055884,Grup
1776783262412,2026-04-21 14:54:22,WhatsApp,628776418020,Grup
1776732168412,2026-04-21 00:42:48,WhatsApp,628622126327,Grup
1776774918412,2026-04-21 12:35:18,WhatsApp,628945635786,Pribadi
1776747216412,2026-04-21 04:53:36,WhatsApp,628630978841,Pribadi
1776803978412,2026-04-21 20:39:38,WhatsApp,628407043935,Grup
1776751615412,2026-04-21 06:06:55,WhatsApp,628376746924,Grup
1776769977412,2026-04-21 11:12:57,WhatsApp,628827385164,Grup
1776809737412,2026-04-21 22:15:37,WhatsApp,628429897378,Pribadi
1776800505412,2026-04-21 19:41:45,WhatsApp,628129080794,Grup
1776768023412,2026-04-21 10:40:23,WhatsApp,628792585815,Pribadi
1776798320412,2026-04-21 19:05:20,WhatsApp,628166093517,Pribadi
1776790576412,2026-04-21 16:56:16,WhatsApp,628699936154,Grup
1776739239412,2026-04-21 02:40:39,WhatsApp,628614804883,Pribadi
1776743245412,2026-04-21 03:47:25,WhatsApp,628553294288,Pribadi
1776766033412,2026-04-21 10:07:13,WhatsApp,628609924109,Grup
1776775363412,2026-04-21 12:42:43,WhatsApp,628951263668,Pribadi
1776814246412,2026-04-21 23:30:46,WhatsApp,62845309910,Grup
1776773780412,2026-04-21 12:16:20,WhatsApp,628649947577,Grup
1776740589412,2026-04-21 03:03:09,WhatsApp,62898865443,Pribadi
1776812484412,2026-04-21 23:01:24,WhatsApp,628505510913,Pribadi
1776742093412,2026-04-21 03:28:13,WhatsApp,628666734993,Grup
1776782793412,2026-04-21 14:46:33,WhatsApp,628753726342,Grup
1776770937412,2026-04-21 11:28:57,WhatsApp,628137666949,Grup
1776750772412,2026-04-21 05:52:52,WhatsApp,628321234721,Grup
1776740731412,2026-04-21 03:05:31,WhatsApp,628159168117,Pribadi
1776767939412,2026-04-21 10:38:59,WhatsApp,628710816581,Grup
1776753164412,2026-04-21 06:32:44,WhatsApp,628894124855,Grup
1776755825412,2026-04-21 07:17:05,WhatsApp,628828236634,Grup
1776756837412,2026-04-21 07:33:57,WhatsApp,628352629133,Pribadi
1776756010412,2026-04-21 07:20:10,WhatsApp,628651320832,Grup
1776734192412,2026-04-21 01:16:32,WhatsApp,628628930977,Pribadi
1776748979412,2026-04-21 05:22:59,WhatsApp,628305663126,Grup
1776764036412,2026-04-21 09:33:56,WhatsApp,628260206487,Grup
1776795263412,2026-04-21 18:14:23,WhatsApp,628658125611,Pribadi
1776754363412,2026-04-21 06:52:43,WhatsApp,628440800229,Grup
1776796184412,2026-04-21 18:29:44,WhatsApp,628535987454,Grup
1776766587412,2026-04-21 10:16:27,WhatsApp,628255532677,Pribadi
1776768568412,2026-04-21 10:49:28,WhatsApp,62896385850,Grup
1776736704412,2026-04-21 01:58:24,WhatsApp,628737806360,Grup
1776747801412,2026-04-21 05:03:21,WhatsApp,628938221194,Grup
1776738170412,2026-04-21 02:22:50,WhatsApp,628380207054,Pribadi
1776742022412,2026-04-21 03:27:02,WhatsApp,62827251881,Pribadi
1776813973412,2026-04-21 23:26:13,WhatsApp,628262392349,Grup
1776772589412,2026-04-21 11:56:29,WhatsApp,62852258527,Pribadi
1776741927412,2026-04-21 03:25:27,WhatsApp,628970788916,Pribadi
1776791196412,2026-04-21 17:06:36,WhatsApp,62869123519,Grup
1776756076412,2026-04-21 07:21:16,WhatsApp,628205597021,Grup
1776783038412,2026-04-21 14:50:38,WhatsApp,628507789393,Pribadi
1776788363412,2026-04-21 16:19:23,WhatsApp,628792756287,Pribadi
1776805880412,2026-04-21 21:11:20,WhatsApp,628767296037,Pribadi
1776799686412,2026-04-21 19:28:06,WhatsApp,628414934439,Pribadi
1776766708412,2026-04-21 10:18:28,WhatsApp,628433972652,Pribadi
1776764216412,2026-04-21 09:36:56,WhatsApp,628164250353,Pribadi
1776740235412,2026-04-21 02:57:15,WhatsApp,628110083516,Pribadi
1776730172412,2026-04-21 00:09:32,WhatsApp,628199983561,Pribadi
1776815836412,2026-04-21 23:57:16,WhatsApp,62898796674,Grup
1776734180412,2026-04-21 01:16:20,WhatsApp,628203778207,Pribadi
1776789714412,2026-04-21 16:41:54,WhatsApp,628839661701,Grup
1776784493412,2026-04-21 15:14:53,WhatsApp,628766060643,Pribadi
1776774879412,2026-04-21 12:34:39,WhatsApp,628650850355,Grup
1776801347412,2026-04-21 19:55:47,WhatsApp,628846155849,Grup
1776732895412,2026-04-21 00:54:55,WhatsApp,628118321934,Grup
1776771881412,2026-04-21 11:44:41,WhatsApp,628369671913,Pribadi
1776814255412,2026-04-21 23:30:55,WhatsApp,628354612476,Grup
1776762496412,2026-04-21 09:08:16,WhatsApp,628735818669,Grup
1776798314412,2026-04-21 19:05:14,WhatsApp,628839446794,Grup
1776787587412,2026-04-21 16:06:27,WhatsApp,628224701522,Grup
1776729615412,2026-04-21 00:00:15,WhatsApp,628714450739,Grup
1776798527412,2026-04-21 19:08:47,WhatsApp,628144805930,Grup
1776804066412,2026-04-21 20:41:06,WhatsApp,62856441427,Pribadi
1776747450412,2026-04-21 04:57:30,WhatsApp,628480967920,Grup
1776794717412,2026-04-21 18:05:17,WhatsApp,628304146858,Grup
1776796854412,2026-04-21 18:40:54,WhatsApp,628779555845,Pribadi
1776754781412,2026-04-21 06:59:41,WhatsApp,628736171655,Pribadi
1776744526412,2026-04-21 04:08:46,WhatsApp,628158503464,Grup
1776792024412,2026-04-21 17:20:24,WhatsApp,628755999435,Pribadi
1776815746412,2026-04-21 23:55:46,WhatsApp,628387839754,Pribadi
1776772398412,2026-04-21 11:53:18,WhatsApp,628256513103,Grup
1776764976412,2026-04-21 09:49:36,WhatsApp,628826588049,Grup
1776794410412,2026-04-21 18:00:10,WhatsApp,628783114332,Grup
1776769429412,2026-04-21 11:03:49,WhatsApp,628866128425,Grup
1776802075412,2026-04-21 20:07:55,WhatsApp,628820615032,Grup
1776798022412,2026-04-21 19:00:22,WhatsApp,628448036508,Grup
1776779976412,2026-04-21 13:59:36,WhatsApp,628456545649,Grup
1776737665412,2026-04-21 02:14:25,WhatsApp,628633229728,Grup
1776790242412,2026-04-21 16:50:42,WhatsApp,628436367146,Pribadi
1776799728412,2026-04-21 19:28:48,WhatsApp,628280196686,Grup
1776732339412,2026-04-21 00:45:39,WhatsApp,628219993098,Pribadi
1776743860412,2026-04-21 03:57:40,WhatsApp,628474800318,Grup
1776799840412,2026-04-21 19:30:40,WhatsApp,628670244770,Grup
1776784409412,2026-04-21 15:13:29,WhatsApp,628361044802,Grup
1776749105412,2026-04-21 05:25:05,WhatsApp,628477274260,Grup
1776736999412,2026-04-21 02:03:19,WhatsApp,628587155340,Pribadi
1776768507412,2026-04-21 10:48:27,WhatsApp,628185242089,Pribadi
1776759437412,2026-04-21 08:17:17,WhatsApp,628406015547,Grup
1776784298412,2026-04-21 15:11:38,WhatsApp,628712310275,Grup
1776804378412,2026-04-21 20:46:18,WhatsApp,628397149845,Grup
1776799245412,2026-04-21 19:20:45,WhatsApp,628397239715,Grup
1776768269412,2026-04-21 10:44:29,Discord,user4779,Server
1776747516412,2026-04-21 04:58:36,Discord,user23147,Server
1776732208412,2026-04-21 00:43:28,Discord,user50809,Server
1776797485412,2026-04-21 18:51:25,Discord,user5681,DM
1776770619412,2026-04-21 11:23:39,Discord,user4312,DM
1776805071412,2026-04-21 20:57:51,Discord,user62743,Server
1776780761412,2026-04-21 14:12:41,Discord,user44304,Server
1776768815412,2026-04-21 10:53:35,Discord,user37882,Server
1776778256412,2026-04-21 13:30:56,Discord,user21378,Server
1776730330412,2026-04-21 00:12:10,Discord,user35216,Server
1776733752412,2026-04-21 01:09:12,Discord,user66827,Server
1776780279412,2026-04-21 14:04:39,Discord,user70345,Server
1776745013412,2026-04-21 04:16:53,Discord,user21351,Server
1776808537412,2026-04-21 21:55:37,Discord,user39326,Server
1776780618412,2026-04-21 14:10:18,Discord,user86601,DM
1776735738412,2026-04-21 01:42:18,Discord,user54940,Server
1776765042412,2026-04-21 09:50:42,Discord,user96406,DM
1776806018412,2026-04-21 21:13:38,Discord,user92032,Server
1776799849412,2026-04-21 19:30:49,Discord,user21096,Server
1776797430412,2026-04-21 18:50:30,Discord,user23669,Server
1776738133412,2026-04-21 02:22:13,Discord,user89031,DM
1776792278412,2026-04-21 17:24:38,Discord,user40671,Server
1776748883412,2026-04-21 05:21:23,Discord,user60763,DM
1776794855412,2026-04-21 18:07:35,Discord,user57691,DM
1776811226412,2026-04-21 22:40:26,Discord,user69028,DM
1776787536412,2026-04-21 16:05:36,Discord,user61835,DM
1776768236412,2026-04-21 10:43:56,Discord,user20431,Server
1776793400412,2026-04-21 17:43:20,Discord,user35903,DM
1776790704412,2026-04-21 16:58:24,Discord,user53334,DM
1776790386412,2026-04-21 16:53:06,Discord,user68370,Server
1776790814412,2026-04-21 17:00:14,Discord,user46243,Server
1776769748412,2026-04-21 11:09:08,Discord,user60366,Server
1776779363412,2026-04-21 13:49:23,Discord,user9815,Server
1776763428412,2026-04-21 09:23:48,Discord,user62794,DM
1776733720412,2026-04-21 01:08:40,Discord,user17398,Server
1776772348412,2026-04-21 11:52:28,Discord,user76534,Server
1776808756412,2026-04-21 21:59:16,Discord,user25829,Server
1776784538412,2026-04-21 15:15:38,Discord,user48275,Server
1776756875412,2026-04-21 07:34:35,Discord,user80180,Server
1776734382412,2026-04-21 01:19:42,Discord,user64095,DM
1776785551412,2026-04-21 15:32:31,Discord,user20427,DM
1776807640412,2026-04-21 21:40:40,Discord,user39984,Server
1776744269412,2026-04-21 04:04:29,Discord,user54358,DM
1776781759412,2026-04-21 14:29:19,Discord,user73712,DM
1776780006412,2026-04-21 14:00:06,Discord,user43316,Server
1776740614412,2026-04-21 03:03:34,Discord,user98833,DM
1776764567412,2026-04-21 09:42:47,Discord,user89642,DM
1776902005412,2026-04-22 23:53:25,WhatsApp,628694068471,Grup
1776864972412,2026-04-22 13:36:12,WhatsApp,628596278561,Grup
1776886861412,2026-04-22 19:41:01,WhatsApp,628321535083,Grup
1776826632412,2026-04-22 02:57:12,WhatsApp,628265565236,Grup
1776886447412,2026-04-22 19:34:07,WhatsApp,628428399536,Grup
1776831222412,2026-04-22 04:13:42,WhatsApp,628167441826,Pribadi
1776872925412,2026-04-22 15:48:45,WhatsApp,628362291297,Pribadi
1776828822412,2026-04-22 03:33:42,WhatsApp,628362780038,Grup
1776834079412,2026-04-22 05:01:19,WhatsApp,628700389871,Grup
1776874412412,2026-04-22 16:13:32,WhatsApp,628521067793,Grup
1776828763412,2026-04-22 03:32:43,WhatsApp,628399107220,Grup
1776863815412,2026-04-22 13:16:55,WhatsApp,628537347589,Pribadi
1776864340412,2026-04-22 13:25:40,WhatsApp,628412647535,Grup
1776860100412,2026-04-22 12:15:00,WhatsApp,628212332674,Grup
1776895409412,2026-04-22 22:03:29,WhatsApp,628994349784,Pribadi
1776857813412,2026-04-22 11:36:53,WhatsApp,628287450609,Grup
1776860553412,2026-04-22 12:22:33,WhatsApp,628663763737,Grup
1776866617412,2026-04-22 14:03:37,WhatsApp,62840129054,Pribadi
1776830837412,2026-04-22 04:07:17,WhatsApp,628652495769,Grup
1776888243412,2026-04-22 20:04:03,WhatsApp,628384250109,Grup
1776836797412,2026-04-22 05:46:37,WhatsApp,628228941327,Grup
1776887159412,2026-04-22 19:45:59,WhatsApp,628275548834,Grup
1776849316412,2026-04-22 09:15:16,WhatsApp,628942933053,Grup
1776886516412,2026-04-22 19:35:16,WhatsApp,628492453013,Grup
1776862806412,2026-04-22 13:00:06,WhatsApp,628196123326,Grup
1776886426412,2026-04-22 19:33:46,WhatsApp,628400822089,Grup
1776826311412,2026-04-22 02:51:51,WhatsApp,628737751295,Pribadi
1776901013412,2026-04-22 23:36:53,WhatsApp,628293289885,Pribadi
1776897657412,2026-04-22 22:40:57,WhatsApp,628368256768,Pribadi
1776872458412,2026-04-22 15:40:58,WhatsApp,628280834984,Pribadi
1776877572412,2026-04-22 17:06:12,WhatsApp,62841346981,Grup
1776879774412,2026-04-22 17:42:54,WhatsApp,628784631922,Grup
1776862249412,2026-04-22 12:50:49,WhatsApp,628313691126,Grup
1776868215412,2026-04-22 14:30:15,WhatsApp,628721414396,Grup
1776847577412,2026-04-22 08:46:17,WhatsApp,62830638301,Grup
1776835491412,2026-04-22 05:24:51,WhatsApp,628934386477,Grup
1776829735412,2026-04-22 03:48:55,WhatsApp,628369995472,Pribadi
1776865076412,2026-04-22 13:37:56,WhatsApp,628385669673,Pribadi
1776840395412,2026-04-22 06:46:35,WhatsApp,628301740551,Grup
1776828368412,2026-04-22 03:26:08,WhatsApp,628780848102,Pribadi
1776883325412,2026-04-22 18:42:05,WhatsApp,628863143721,Grup
1776879256412,2026-04-22 17:34:16,WhatsApp,62858342858,Pribadi
1776865122412,2026-04-22 13:38:42,WhatsApp,62871889055,Grup
1776862384412,2026-04-22 12:53:04,WhatsApp,628614058539,Grup
1776856664412,2026-04-22 11:17:44,WhatsApp,628832778218,Grup
1776822726412,2026-04-22 01:52:06,WhatsApp,62885707343,Pribadi
1776882522412,2026-04-22 18:28:42,WhatsApp,628946488537,Pribadi
1776818903412,2026-04-22 00:48:23,WhatsApp,628319201982,Grup
1776852890412,2026-04-22 10:14:50,WhatsApp,628586995228,Grup
1776832569412,2026-04-22 04:36:09,WhatsApp,628569507105,Grup
1776851318412,2026-04-22 09:48:38,WhatsApp,628585187043,Grup
1776823240412,2026-04-22 02:00:40,WhatsApp,628894774234,Pribadi
1776865838412,2026-04-22 13:50:38,WhatsApp,628292975367,Grup
1776894832412,2026-04-22 21:53:52,WhatsApp,628494944571,Pribadi
1776836896412,2026-04-22 05:48:16,WhatsApp,62878072083,Pribadi
1776816265412,2026-04-22 00:04:25,WhatsApp,628122532382,Pribadi
1776872935412,2026-04-22 15:48:55,WhatsApp,628902693649,Pribadi
1776835148412,2026-04-22 05:19:08,WhatsApp,628293344447,Grup
1776897313412,2026-04-22 22:35:13,WhatsApp,628284651852,Grup
1776874230412,2026-04-22 16:10:30,WhatsApp,628440771783,Pribadi
1776828575412,2026-04-22 03:29:35,WhatsApp,62875966019,Grup
1776866947412,2026-04-22 14:09:07,WhatsApp,628276366,Grup
1776886668412,2026-04-22 19:37:48,WhatsApp,628873702596,Grup
1776829562412,2026-04-22 03:46:02,WhatsApp,628567468833,Pribadi
1776827263412,2026-04-22 03:07:43,WhatsApp,628653151104,Grup
1776857610412,2026-04-22 11:33:30,WhatsApp,628169355409,Grup
1776876201412,2026-04-22 16:43:21,WhatsApp,628146797402,Grup
1776843778412,2026-04-22 07:42:58,WhatsApp,628600279027,Pribadi
1776891329412,2026-04-22 20:55:29,WhatsApp,628390325933,Pribadi
1776844371412,2026-04-22 07:52:51,WhatsApp,628780307236,Grup
1776841711412,2026-04-22 07:08:31,WhatsApp,628281033221,Pribadi
1776821031412,2026-04-22 01:23:51,WhatsApp,628400841207,Grup
1776855242412,2026-04-22 10:54:02,WhatsApp,628153751532,Grup
1776882937412,2026-04-22 18:35:37,WhatsApp,628620504929,Grup
1776878642412,2026-04-22 17:24:02,WhatsApp,628812662536,Grup
1776878374412,2026-04-22 17:19:34,WhatsApp,628280296637,Pribadi
1776833783412,2026-04-22 04:56:23,WhatsApp,628359557654,Pribadi
1776833061412,2026-04-22 04:44:21,WhatsApp,628306830290,Pribadi
1776826328412,2026-04-22 02:52:08,WhatsApp,628787554558,Grup
1776833213412,2026-04-22 04:46:53,WhatsApp,628637200520,Pribadi
1776858862412,2026-04-22 11:54:22,WhatsApp,628732597973,Grup
1776842954412,2026-04-22 07:29:14,WhatsApp,62883478044,Grup
1776851110412,2026-04-22 09:45:10,WhatsApp,628206988343,Pribadi
1776900117412,2026-04-22 23:21:57,WhatsApp,628728021770,Grup
1776897990412,2026-04-22 22:46:30,WhatsApp,62897117550,Grup
1776820634412,2026-04-22 01:17:14,WhatsApp,62816862880,Pribadi
1776888133412,2026-04-22 20:02:13,WhatsApp,628138795054,Pribadi
1776869366412,2026-04-22 14:49:26,WhatsApp,628412964626,Pribadi
1776859607412,2026-04-22 12:06:47,WhatsApp,628157737735,Grup
1776833217412,2026-04-22 04:46:57,WhatsApp,628697760721,Grup
1776840134412,2026-04-22 06:42:14,WhatsApp,628966244800,Pribadi
1776825012412,2026-04-22 02:30:12,WhatsApp,628455957193,Grup
1776819800412,2026-04-22 01:03:20,WhatsApp,628622809240,Grup
1776897457412,2026-04-22 22:37:37,WhatsApp,628515820725,Grup
1776855372412,2026-04-22 10:56:12,WhatsApp,628839020180,Grup
1776884044412,2026-04-22 18:54:04,WhatsApp,628605564131,Grup
1776827408412,2026-04-22 03:10:08,WhatsApp,628134348315,Pribadi
1776846605412,2026-04-22 08:30:05,WhatsApp,628803909094,Grup
1776897384412,2026-04-22 22:36:24,WhatsApp,628954290533,Grup
1776902104412,2026-04-22 23:55:04,WhatsApp,62821983997,Pribadi
1776840921412,2026-04-22 06:55:21,WhatsApp,628930249482,Grup
1776894109412,2026-04-22 21:41:49,WhatsApp,628646200101,Pribadi
1776817039412,2026-04-22 00:17:19,WhatsApp,628958211193,Grup
1776864077412,2026-04-22 13:21:17,WhatsApp,628856306236,Grup
1776862574412,2026-04-22 12:56:14,WhatsApp,628751893557,Grup
1776851180412,2026-04-22 09:46:20,WhatsApp,628929703209,Pribadi
1776890897412,2026-04-22 20:48:17,WhatsApp,628593729216,Grup
1776879108412,2026-04-22 17:31:48,WhatsApp,628406278783,Grup
1776830645412,2026-04-22 04:04:05,WhatsApp,628956770747,Pribadi
1776886886412,2026-04-22 19:41:26,WhatsApp,628538010355,Pribadi
1776831830412,2026-04-22 04:23:50,WhatsApp,628163673039,Pribadi
1776872240412,2026-04-22 15:37:20,WhatsApp,628506094590,Grup
1776818211412,2026-04-22 00:36:51,WhatsApp,628818015970,Pribadi
1776837951412,2026-04-22 06:05:51,WhatsApp,628813714838,Grup
1776841740412,2026-04-22 07:09:00,WhatsApp,628594609475,Pribadi
1776897938412,2026-04-22 22:45:38,WhatsApp,628334066276,Grup
1776837597412,2026-04-22 05:59:57,WhatsApp,628736233464,Grup
1776847246412,2026-04-22 08:40:46,WhatsApp,628586874886,Pribadi
1776898768412,2026-04-22 22:59:28,WhatsApp,628362601812,Pribadi
1776845645412,2026-04-22 08:14:05,WhatsApp,628303387914,Pribadi
1776885147412,2026-04-22 19:12:27,WhatsApp,628261775065,Pribadi
1776819523412,2026-04-22 00:58:43,WhatsApp,628535197099,Grup
1776894271412,2026-04-22 21:44:31,WhatsApp,628695487142,Pribadi
1776866297412,2026-04-22 13:58:17,WhatsApp,628722656953,Pribadi
1776885419412,2026-04-22 19:16:59,WhatsApp,628345804072,Grup
1776895081412,2026-04-22 21:58:01,WhatsApp,628411822353,Pribadi
1776838278412,2026-04-22 06:11:18,WhatsApp,628829269337,Grup
1776829393412,2026-04-22 03:43:13,WhatsApp,628487743802,Grup
1776847375412,2026-04-22 08:42:55,WhatsApp,628703161829,Grup
1776836209412,2026-04-22 05:36:49,WhatsApp,628458158845,Pribadi
1776869311412,2026-04-22 14:48:31,WhatsApp,62847437591,Grup
1776828885412,2026-04-22 03:34:45,WhatsApp,628374135565,Pribadi
1776881673412,2026-04-22 18:14:33,WhatsApp,628477572798,Pribadi
1776874839412,2026-04-22 16:20:39,WhatsApp,628801235668,Grup
1776874971412,2026-04-22 16:22:51,WhatsApp,628670126271,Grup
1776820505412,2026-04-22 01:15:05,WhatsApp,628160540859,Grup
1776839137412,2026-04-22 06:25:37,WhatsApp,628585974984,Grup
1776821503412,2026-04-22 01:31:43,WhatsApp,628130657757,Pribadi
1776853739412,2026-04-22 10:28:59,WhatsApp,628657496210,Grup
1776845887412,2026-04-22 08:18:07,WhatsApp,628437996378,Grup
1776890154412,2026-04-22 20:35:54,WhatsApp,628510635021,Grup
1776880272412,2026-04-22 17:51:12,WhatsApp,628503904458,Pribadi
1776836525412,2026-04-22 05:42:05,WhatsApp,628473949382,Grup
1776842942412,2026-04-22 07:29:02,WhatsApp,628546410318,Grup
1776836824412,2026-04-22 05:47:04,WhatsApp,628670461384,Pribadi
1776855299412,2026-04-22 10:54:59,WhatsApp,628504083128,Grup
1776901578412,2026-04-22 23:46:18,Discord,user69434,Server
1776818734412,2026-04-22 00:45:34,Discord,user2817,Server
1776869869412,2026-04-22 14:57:49,Discord,user326,DM
1776901367412,2026-04-22 23:42:47,Discord,user14532,Server
1776883285412,2026-04-22 18:41:25,Discord,user88607,DM
1776890851412,2026-04-22 20:47:31,Discord,user18494,Server
1776852970412,2026-04-22 10:16:10,Discord,user93032,Server
1776855940412,2026-04-22 11:05:40,Discord,user35389,Server
1776854663412,2026-04-22 10:44:23,Discord,user69989,DM
1776827948412,2026-04-22 03:19:08,Discord,user85426,DM
1776876217412,2026-04-22 16:43:37,Discord,user86059,DM
1776897478412,2026-04-22 22:37:58,Discord,user8184,DM
1776863602412,2026-04-22 13:13:22,Discord,user22454,Server
1776842326412,2026-04-22 07:18:46,Discord,user88425,Server
1776864639412,2026-04-22 13:30:39,Discord,user68645,DM
1776876438412,2026-04-22 16:47:18,Discord,user33828,Server
1776879379412,2026-04-22 17:36:19,Discord,user56546,DM
1776882559412,2026-04-22 18:29:19,Discord,user75273,DM
1776879116412,2026-04-22 17:31:56,Discord,user87963,Server
1776823895412,2026-04-22 02:11:35,Discord,user61254,Server
1776845569412,2026-04-22 08:12:49,Discord,user40119,DM
1776852792412,2026-04-22 10:13:12,Discord,user52898,Server
1776845619412,2026-04-22 08:13:39,Discord,user86204,Server
1776816201412,2026-04-22 00:03:21,Discord,user73087,Server
1776834077412,2026-04-22 05:01:17,Discord,user50462,DM
1776901643412,2026-04-22 23:47:23,Discord,user89821,Server
1776873690412,2026-04-22 16:01:30,Discord,user98885,DM
1776866436412,2026-04-22 14:00:36,Discord,user42838,DM
1776834637412,2026-04-22 05:10:37,Discord,user28171,Server
1776827017412,2026-04-22 03:03:37,Discord,user74505,DM
1776861800412,2026-04-22 12:43:20,Discord,user463,Server
1776826381412,2026-04-22 02:53:01,Discord,user91156,Server
1776863594412,2026-04-22 13:13:14,Discord,user97589,Server
1776874684412,2026-04-22 16:18:04,Discord,user91747,DM
1776901556412,2026-04-22 23:45:56,Discord,user99098,DM
1776834882412,2026-04-22 05:14:42,Discord,user93633,Server
1776834771412,2026-04-22 05:12:51,Discord,user97186,DM
1776817533412,2026-04-22 00:25:33,Discord,user94781,DM
1776824071412,2026-04-22 02:14:31,Discord,user52682,Server
1776837013412,2026-04-22 05:50:13,Discord,user49324,Server
1776870874412,2026-04-22 15:14:34,Discord,user65724,DM
1776901467412,2026-04-22 23:44:27,Discord,user27715,DM
1776817833412,2026-04-22 00:30:33,Discord,user18643,DM
1776824619412,2026-04-22 02:23:39,Discord,user70096,DM
1776874913412,2026-04-22 16:21:53,Discord,user86877,DM
1776877441412,2026-04-22 17:04:01,Discord,user39949,DM
1776974568412,2026-04-23 20:02:48,WhatsApp,628195443739,Pribadi
1776963101412,2026-04-23 16:51:41,WhatsApp,628582987562,Pribadi
1776920858412,2026-04-23 05:07:38,WhatsApp,628287042619,Grup
1776960523412,2026-04-23 16:08:43,WhatsApp,628729605255,Grup
1776956297412,2026-04-23 14:58:17,WhatsApp,628769537320,Pribadi
1776911034412,2026-04-23 02:23:54,WhatsApp,628326937616,Pribadi
1776909651412,2026-04-23 02:00:51,WhatsApp,62821889069,Pribadi
1776970283412,2026-04-23 18:51:23,WhatsApp,628786649939,Pribadi
1776910174412,2026-04-23 02:09:34,WhatsApp,628742198133,Pribadi
1776947138412,2026-04-23 12:25:38,WhatsApp,628528448301,Grup
1776920091412,2026-04-23 04:54:51,WhatsApp,62858256744,Pribadi
1776912474412,2026-04-23 02:47:54,WhatsApp,628952701725,Pribadi
1776946577412,2026-04-23 12:16:17,WhatsApp,628138235791,Grup
1776934926412,2026-04-23 09:02:06,WhatsApp,628280401319,Grup
1776971703412,2026-04-23 19:15:03,WhatsApp,62841655378,Grup
1776909120412,2026-04-23 01:52:00,WhatsApp,62871620250,Grup
1776905368412,2026-04-23 00:49:28,WhatsApp,628232374284,Grup
1776963808412,2026-04-23 17:03:28,WhatsApp,628812797525,Grup
1776986973412,2026-04-23 23:29:33,WhatsApp,628879957838,Pribadi
1776950139412,2026-04-23 13:15:39,WhatsApp,628531874293,Grup
1776913019412,2026-04-23 02:56:59,WhatsApp,628461726609,Pribadi
1776966150412,2026-04-23 17:42:30,WhatsApp,628444774778,Grup
1776935055412,2026-04-23 09:04:15,WhatsApp,628874309041,Pribadi
1776932752412,2026-04-23 08:25:52,WhatsApp,628131157170,Grup
1776928583412,2026-04-23 07:16:23,WhatsApp,628518354707,Grup
1776945449412,2026-04-23 11:57:29,WhatsApp,628349944830,Pribadi
1776939071412,2026-04-23 10:11:11,WhatsApp,628962580671,Pribadi
1776968058412,2026-04-23 18:14:18,WhatsApp,628732742251,Grup
1776955801412,2026-04-23 14:50:01,WhatsApp,628146735716,Pribadi
1776943266412,2026-04-23 11:21:06,WhatsApp,628377765491,Grup
1776923306412,2026-04-23 05:48:26,WhatsApp,628116445352,Pribadi
1776935031412,2026-04-23 09:03:51,WhatsApp,628489772403,Pribadi
1776951728412,2026-04-23 13:42:08,WhatsApp,628291720717,Grup
1776951320412,2026-04-23 13:35:20,WhatsApp,628237690357,Pribadi
1776970265412,2026-04-23 18:51:05,WhatsApp,628100573505,Grup
1776954392412,2026-04-23 14:26:32,WhatsApp,628716045568,Grup
1776936197412,2026-04-23 09:23:17,WhatsApp,62893289898,Pribadi
1776977807412,2026-04-23 20:56:47,WhatsApp,628197728416,Grup
1776937212412,2026-04-23 09:40:12,WhatsApp,628646374891,Pribadi
1776973957412,2026-04-23 19:52:37,WhatsApp,628147866804,Pribadi
1776971053412,2026-04-23 19:04:13,WhatsApp,628133770161,Grup
1776961950412,2026-04-23 16:32:30,WhatsApp,628153689996,Grup
1776960728412,2026-04-23 16:12:08,WhatsApp,628820210302,Pribadi
1776904202412,2026-04-23 00:30:02,WhatsApp,628721405959,Grup
1776927866412,2026-04-23 07:04:26,WhatsApp,628594833151,Grup
1776910659412,2026-04-23 02:17:39,WhatsApp,628329492537,Pribadi
1776981406412,2026-04-23 21:56:46,WhatsApp,628863440224,Grup
1776985101412,2026-04-23 22:58:21,WhatsApp,628318413649,Pribadi
1776946608412,2026-04-23 12:16:48,WhatsApp,628795442064,Grup
1776982507412,2026-04-23 22:15:07,WhatsApp,628340962834,Grup
1776956217412,2026-04-23 14:56:57,WhatsApp,628766850140,Pribadi
1776947491412,2026-04-23 12:31:31,WhatsApp,628811100736,Grup
1776984134412,2026-04-23 22:42:14,WhatsApp,62881639951,Grup
1776920801412,2026-04-23 05:06:41,WhatsApp,628941923379,Grup
1776903370412,2026-04-23 00:16:10,WhatsApp,62861254818,Grup
1776935775412,2026-04-23 09:16:15,WhatsApp,628777096504,Grup
1776938469412,2026-04-23 10:01:09,WhatsApp,628385577681,Pribadi
1776938386412,2026-04-23 09:59:46,WhatsApp,628695487978,Grup
1776967892412,2026-04-23 18:11:32,WhatsApp,628288902940,Pribadi
1776986129412,2026-04-23 23:15:29,WhatsApp,628298545726,Pribadi
1776923895412,2026-04-23 05:58:15,WhatsApp,628333880749,Grup
1776969169412,2026-04-23 18:32:49,WhatsApp,628909392661,Grup
1776909022412,2026-04-23 01:50:22,WhatsApp,628623194285,Grup
1776954350412,2026-04-23 14:25:50,WhatsApp,62897935125,Grup
1776974328412,2026-04-23 19:58:48,WhatsApp,628871556102,Grup
1776928331412,2026-04-23 07:12:11,WhatsApp,628103622092,Pribadi
1776937486412,2026-04-23 09:44:46,WhatsApp,628954630431,Pribadi
1776905734412,2026-04-23 00:55:34,WhatsApp,628729055584,Grup
1776931293412,2026-04-23 08:01:33,WhatsApp,628992594058,Pribadi
1776954489412,2026-04-23 14:28:09,WhatsApp,62884232285,Grup
1776957886412,2026-04-23 15:24:46,WhatsApp,628709708440,Grup
1776904916412,2026-04-23 00:41:56,WhatsApp,628655181892,Pribadi
1776936251412,2026-04-23 09:24:11,WhatsApp,628142446028,Grup
1776925635412,2026-04-23 06:27:15,WhatsApp,628600851717,Pribadi
1776934186412,2026-04-23 08:49:46,WhatsApp,628428650203,Pribadi
1776956111412,2026-04-23 14:55:11,WhatsApp,628177237241,Grup
1776907180412,2026-04-23 01:19:40,WhatsApp,628148321878,Grup
1776902569412,2026-04-23 00:02:49,WhatsApp,628425864974,Grup
1776939316412,2026-04-23 10:15:16,WhatsApp,628664740851,Grup
1776922787412,2026-04-23 05:39:47,WhatsApp,628780550914,Grup
1776932859412,2026-04-23 08:27:39,WhatsApp,628131627271,Pribadi
1776945518412,2026-04-23 11:58:38,WhatsApp,628243437407,Pribadi
1776903324412,2026-04-23 00:15:24,WhatsApp,628674893212,Pribadi
1776909733412,2026-04-23 02:02:13,WhatsApp,628565605762,Grup
1776966471412,2026-04-23 17:47:51,WhatsApp,628578740425,Grup
1776977146412,2026-04-23 20:45:46,WhatsApp,628901272373,Grup
1776923580412,2026-04-23 05:53:00,WhatsApp,628214552967,Grup
1776952739412,2026-04-23 13:58:59,WhatsApp,62848395114,Pribadi
1776961957412,2026-04-23 16:32:37,WhatsApp,628993287141,Pribadi
1776938181412,2026-04-23 09:56:21,WhatsApp,628641653512,Pribadi
1776940975412,2026-04-23 10:42:55,WhatsApp,628945993867,Grup
1776956858412,2026-04-23 15:07:38,WhatsApp,62885775297,Grup
1776956909412,2026-04-23 15:08:29,WhatsApp,628891278734,Grup
1776938292412,2026-04-23 09:58:12,WhatsApp,628665650296,Grup
1776944531412,2026-04-23 11:42:11,WhatsApp,628223333913,Grup
1776923305412,2026-04-23 05:48:25,WhatsApp,628525612675,Pribadi
1776928111412,2026-04-23 07:08:31,WhatsApp,628844015712,Grup
1776947742412,2026-04-23 12:35:42,WhatsApp,628137506146,Grup
1776959297412,2026-04-23 15:48:17,WhatsApp,628718246696,Pribadi
1776973578412,2026-04-23 19:46:18,WhatsApp,628268728232,Grup
1776944468412,2026-04-23 11:41:08,WhatsApp,628142601556,Grup
1776919302412,2026-04-23 04:41:42,WhatsApp,628188972714,Grup
1776920441412,2026-04-23 05:00:41,WhatsApp,628920671050,Grup
1776968819412,2026-04-23 18:26:59,WhatsApp,628217602094,Pribadi
1776960662412,2026-04-23 16:11:02,WhatsApp,628885022533,Grup
1776946656412,2026-04-23 12:17:36,WhatsApp,628545059802,Pribadi
1776962160412,2026-04-23 16:36:00,WhatsApp,628360139472,Grup
1776913455412,2026-04-23 03:04:15,WhatsApp,628297662176,Pribadi
1776918875412,2026-04-23 04:34:35,WhatsApp,6283753,Grup
1776944735412,2026-04-23 11:45:35,WhatsApp,628774896174,Grup
1776984550412,2026-04-23 22:49:10,WhatsApp,628336974074,Pribadi
1776948263412,2026-04-23 12:44:23,WhatsApp,628116164000,Pribadi
1776923495412,2026-04-23 05:51:35,WhatsApp,628326367079,Grup
1776932962412,2026-04-23 08:29:22,WhatsApp,628680737637,Grup
1776968784412,2026-04-23 18:26:24,WhatsApp,628852902103,Grup
1776971555412,2026-04-23 19:12:35,WhatsApp,628323727843,Pribadi
1776938991412,2026-04-23 10:09:51,WhatsApp,628113072176,Grup
1776988149412,2026-04-23 23:49:09,WhatsApp,628987232612,Grup
1776972060412,2026-04-23 19:21:00,WhatsApp,628302156154,Grup
1776911062412,2026-04-23 02:24:22,WhatsApp,628637495091,Grup
1776971238412,2026-04-23 19:07:18,WhatsApp,628114329208,Grup
1776936945412,2026-04-23 09:35:45,WhatsApp,628157137010,Pribadi
1776941274412,2026-04-23 10:47:54,WhatsApp,628637623250,Pribadi
1776963150412,2026-04-23 16:52:30,WhatsApp,628789126315,Pribadi
1776944274412,2026-04-23 11:37:54,WhatsApp,628968871822,Grup
1776938251412,2026-04-23 09:57:31,WhatsApp,628244898678,Grup
1776916958412,2026-04-23 04:02:38,WhatsApp,628436136231,Pribadi
1776978796412,2026-04-23 21:13:16,WhatsApp,628839040395,Grup
1776985894412,2026-04-23 23:11:34,WhatsApp,628768132250,Pribadi
1776913933412,2026-04-23 03:12:13,WhatsApp,628863837695,Pribadi
1776918219412,2026-04-23 04:23:39,WhatsApp,628709865397,Pribadi
1776908471412,2026-04-23 01:41:11,WhatsApp,628497406053,Pribadi
1776930009412,2026-04-23 07:40:09,WhatsApp,628564474539,Pribadi
1776915037412,2026-04-23 03:30:37,WhatsApp,628383516098,Grup
1776930405412,2026-04-23 07:46:45,WhatsApp,628186309264,Grup
1776914719412,2026-04-23 03:25:19,WhatsApp,628437912472,Pribadi
1776939449412,2026-04-23 10:17:29,WhatsApp,628271499080,Pribadi
1776919402412,2026-04-23 04:43:22,WhatsApp,628197684470,Grup
1776953813412,2026-04-23 14:16:53,WhatsApp,628135025752,Grup
1776919618412,2026-04-23 04:46:58,WhatsApp,628321094028,Pribadi
1776917485412,2026-04-23 04:11:25,WhatsApp,628763059784,Grup
1776947768412,2026-04-23 12:36:08,WhatsApp,628364573218,Grup
1776939145412,2026-04-23 10:12:25,WhatsApp,628651363482,Pribadi
1776984807412,2026-04-23 22:53:27,WhatsApp,628323947860,Pribadi
1776904414412,2026-04-23 00:33:34,WhatsApp,628999291094,Pribadi
1776932389412,2026-04-23 08:19:49,WhatsApp,628390724323,Grup
1776907890412,2026-04-23 01:31:30,WhatsApp,628708996446,Grup
1776968850412,2026-04-23 18:27:30,WhatsApp,628212371918,Grup
1776915608412,2026-04-23 03:40:08,Discord,user34118,Server
1776908935412,2026-04-23 01:48:55,Discord,user18090,Server
1776937037412,2026-04-23 09:37:17,Discord,user47366,DM
1776935309412,2026-04-23 09:08:29,Discord,user94832,Server
1776949351412,2026-04-23 13:02:31,Discord,user21268,Server
1776983346412,2026-04-23 22:29:06,Discord,user73071,Server
1776911185412,2026-04-23 02:26:25,Discord,user41948,Server
1776933204412,2026-04-23 08:33:24,Discord,user47253,DM
1776981091412,2026-04-23 21:51:31,Discord,user53761,DM
1776958380412,2026-04-23 15:33:00,Discord,user29775,DM
1776984355412,2026-04-23 22:45:55,Discord,user33771,Server
1776955849412,2026-04-23 14:50:49,Discord,user60047,Server
1776939001412,2026-04-23 10:10:01,Discord,user75969,DM
1776976585412,2026-04-23 20:36:25,Discord,user41865,DM
1776964163412,2026-04-23 17:09:23,Discord,user57715,Server
1776975092412,2026-04-23 20:11:32,Discord,user86228,Server
1776918692412,2026-04-23 04:31:32,Discord,user6528,Server
1776933279412,2026-04-23 08:34:39,Discord,user90625,DM
1776911296412,2026-04-23 02:28:16,Discord,user97853,DM
1776946865412,2026-04-23 12:21:05,Discord,user70461,DM
1776984417412,2026-04-23 22:46:57,Discord,user85379,DM
1776948545412,2026-04-23 12:49:05,Discord,user64330,Server
1776916595412,2026-04-23 03:56:35,Discord,user59039,DM
1776969678412,2026-04-23 18:41:18,Discord,user9198,DM
1776931938412,2026-04-23 08:12:18,Discord,user95324,Server
1776932856412,2026-04-23 08:27:36,Discord,user39946,DM
1776957761412,2026-04-23 15:22:41,Discord,user11742,DM
1776908145412,2026-04-23 01:35:45,Discord,user99547,DM
1776958484412,2026-04-23 15:34:44,Discord,user8344,DM
1776917625412,2026-04-23 04:13:45,Discord,user81034,DM
1776979616412,2026-04-23 21:26:56,Discord,user16437,Server
1776962212412,2026-04-23 16:36:52,Discord,user52453,Server
1776973665412,2026-04-23 19:47:45,Discord,user81235,Server
1776949730412,2026-04-23 13:08:50,Discord,user11180,Server
1776988047412,2026-04-23 23:47:27,Discord,user80489,Server
1776917233412,2026-04-23 04:07:13,Discord,user71059,DM
1776981948412,2026-04-23 22:05:48,Discord,user84263,DM
1776921868412,2026-04-23 05:24:28,Discord,user37662,Server
1776904969412,2026-04-23 00:42:49,Discord,user19630,Server
1776917701412,2026-04-23 04:15:01,Discord,user23519,DM
1776941140412,2026-04-23 10:45:40,Discord,user92271,DM
1776932797412,2026-04-23 08:26:37,Discord,user5602,DM
1776904477412,2026-04-23 00:34:37,Discord,user74227,DM
1776954584412,2026-04-23 14:29:44,Discord,user57077,DM
1776954038412,2026-04-23 14:20:38,Discord,user58886,DM
1776969197412,2026-04-23 18:33:17,Discord,user94777,DM
1776912323412,2026-04-23 02:45:23,Discord,user20858,Server
1777067094412,2026-04-24 21:44:54,WhatsApp,628416122731,Grup
1777073280412,2026-04-24 23:28:00,WhatsApp,628805804271,Grup
1777059827412,2026-04-24 19:43:47,WhatsApp,628999893657,Grup
1777006141412,2026-04-24 04:49:01,WhatsApp,62844036172,Pribadi
1776997798412,2026-04-24 02:29:58,WhatsApp,628676879874,Grup
1777018754412,2026-04-24 08:19:14,WhatsApp,628123642316,Grup
1777011058412,2026-04-24 06:10:58,WhatsApp,62862914116,Pribadi
1777020642412,2026-04-24 08:50:42,WhatsApp,628305008445,Grup
1776989608412,2026-04-24 00:13:28,WhatsApp,628871094985,Grup
1777052647412,2026-04-24 17:44:07,WhatsApp,628498785065,Pribadi
1777065100412,2026-04-24 21:11:40,WhatsApp,628595033088,Grup
1777022076412,2026-04-24 09:14:36,WhatsApp,62876480129,Pribadi
1777019503412,2026-04-24 08:31:43,WhatsApp,628694147209,Grup
1777048940412,2026-04-24 16:42:20,WhatsApp,628940567638,Grup
1777065828412,2026-04-24 21:23:48,WhatsApp,628499714404,Grup
1777026933412,2026-04-24 10:35:33,WhatsApp,628999375461,Grup
1777005854412,2026-04-24 04:44:14,WhatsApp,628732923475,Pribadi
1777067565412,2026-04-24 21:52:45,WhatsApp,62818632459,Grup
1777057933412,2026-04-24 19:12:13,WhatsApp,628621967903,Pribadi
1776993192412,2026-04-24 01:13:12,WhatsApp,628386151190,Grup
1776996527412,2026-04-24 02:08:47,WhatsApp,628896145157,Pribadi
1777044487412,2026-04-24 15:28:07,WhatsApp,628258575429,Grup
1776995803412,2026-04-24 01:56:43,WhatsApp,628168038088,Pribadi
1777042088412,2026-04-24 14:48:08,WhatsApp,62813462765,Grup
1776992772412,2026-04-24 01:06:12,WhatsApp,628193285655,Grup
1777007378412,2026-04-24 05:09:38,WhatsApp,628784265755,Grup
1777021053412,2026-04-24 08:57:33,WhatsApp,628202134220,Pribadi
1777015061412,2026-04-24 07:17:41,WhatsApp,628970556636,Pribadi
1776990941412,2026-04-24 00:35:41,WhatsApp,628372584628,Grup
1777058199412,2026-04-24 19:16:39,WhatsApp,628381230839,Grup
1777013683412,2026-04-24 06:54:43,WhatsApp,628848981310,Pribadi
1777009148412,2026-04-24 05:39:08,WhatsApp,628148350349,Grup
1777012257412,2026-04-24 06:30:57,WhatsApp,628669990438,Grup
1777058682412,2026-04-24 19:24:42,WhatsApp,628792318782,Grup
1776997801412,2026-04-24 02:30:01,WhatsApp,62835186908,Pribadi
1777018658412,2026-04-24 08:17:38,WhatsApp,628625871703,Pribadi
1777042968412,2026-04-24 15:02:48,WhatsApp,628494343771,Grup
1777042405412,2026-04-24 14:53:25,WhatsApp,628752845044,Pribadi
1777003860412,2026-04-24 04:11:00,WhatsApp,628219210194,Pribadi
1777029271412,2026-04-24 11:14:31,WhatsApp,628851348075,Pribadi
1777065543412,2026-04-24 21:19:03,WhatsApp,628638151654,Grup
1777029724412,2026-04-24 11:22:04,WhatsApp,62815220402,Grup
1777020396412,2026-04-24 08:46:36,WhatsApp,628897234384,Grup
1777017550412,2026-04-24 07:59:10,WhatsApp,628634184781,Pribadi
1777008588412,2026-04-24 05:29:48,WhatsApp,628132211766,Pribadi
1777018898412,2026-04-24 08:21:38,WhatsApp,628977640872,Pribadi
1777068817412,2026-04-24 22:13:37,WhatsApp,628481872734,Grup
1777021647412,2026-04-24 09:07:27,WhatsApp,628114699569,Grup
1777012294412,2026-04-24 06:31:34,WhatsApp,628591683589,Grup
1777031438412,2026-04-24 11:50:38,WhatsApp,628166131511,Grup
1777013388412,2026-04-24 06:49:48,WhatsApp,628254579654,Grup
1777054704412,2026-04-24 18:18:24,WhatsApp,628353026935,Grup
1777045322412,2026-04-24 15:42:02,WhatsApp,62822633765,Grup
1777061975412,2026-04-24 20:19:35,WhatsApp,628168445235,Grup
1777008887412,2026-04-24 05:34:47,WhatsApp,628618683005,Pribadi
1777022614412,2026-04-24 09:23:34,WhatsApp,628261460561,Grup
1777021222412,2026-04-24 09:00:22,WhatsApp,628725360919,Grup
1777003961412,2026-04-24 04:12:41,WhatsApp,628765488797,Pribadi
1777043660412,2026-04-24 15:14:20,WhatsApp,628730815341,Grup
1777050995412,2026-04-24 17:16:35,WhatsApp,628689758859,Grup
1777051043412,2026-04-24 17:17:23,WhatsApp,628477438270,Pribadi
1777059522412,2026-04-24 19:38:42,WhatsApp,628469185539,Pribadi
1777072605412,2026-04-24 23:16:45,WhatsApp,628585764250,Grup
1777003509412,2026-04-24 04:05:09,WhatsApp,62824953052,Pribadi
1776990132412,2026-04-24 00:22:12,WhatsApp,628158048970,Grup
1777023215412,2026-04-24 09:33:35,WhatsApp,628404295279,Pribadi
1777067265412,2026-04-24 21:47:45,WhatsApp,628715832384,Pribadi
1777071936412,2026-04-24 23:05:36,WhatsApp,628580077641,Grup
1777013712412,2026-04-24 06:55:12,WhatsApp,628116171592,Grup
1777066669412,2026-04-24 21:37:49,WhatsApp,62853761967,Grup
1777039142412,2026-04-24 13:59:02,WhatsApp,628276248995,Grup
1777000556412,2026-04-24 03:15:56,WhatsApp,628178328980,Pribadi
1777013454412,2026-04-24 06:50:54,WhatsApp,628453963188,Grup
1777056146412,2026-04-24 18:42:26,WhatsApp,628987316828,Pribadi
1776991980412,2026-04-24 00:53:00,WhatsApp,628893162641,Grup
1777010462412,2026-04-24 06:01:02,WhatsApp,628125256796,Pribadi
1776997962412,2026-04-24 02:32:42,WhatsApp,628634531172,Pribadi
1777043156412,2026-04-24 15:05:56,WhatsApp,628422256799,Pribadi
1777040630412,2026-04-24 14:23:50,WhatsApp,628241024914,Pribadi
1777016246412,2026-04-24 07:37:26,WhatsApp,628781188164,Grup
1777003660412,2026-04-24 04:07:40,WhatsApp,628172597977,Pribadi
1777062936412,2026-04-24 20:35:36,WhatsApp,628510249497,Pribadi
1777015530412,2026-04-24 07:25:30,WhatsApp,628845148475,Pribadi
1777031906412,2026-04-24 11:58:26,WhatsApp,628427925115,Pribadi
1777006261412,2026-04-24 04:51:01,WhatsApp,628610057367,Grup
1777035896412,2026-04-24 13:04:56,WhatsApp,628774130414,Grup
1777025661412,2026-04-24 10:14:21,WhatsApp,628413143580,Grup
1777029696412,2026-04-24 11:21:36,WhatsApp,628755745467,Pribadi
1777003083412,2026-04-24 03:58:03,WhatsApp,628245711830,Pribadi
1777013214412,2026-04-24 06:46:54,WhatsApp,628940143276,Grup
1777004319412,2026-04-24 04:18:39,WhatsApp,628456883311,Grup
1777005967412,2026-04-24 04:46:07,WhatsApp,628471867088,Grup
1776993371412,2026-04-24 01:16:11,WhatsApp,628469381990,Grup
1777006693412,2026-04-24 04:58:13,WhatsApp,62853724737,Grup
1777050130412,2026-04-24 17:02:10,WhatsApp,628921211470,Pribadi
1777064983412,2026-04-24 21:09:43,WhatsApp,628144090585,Grup
1777073893412,2026-04-24 23:38:13,WhatsApp,628659182053,Pribadi
1777044184412,2026-04-24 15:23:04,WhatsApp,628697721202,Pribadi
1777036434412,2026-04-24 13:13:54,WhatsApp,628916632708,Grup
1777062636412,2026-04-24 20:30:36,WhatsApp,628624791185,Pribadi
1777036861412,2026-04-24 13:21:01,WhatsApp,62890190796,Pribadi
1777002248412,2026-04-24 03:44:08,WhatsApp,628779883212,Pribadi
1776996604412,2026-04-24 02:10:04,WhatsApp,628305176818,Grup
1777060264412,2026-04-24 19:51:04,WhatsApp,628149910542,Grup
1777069947412,2026-04-24 22:32:27,WhatsApp,628243874639,Grup
1777027175412,2026-04-24 10:39:35,WhatsApp,628572738300,Pribadi
1777002437412,2026-04-24 03:47:17,WhatsApp,628554671396,Pribadi
1777072409412,2026-04-24 23:13:29,WhatsApp,628492971249,Grup
1777034938412,2026-04-24 12:48:58,WhatsApp,628612911415,Grup
1777029908412,2026-04-24 11:25:08,WhatsApp,628788790844,Grup
1777057257412,2026-04-24 19:00:57,WhatsApp,628877892738,Pribadi
1777030091412,2026-04-24 11:28:11,WhatsApp,628637915249,Pribadi
1777027567412,2026-04-24 10:46:07,WhatsApp,628849813961,Grup
1776996684412,2026-04-24 02:11:24,WhatsApp,628785029172,Pribadi
1777052565412,2026-04-24 17:42:45,WhatsApp,628669722931,Pribadi
1777057540412,2026-04-24 19:05:40,WhatsApp,628263871943,Grup
1777030441412,2026-04-24 11:34:01,WhatsApp,628947037342,Grup
1777011110412,2026-04-24 06:11:50,WhatsApp,62838232398,Pribadi
1777007807412,2026-04-24 05:16:47,WhatsApp,628634886305,Pribadi
1776996648412,2026-04-24 02:10:48,WhatsApp,628693946501,Pribadi
1777034611412,2026-04-24 12:43:31,WhatsApp,62844567226,Grup
1777042422412,2026-04-24 14:53:42,WhatsApp,628693484996,Grup
1777016534412,2026-04-24 07:42:14,WhatsApp,628348967355,Pribadi
1777074236412,2026-04-24 23:43:56,WhatsApp,6286552094,Pribadi
1776999283412,2026-04-24 02:54:43,WhatsApp,628743440366,Grup
1777015587412,2026-04-24 07:26:27,WhatsApp,628892333061,Grup
1777050934412,2026-04-24 17:15:34,WhatsApp,628816677640,Grup
1777066656412,2026-04-24 21:37:36,WhatsApp,62836588654,Grup
1777019186412,2026-04-24 08:26:26,WhatsApp,628296650542,Pribadi
1777039479412,2026-04-24 14:04:39,WhatsApp,628263025708,Grup
1777029064412,2026-04-24 11:11:04,WhatsApp,628867126600,Grup
1776996224412,2026-04-24 02:03:44,WhatsApp,628968300720,Pribadi
1777054252412,2026-04-24 18:10:52,WhatsApp,628826094146,Grup
1777044826412,2026-04-24 15:33:46,WhatsApp,628754555812,Grup
1776996455412,2026-04-24 02:07:35,WhatsApp,628879865034,Grup
1777044205412,2026-04-24 15:23:25,WhatsApp,628869640123,Grup
1777049291412,2026-04-24 16:48:11,WhatsApp,628948173462,Grup
1777016249412,2026-04-24 07:37:29,WhatsApp,628169805305,Grup
1777044638412,2026-04-24 15:30:38,WhatsApp,628920885007,Pribadi
1777003471412,2026-04-24 04:04:31,WhatsApp,628645240912,Pribadi
1777062113412,2026-04-24 20:21:53,WhatsApp,628382679838,Grup
1776991331412,2026-04-24 00:42:11,WhatsApp,628364272816,Grup
1777066373412,2026-04-24 21:32:53,WhatsApp,628371890319,Grup
1777030226412,2026-04-24 11:30:26,WhatsApp,628335361144,Pribadi
1777058860412,2026-04-24 19:27:40,WhatsApp,628702296713,Grup
1777047537412,2026-04-24 16:18:57,WhatsApp,628911891589,Pribadi
1777026522412,2026-04-24 10:28:42,WhatsApp,628453977043,Grup
1777040070412,2026-04-24 14:14:30,WhatsApp,628667436721,Pribadi
1777050095412,2026-04-24 17:01:35,WhatsApp,628957044878,Pribadi
1777034948412,2026-04-24 12:49:08,WhatsApp,628318496239,Grup
1777032761412,2026-04-24 12:12:41,WhatsApp,628606124917,Pribadi
1777001948412,2026-04-24 03:39:08,WhatsApp,628282582913,Pribadi
1777065081412,2026-04-24 21:11:21,WhatsApp,62878420791,Pribadi
1777038615412,2026-04-24 13:50:15,Discord,user83746,DM
1777033967412,2026-04-24 12:32:47,Discord,user19636,Server
1777032320412,2026-04-24 12:05:20,Discord,user66969,Server
1776991973412,2026-04-24 00:52:53,Discord,user86826,Server
1777052213412,2026-04-24 17:36:53,Discord,user87665,DM
1777058358412,2026-04-24 19:19:18,Discord,user86234,DM
1777007501412,2026-04-24 05:11:41,Discord,user98742,DM
1777072172412,2026-04-24 23:09:32,Discord,user57830,Server
1777006476412,2026-04-24 04:54:36,Discord,user29181,DM
1777019041412,2026-04-24 08:24:01,Discord,user70758,DM
1777004882412,2026-04-24 04:28:02,Discord,user77999,DM
1777060296412,2026-04-24 19:51:36,Discord,user72979,Server
1777066364412,2026-04-24 21:32:44,Discord,user69358,DM
1776994338412,2026-04-24 01:32:18,Discord,user16199,DM
1777044865412,2026-04-24 15:34:25,Discord,user62347,DM
1777015938412,2026-04-24 07:32:18,Discord,user47831,DM
1777047580412,2026-04-24 16:19:40,Discord,user28406,DM
1777019325412,2026-04-24 08:28:45,Discord,user32259,Server
1777056009412,2026-04-24 18:40:09,Discord,user87992,DM
1777074325412,2026-04-24 23:45:25,Discord,user38584,Server
1777051773412,2026-04-24 17:29:33,Discord,user14996,Server
1777016827412,2026-04-24 07:47:07,Discord,user45979,DM
1777048687412,2026-04-24 16:38:07,Discord,user86485,DM
1776993610412,2026-04-24 01:20:10,Discord,user32155,DM
1777028444412,2026-04-24 11:00:44,Discord,user42306,Server
1777043358412,2026-04-24 15:09:18,Discord,user46530,DM
1776993509412,2026-04-24 01:18:29,Discord,user49311,Server
1777061228412,2026-04-24 20:07:08,Discord,user98175,DM
1777064437412,2026-04-24 21:00:37,Discord,user75327,DM
1777033619412,2026-04-24 12:26:59,Discord,user12997,DM
1777070299412,2026-04-24 22:38:19,Discord,user52405,DM
1777012135412,2026-04-24 06:28:55,Discord,user83056,DM
1777006950412,2026-04-24 05:02:30,Discord,user25341,DM
1777035478412,2026-04-24 12:57:58,Discord,user27507,DM
1777056479412,2026-04-24 18:47:59,Discord,user75596,Server
1777048876412,2026-04-24 16:41:16,Discord,user26276,Server
1777052170412,2026-04-24 17:36:10,Discord,user87842,DM
1777072611412,2026-04-24 23:16:51,Discord,user32302,DM
1777003976412,2026-04-24 04:12:56,Discord,user51691,Server
1777015817412,2026-04-24 07:30:17,Discord,user55350,DM
1777045260412,2026-04-24 15:41:00,Discord,user62840,Server
1777054873412,2026-04-24 18:21:13,Discord,user41159,DM
1776995804412,2026-04-24 01:56:44,Discord,user44816,DM
1777027770412,2026-04-24 10:49:30,Discord,user58587,DM
1777004355412,2026-04-24 04:19:15,Discord,user26084,DM
1777012509412,2026-04-24 06:35:09,Discord,user65458,Server
1777010414412,2026-04-24 06:00:14,Discord,user31533,Server
1777028113412,2026-04-24 10:55:13,Discord,user24788,DM
1776999593412,2026-04-24 02:59:53,Discord,user20986,Server
1776999237412,2026-04-24 02:53:57,Discord,user36276,DM
1777002709412,2026-04-24 03:51:49,Discord,user13312,Server
1777082099412,2026-04-25 01:54:59,WhatsApp,628825653982,Grup
1777084203412,2026-04-25 02:30:03,WhatsApp,628741851744,Grup
1777095542412,2026-04-25 05:39:02,WhatsApp,628345507113,Grup
1777129919412,2026-04-25 15:11:59,WhatsApp,628194977506,Pribadi
1777141559412,2026-04-25 18:25:59,WhatsApp,628802762728,Grup
1777096974412,2026-04-25 06:02:54,WhatsApp,628436266756,Pribadi
1777148442412,2026-04-25 20:20:42,WhatsApp,628765380273,Pribadi
1777122939412,2026-04-25 13:15:39,WhatsApp,628372347392,Grup
1777087641412,2026-04-25 03:27:21,WhatsApp,62876210711,Grup
1777129791412,2026-04-25 15:09:51,WhatsApp,628424349872,Pribadi
1777106484412,2026-04-25 08:41:24,WhatsApp,628304754101,Grup
1777124817412,2026-04-25 13:46:57,WhatsApp,628751164130,Pribadi
1777141477412,2026-04-25 18:24:37,WhatsApp,628711660435,Grup
1777127198412,2026-04-25 14:26:38,WhatsApp,628875130342,Pribadi
1777094080412,2026-04-25 05:14:40,WhatsApp,628959970374,Grup
1777098443412,2026-04-25 06:27:23,WhatsApp,628469686990,Pribadi
1777146720412,2026-04-25 19:52:00,WhatsApp,628923233486,Pribadi
1777111647412,2026-04-25 10:07:27,WhatsApp,628928304263,Pribadi
1777146673412,2026-04-25 19:51:13,WhatsApp,628160941842,Pribadi
1777076735412,2026-04-25 00:25:35,WhatsApp,628852206731,Grup
1777121892412,2026-04-25 12:58:12,WhatsApp,628806517062,Grup
1777087921412,2026-04-25 03:32:01,WhatsApp,628472685266,Pribadi
1777149796412,2026-04-25 20:43:16,WhatsApp,628299582380,Pribadi
1777138874412,2026-04-25 17:41:14,WhatsApp,628717250310,Pribadi
1777109567412,2026-04-25 09:32:47,WhatsApp,628577701352,Grup
1777148690412,2026-04-25 20:24:50,WhatsApp,62897361106,Grup
1777121265412,2026-04-25 12:47:45,WhatsApp,628411425735,Grup
1777129391412,2026-04-25 15:03:11,WhatsApp,628163628341,Pribadi
1777129942412,2026-04-25 15:12:22,WhatsApp,62892529352,Pribadi
1777098849412,2026-04-25 06:34:09,WhatsApp,628580414406,Pribadi
1777126015412,2026-04-25 14:06:55,WhatsApp,628211143555,Pribadi
1777091090412,2026-04-25 04:24:50,WhatsApp,628466344431,Pribadi
1777136932412,2026-04-25 17:08:52,WhatsApp,628547582231,Grup
1777081749412,2026-04-25 01:49:09,WhatsApp,628235177470,Grup
1777107436412,2026-04-25 08:57:16,WhatsApp,628141275192,Pribadi
1777146387412,2026-04-25 19:46:27,WhatsApp,628675062858,Grup
1777158100412,2026-04-25 23:01:40,WhatsApp,628187724464,Grup
1777129577412,2026-04-25 15:06:17,WhatsApp,628598027066,Grup
1777136593412,2026-04-25 17:03:13,WhatsApp,628964883718,Grup
1777152468412,2026-04-25 21:27:48,WhatsApp,628357983371,Grup
1777091129412,2026-04-25 04:25:29,WhatsApp,628761351295,Pribadi
1777147394412,2026-04-25 20:03:14,WhatsApp,628535590602,Pribadi
1777107193412,2026-04-25 08:53:13,WhatsApp,628960010442,Grup
1777087170412,2026-04-25 03:19:30,WhatsApp,628783996732,Pribadi
1777150644412,2026-04-25 20:57:24,WhatsApp,628696941822,Pribadi
1777159239412,2026-04-25 23:20:39,WhatsApp,628461352261,Grup
1777101371412,2026-04-25 07:16:11,WhatsApp,628750125930,Grup
1777094562412,2026-04-25 05:22:42,WhatsApp,62879413322,Grup
1777115498412,2026-04-25 11:11:38,WhatsApp,628637247320,Grup
1777149981412,2026-04-25 20:46:21,WhatsApp,628258313787,Pribadi
1777116781412,2026-04-25 11:33:01,WhatsApp,628494589661,Grup
1777143613412,2026-04-25 19:00:13,WhatsApp,628992142201,Grup
1777100804412,2026-04-25 07:06:44,WhatsApp,628124570481,Pribadi
1777077655412,2026-04-25 00:40:55,WhatsApp,628749052522,Grup
1777075819412,2026-04-25 00:10:19,WhatsApp,62893137471,Grup
1777133498412,2026-04-25 16:11:38,WhatsApp,628105736999,Grup
1777080912412,2026-04-25 01:35:12,WhatsApp,628389922414,Pribadi
1777156525412,2026-04-25 22:35:25,WhatsApp,628458138618,Pribadi
1777122361412,2026-04-25 13:06:01,WhatsApp,628318331141,Grup
1777151984412,2026-04-25 21:19:44,WhatsApp,628687432040,Grup
1777137295412,2026-04-25 17:14:55,WhatsApp,628298005097,Pribadi
1777081464412,2026-04-25 01:44:24,WhatsApp,628981013692,Grup
1777114099412,2026-04-25 10:48:19,WhatsApp,628385400011,Grup
1777128925412,2026-04-25 14:55:25,WhatsApp,628905055249,Grup
1777116073412,2026-04-25 11:21:13,WhatsApp,628635087595,Grup
1777124484412,2026-04-25 13:41:24,WhatsApp,628944319353,Grup
1777109877412,2026-04-25 09:37:57,WhatsApp,62850720464,Grup
1777123448412,2026-04-25 13:24:08,WhatsApp,628650132601,Pribadi
1777077520412,2026-04-25 00:38:40,WhatsApp,628826159443,Grup
1777146441412,2026-04-25 19:47:21,WhatsApp,628688283166,Pribadi
1777158868412,2026-04-25 23:14:28,WhatsApp,628335312436,Grup
1777121097412,2026-04-25 12:44:57,WhatsApp,628844063367,Grup
1777099475412,2026-04-25 06:44:35,WhatsApp,628905043776,Pribadi
1777092227412,2026-04-25 04:43:47,WhatsApp,628588229220,Pribadi
1777147510412,2026-04-25 20:05:10,WhatsApp,628562195259,Pribadi
1777095459412,2026-04-25 05:37:39,WhatsApp,628970771769,Grup
1777123284412,2026-04-25 13:21:24,WhatsApp,628823484136,Grup
1777086420412,2026-04-25 03:07:00,WhatsApp,628698778395,Grup
1777156294412,2026-04-25 22:31:34,WhatsApp,628932072665,Pribadi
1777127599412,2026-04-25 14:33:19,WhatsApp,628338502535,Pribadi
1777134718412,2026-04-25 16:31:58,WhatsApp,628145313431,Grup
1777108693412,2026-04-25 09:18:13,WhatsApp,628975221678,Grup
1777129757412,2026-04-25 15:09:17,WhatsApp,628773265303,Pribadi
1777160050412,2026-04-25 23:34:10,WhatsApp,628544864626,Grup
1777128347412,2026-04-25 14:45:47,WhatsApp,628294819279,Grup
1777093574412,2026-04-25 05:06:14,WhatsApp,628489393890,Grup
1777150437412,2026-04-25 20:53:57,WhatsApp,628403043281,Grup
1777114824412,2026-04-25 11:00:24,WhatsApp,628141978855,Grup
1777085784412,2026-04-25 02:56:24,WhatsApp,628717133508,Pribadi
1777112063412,2026-04-25 10:14:23,WhatsApp,628171542803,Pribadi
1777125152412,2026-04-25 13:52:32,WhatsApp,628894298168,Grup
1777109507412,2026-04-25 09:31:47,WhatsApp,628999888831,Pribadi
1777083957412,2026-04-25 02:25:57,WhatsApp,628684261806,Pribadi
1777142175412,2026-04-25 18:36:15,WhatsApp,628310869218,Pribadi
1777155646412,2026-04-25 22:20:46,WhatsApp,62885090752,Pribadi
1777120207412,2026-04-25 12:30:07,WhatsApp,628320273524,Pribadi
1777080590412,2026-04-25 01:29:50,WhatsApp,628847599129,Grup
1777125977412,2026-04-25 14:06:17,WhatsApp,62855431749,Grup
1777137945412,2026-04-25 17:25:45,WhatsApp,62829567117,Pribadi
1777117438412,2026-04-25 11:43:58,WhatsApp,628740875616,Pribadi
1777077910412,2026-04-25 00:45:10,WhatsApp,62894828010,Pribadi
1777142522412,2026-04-25 18:42:02,WhatsApp,6282522575,Grup
1777129354412,2026-04-25 15:02:34,WhatsApp,628434729924,Pribadi
1777092685412,2026-04-25 04:51:25,WhatsApp,628338558691,Pribadi
1777090322412,2026-04-25 04:12:02,WhatsApp,628293380713,Grup
1777149790412,2026-04-25 20:43:10,WhatsApp,628142415212,Grup
1777122948412,2026-04-25 13:15:48,WhatsApp,628825401042,Grup
1777150861412,2026-04-25 21:01:01,WhatsApp,628969565868,Pribadi
1777161530412,2026-04-25 23:58:50,WhatsApp,628510688842,Grup
1777129120412,2026-04-25 14:58:40,WhatsApp,628912160757,Pribadi
1777127818412,2026-04-25 14:36:58,WhatsApp,62842865274,Pribadi
1777112878412,2026-04-25 10:27:58,WhatsApp,628340150783,Pribadi
1777142175412,2026-04-25 18:36:15,WhatsApp,628679076127,Grup
1777146712412,2026-04-25 19:51:52,WhatsApp,628945254520,Grup
1777078980412,2026-04-25 01:03:00,WhatsApp,628888253081,Pribadi
1777108433412,2026-04-25 09:13:53,WhatsApp,628428502285,Pribadi
1777122701412,2026-04-25 13:11:41,WhatsApp,628502472166,Pribadi
1777086375412,2026-04-25 03:06:15,WhatsApp,628176122374,Grup
1777142470412,2026-04-25 18:41:10,WhatsApp,628691645210,Pribadi
1777107358412,2026-04-25 08:55:58,WhatsApp,628127107809,Pribadi
1777133394412,2026-04-25 16:09:54,WhatsApp,628439137996,Pribadi
1777134826412,2026-04-25 16:33:46,WhatsApp,628984492823,Pribadi
1777159554412,2026-04-25 23:25:54,WhatsApp,628976564715,Grup
1777133687412,2026-04-25 16:14:47,WhatsApp,628274920880,Grup
1777146010412,2026-04-25 19:40:10,WhatsApp,628244666191,Grup
1777108774412,2026-04-25 09:19:34,WhatsApp,628682270298,Pribadi
1777160231412,2026-04-25 23:37:11,WhatsApp,628393719182,Grup
1777118918412,2026-04-25 12:08:38,WhatsApp,628350066915,Grup
1777105708412,2026-04-25 08:28:28,WhatsApp,628727863599,Grup
1777125765412,2026-04-25 14:02:45,WhatsApp,628794581547,Pribadi
1777130494412,2026-04-25 15:21:34,WhatsApp,628153571390,Grup
1777116029412,2026-04-25 11:20:29,WhatsApp,628870273551,Pribadi
1777149308412,2026-04-25 20:35:08,WhatsApp,628990379303,Pribadi
1777111895412,2026-04-25 10:11:35,WhatsApp,628335225265,Grup
1777090126412,2026-04-25 04:08:46,WhatsApp,628608090449,Pribadi
1777080571412,2026-04-25 01:29:31,WhatsApp,628220649961,Grup
1777086434412,2026-04-25 03:07:14,WhatsApp,628587028833,Grup
1777160529412,2026-04-25 23:42:09,WhatsApp,628417301416,Pribadi
1777108555412,2026-04-25 09:15:55,WhatsApp,628446722517,Grup
1777115543412,2026-04-25 11:12:23,WhatsApp,62882518318,Grup
1777127680412,2026-04-25 14:34:40,WhatsApp,628789441677,Pribadi
1777155840412,2026-04-25 22:24:00,WhatsApp,628508403107,Grup
1777112028412,2026-04-25 10:13:48,WhatsApp,628733051569,Pribadi
1777100662412,2026-04-25 07:04:22,WhatsApp,628570811180,Grup
1777084397412,2026-04-25 02:33:17,WhatsApp,628949452525,Grup
1777145265412,2026-04-25 19:27:45,WhatsApp,628620567446,Pribadi
1777154402412,2026-04-25 22:00:02,WhatsApp,628363524646,Grup
1777076499412,2026-04-25 00:21:39,WhatsApp,628104570740,Pribadi
1777133608412,2026-04-25 16:13:28,WhatsApp,628963765624,Grup
1777124977412,2026-04-25 13:49:37,WhatsApp,6286917313,Pribadi
1777139953412,2026-04-25 17:59:13,WhatsApp,628186821698,Grup
1777095481412,2026-04-25 05:38:01,WhatsApp,628560879883,Grup
1777138389412,2026-04-25 17:33:09,WhatsApp,628189346791,Pribadi
1777094785412,2026-04-25 05:26:25,WhatsApp,628783767927,Pribadi
1777144276412,2026-04-25 19:11:16,Discord,user18867,DM
1777155388412,2026-04-25 22:16:28,Discord,user59751,DM
1777097600412,2026-04-25 06:13:20,Discord,user72962,Server
1777109222412,2026-04-25 09:27:02,Discord,user22598,DM
1777084836412,2026-04-25 02:40:36,Discord,user56080,Server
1777100817412,2026-04-25 07:06:57,Discord,user37617,DM
1777095325412,2026-04-25 05:35:25,Discord,user65172,DM
1777135671412,2026-04-25 16:47:51,Discord,user93207,DM
1777136135412,2026-04-25 16:55:35,Discord,user94525,Server
1777130036412,2026-04-25 15:13:56,Discord,user7567,DM
1777082245412,2026-04-25 01:57:25,Discord,user13915,DM
1777120643412,2026-04-25 12:37:23,Discord,user14124,DM
1777092368412,2026-04-25 04:46:08,Discord,user85872,Server
1777123121412,2026-04-25 13:18:41,Discord,user17138,DM
1777153255412,2026-04-25 21:40:55,Discord,user96374,DM
1777090942412,2026-04-25 04:22:22,Discord,user42163,DM
1777103878412,2026-04-25 07:57:58,Discord,user55499,DM
1777135400412,2026-04-25 16:43:20,Discord,user28702,DM
1777078428412,2026-04-25 00:53:48,Discord,user5025,DM
1777113039412,2026-04-25 10:30:39,Discord,user34094,Server
1777094186412,2026-04-25 05:16:26,Discord,user14611,DM
1777156422412,2026-04-25 22:33:42,Discord,user76893,Server
1777090999412,2026-04-25 04:23:19,Discord,user7624,DM
1777122217412,2026-04-25 13:03:37,Discord,user84298,DM
1777100925412,2026-04-25 07:08:45,Discord,user64819,DM
1777132710412,2026-04-25 15:58:30,Discord,user5087,DM
1777097095412,2026-04-25 06:04:55,Discord,user49468,Server
1777094098412,2026-04-25 05:14:58,Discord,user42259,Server
1777107208412,2026-04-25 08:53:28,Discord,user74106,Server
1777159167412,2026-04-25 23:19:27,Discord,user50236,DM
1777152083412,2026-04-25 21:21:23,Discord,user24200,Server
1777097328412,2026-04-25 06:08:48,Discord,user36726,Server
1777098013412,2026-04-25 06:20:13,Discord,user26102,DM
1777156328412,2026-04-25 22:32:08,Discord,user79300,DM
1777125611412,2026-04-25 14:00:11,Discord,user72882,Server
1777094794412,2026-04-25 05:26:34,Discord,user18507,DM
1777145761412,2026-04-25 19:36:01,Discord,user56855,DM
1777160962412,2026-04-25 23:49:22,Discord,user28871,Server
1777114609412,2026-04-25 10:56:49,Discord,user97148,Server
1777147935412,2026-04-25 20:12:15,Discord,user64923,DM
1777092760412,2026-04-25 04:52:40,Discord,user97156,DM
1777105577412,2026-04-25 08:26:17,Discord,user85527,DM
1777140016412,2026-04-25 18:00:16,Discord,user69863,DM
1777138513412,2026-04-25 17:35:13,Discord,user86427,Server
1777160875412,2026-04-25 23:47:55,Discord,user4807,DM
1777081446412,2026-04-25 01:44:06,Discord,user10245,Server
1777075811412,2026-04-25 00:10:11,Discord,user63019,Server
1777089485412,2026-04-25 03:58:05,Discord,user67941,Server
1777213928412,2026-04-26 14:32:08,WhatsApp,628728278441,Grup
1777214582412,2026-04-26 14:43:02,WhatsApp,628400520196,Grup
1777195650412,2026-04-26 09:27:30,WhatsApp,628831798270,Grup
1777166326412,2026-04-26 01:18:46,WhatsApp,628292234398,Pribadi
1777190370412,2026-04-26 07:59:30,WhatsApp,628105251527,Pribadi
1777232674412,2026-04-26 19:44:34,WhatsApp,628383671959,Pribadi
1777211354412,2026-04-26 13:49:14,WhatsApp,628455165724,Grup
1777191226412,2026-04-26 08:13:46,WhatsApp,628222532194,Grup
1777235448412,2026-04-26 20:30:48,WhatsApp,628103297849,Grup
1777242885412,2026-04-26 22:34:45,WhatsApp,628240644285,Grup
1777188349412,2026-04-26 07:25:49,WhatsApp,6283776646,Pribadi
1777191142412,2026-04-26 08:12:22,WhatsApp,628919618424,Grup
1777195390412,2026-04-26 09:23:10,WhatsApp,628259160725,Grup
1777209061412,2026-04-26 13:11:01,WhatsApp,628150386991,Grup
1777241876412,2026-04-26 22:17:56,WhatsApp,628908267917,Grup
1777161806412,2026-04-26 00:03:26,WhatsApp,628870756787,Grup
1777228132412,2026-04-26 18:28:52,WhatsApp,628840069951,Grup
1777189099412,2026-04-26 07:38:19,WhatsApp,628992989870,Grup
1777200085412,2026-04-26 10:41:25,WhatsApp,628766081860,Grup
1777187571412,2026-04-26 07:12:51,WhatsApp,628929878773,Grup
1777207236412,2026-04-26 12:40:36,WhatsApp,628972280208,Grup
1777209101412,2026-04-26 13:11:41,WhatsApp,628996655597,Pribadi
1777171513412,2026-04-26 02:45:13,WhatsApp,628707575966,Grup
1777195460412,2026-04-26 09:24:20,WhatsApp,628341153808,Grup
1777200360412,2026-04-26 10:46:00,WhatsApp,628339062550,Grup
1777233033412,2026-04-26 19:50:33,WhatsApp,628356679237,Grup
1777176010412,2026-04-26 04:00:10,WhatsApp,628975781425,Pribadi
1777211250412,2026-04-26 13:47:30,WhatsApp,628738441641,Grup
1777211642412,2026-04-26 13:54:02,WhatsApp,628852568251,Pribadi
1777218076412,2026-04-26 15:41:16,WhatsApp,62896022279,Pribadi
1777206070412,2026-04-26 12:21:10,WhatsApp,628135425748,Grup
1777182675412,2026-04-26 05:51:15,WhatsApp,628416405159,Grup
1777239044412,2026-04-26 21:30:44,WhatsApp,628216682265,Pribadi
1777183800412,2026-04-26 06:10:00,WhatsApp,628550662012,Pribadi
1777235208412,2026-04-26 20:26:48,WhatsApp,628711882762,Pribadi
1777178458412,2026-04-26 04:40:58,WhatsApp,628379400791,Pribadi
1777191538412,2026-04-26 08:18:58,WhatsApp,628519728921,Pribadi
1777176559412,2026-04-26 04:09:19,WhatsApp,62887460620,Grup
1777210164412,2026-04-26 13:29:24,WhatsApp,62820267422,Pribadi
1777166278412,2026-04-26 01:17:58,WhatsApp,628969964521,Pribadi
1777219611412,2026-04-26 16:06:51,WhatsApp,628236450142,Grup
1777176228412,2026-04-26 04:03:48,WhatsApp,628192268152,Grup
1777162521412,2026-04-26 00:15:21,WhatsApp,628127533009,Pribadi
1777209102412,2026-04-26 13:11:42,WhatsApp,628501674148,Grup
1777168964412,2026-04-26 02:02:44,WhatsApp,628377869447,Grup
1777194543412,2026-04-26 09:09:03,WhatsApp,628736916747,Pribadi
1777226625412,2026-04-26 18:03:45,WhatsApp,628445920662,Pribadi
1777178755412,2026-04-26 04:45:55,WhatsApp,628383596011,Pribadi
1777241626412,2026-04-26 22:13:46,WhatsApp,628850227507,Pribadi
1777212356412,2026-04-26 14:05:56,WhatsApp,628305608952,Pribadi
1777244135412,2026-04-26 22:55:35,WhatsApp,628273230611,Grup
1777191779412,2026-04-26 08:22:59,WhatsApp,628931026173,Grup
1777190509412,2026-04-26 08:01:49,WhatsApp,628907327499,Grup
1777167918412,2026-04-26 01:45:18,WhatsApp,628381178494,Grup
1777212656412,2026-04-26 14:10:56,WhatsApp,628894160457,Grup
1777192563412,2026-04-26 08:36:03,WhatsApp,62815846325,Grup
1777203692412,2026-04-26 11:41:32,WhatsApp,628331919833,Grup
1777215090412,2026-04-26 14:51:30,WhatsApp,628511307260,Pribadi
1777181829412,2026-04-26 05:37:09,WhatsApp,628745601050,Pribadi
1777179792412,2026-04-26 05:03:12,WhatsApp,628104914826,Grup
1777233369412,2026-04-26 19:56:09,WhatsApp,628206057582,Pribadi
1777175125412,2026-04-26 03:45:25,WhatsApp,628591518260,Pribadi
1777179376412,2026-04-26 04:56:16,WhatsApp,628207929987,Pribadi
1777238780412,2026-04-26 21:26:20,WhatsApp,628675406992,Grup
1777202049412,2026-04-26 11:14:09,WhatsApp,628704901079,Pribadi
1777235718412,2026-04-26 20:35:18,WhatsApp,62813622474,Grup
1777179012412,2026-04-26 04:50:12,WhatsApp,628343518347,Grup
1777228132412,2026-04-26 18:28:52,WhatsApp,628299854299,Grup
1777217837412,2026-04-26 15:37:17,WhatsApp,628265307916,Pribadi
1777217662412,2026-04-26 15:34:22,WhatsApp,628154038319,Grup
1777196866412,2026-04-26 09:47:46,WhatsApp,628902655748,Pribadi
1777211632412,2026-04-26 13:53:52,WhatsApp,628708856591,Pribadi
1777203339412,2026-04-26 11:35:39,WhatsApp,628345057443,Pribadi
1777173275412,2026-04-26 03:14:35,WhatsApp,628126422689,Grup
1777164246412,2026-04-26 00:44:06,WhatsApp,628744202248,Pribadi
1777214109412,2026-04-26 14:35:09,WhatsApp,628367380540,Pribadi
1777222064412,2026-04-26 16:47:44,WhatsApp,628127391532,Pribadi
1777242904412,2026-04-26 22:35:04,WhatsApp,628498306763,Grup
1777227020412,2026-04-26 18:10:20,WhatsApp,628620194430,Pribadi
1777166313412,2026-04-26 01:18:33,WhatsApp,628137832056,Grup
1777233433412,2026-04-26 19:57:13,WhatsApp,628871260403,Pribadi
1777240154412,2026-04-26 21:49:14,WhatsApp,628165913045,Grup
1777227332412,2026-04-26 18:15:32,WhatsApp,62832478634,Pribadi
1777196046412,2026-04-26 09:34:06,WhatsApp,628406771294,Grup
1777201197412,2026-04-26 10:59:57,WhatsApp,628336402635,Grup
1777218664412,2026-04-26 15:51:04,WhatsApp,628102701346,Pribadi
1777199808412,2026-04-26 10:36:48,WhatsApp,628169120354,Grup
1777234413412,2026-04-26 20:13:33,WhatsApp,628667983040,Grup
1777162288412,2026-04-26 00:11:28,WhatsApp,628161360681,Grup
1777222759412,2026-04-26 16:59:19,WhatsApp,62867951451,Pribadi
1777179455412,2026-04-26 04:57:35,WhatsApp,628261943548,Grup
1777167950412,2026-04-26 01:45:50,WhatsApp,628493702038,Grup
1777193991412,2026-04-26 08:59:51,WhatsApp,628703531639,Pribadi
1777245477412,2026-04-26 23:17:57,WhatsApp,628628999677,Grup
1777238460412,2026-04-26 21:21:00,WhatsApp,628104581277,Pribadi
1777217025412,2026-04-26 15:23:45,WhatsApp,62837639890,Grup
1777193514412,2026-04-26 08:51:54,WhatsApp,628413305850,Pribadi
1777190516412,2026-04-26 08:01:56,WhatsApp,628600183085,Grup
1777181870412,2026-04-26 05:37:50,WhatsApp,628341031405,Pribadi
1777193592412,2026-04-26 08:53:12,WhatsApp,628283062243,Pribadi
1777211307412,2026-04-26 13:48:27,WhatsApp,628634060692,Pribadi
1777196033412,2026-04-26 09:33:53,WhatsApp,628463671228,Grup
1777222450412,2026-04-26 16:54:10,WhatsApp,628383368523,Pribadi
1777245999412,2026-04-26 23:26:39,WhatsApp,628904507549,Pribadi
1777179325412,2026-04-26 04:55:25,WhatsApp,628441529700,Pribadi
1777242662412,2026-04-26 22:31:02,WhatsApp,628950231738,Grup
1777222845412,2026-04-26 17:00:45,WhatsApp,628203590188,Grup
1777176508412,2026-04-26 04:08:28,WhatsApp,628324164475,Grup
1777210012412,2026-04-26 13:26:52,WhatsApp,628186087991,Grup
1777229577412,2026-04-26 18:52:57,WhatsApp,628791165471,Pribadi
1777221826412,2026-04-26 16:43:46,WhatsApp,62897613283,Pribadi
1777168447412,2026-04-26 01:54:07,WhatsApp,628955430420,Grup
1777246453412,2026-04-26 23:34:13,WhatsApp,628621425561,Grup
1777213391412,2026-04-26 14:23:11,WhatsApp,628420952862,Grup
1777165961412,2026-04-26 01:12:41,WhatsApp,628986738240,Pribadi
1777195846412,2026-04-26 09:30:46,WhatsApp,62827987099,Pribadi
1777200995412,2026-04-26 10:56:35,WhatsApp,62883427483,Grup
1777245624412,2026-04-26 23:20:24,WhatsApp,628213001049,Pribadi
1777202690412,2026-04-26 11:24:50,WhatsApp,628605182312,Grup
1777176523412,2026-04-26 04:08:43,WhatsApp,628157083502,Grup
1777170618412,2026-04-26 02:30:18,WhatsApp,628139789469,Pribadi
1777231619412,2026-04-26 19:26:59,WhatsApp,628462883539,Pribadi
1777222969412,2026-04-26 17:02:49,WhatsApp,628742004538,Pribadi
1777196185412,2026-04-26 09:36:25,WhatsApp,628408160430,Grup
1777199789412,2026-04-26 10:36:29,WhatsApp,628805363631,Grup
1777178487412,2026-04-26 04:41:27,WhatsApp,628853920400,Pribadi
1777238689412,2026-04-26 21:24:49,WhatsApp,628217102996,Pribadi
1777238713412,2026-04-26 21:25:13,WhatsApp,628723875737,Pribadi
1777163170412,2026-04-26 00:26:10,WhatsApp,628347631732,Pribadi
1777210590412,2026-04-26 13:36:30,WhatsApp,628169146481,Pribadi
1777207212412,2026-04-26 12:40:12,WhatsApp,628132977288,Pribadi
1777235020412,2026-04-26 20:23:40,WhatsApp,628470209105,Pribadi
1777233447412,2026-04-26 19:57:27,WhatsApp,628820685070,Grup
1777200851412,2026-04-26 10:54:11,WhatsApp,628461977602,Pribadi
1777165326412,2026-04-26 01:02:06,WhatsApp,628604115476,Grup
1777245736412,2026-04-26 23:22:16,WhatsApp,628713410131,Pribadi
1777203102412,2026-04-26 11:31:42,WhatsApp,628292654060,Grup
1777163427412,2026-04-26 00:30:27,WhatsApp,628372954194,Grup
1777201757412,2026-04-26 11:09:17,WhatsApp,628856549010,Grup
1777189828412,2026-04-26 07:50:28,WhatsApp,628721851211,Pribadi
1777236827412,2026-04-26 20:53:47,WhatsApp,628363775559,Pribadi
1777226279412,2026-04-26 17:57:59,WhatsApp,628347410028,Pribadi
1777226306412,2026-04-26 17:58:26,WhatsApp,628508515208,Pribadi
1777204511412,2026-04-26 11:55:11,WhatsApp,628486903913,Pribadi
1777197273412,2026-04-26 09:54:33,WhatsApp,628681470658,Pribadi
1777213712412,2026-04-26 14:28:32,WhatsApp,628657356832,Grup
1777193129412,2026-04-26 08:45:29,WhatsApp,628651266305,Pribadi
1777240379412,2026-04-26 21:52:59,WhatsApp,628434313841,Pribadi
1777236104412,2026-04-26 20:41:44,WhatsApp,628945339604,Pribadi
1777199204412,2026-04-26 10:26:44,WhatsApp,628862922860,Grup
1777224856412,2026-04-26 17:34:16,WhatsApp,62892830361,Grup
1777201540412,2026-04-26 11:05:40,WhatsApp,628874743880,Grup
1777214730412,2026-04-26 14:45:30,WhatsApp,628518570582,Pribadi
1777164779412,2026-04-26 00:52:59,WhatsApp,628638360039,Grup
1777169539412,2026-04-26 02:12:19,WhatsApp,628218042708,Grup
1777189802412,2026-04-26 07:50:02,WhatsApp,628926161233,Grup
1777220618412,2026-04-26 16:23:38,WhatsApp,628282960394,Pribadi
1777233791412,2026-04-26 20:03:11,WhatsApp,628712327186,Pribadi
1777203273412,2026-04-26 11:34:33,WhatsApp,628457023970,Pribadi
1777207505412,2026-04-26 12:45:05,WhatsApp,628210036287,Pribadi
1777168222412,2026-04-26 01:50:22,Discord,user21586,DM
1777239290412,2026-04-26 21:34:50,Discord,user37072,Server
1777224355412,2026-04-26 17:25:55,Discord,user92032,DM
1777163838412,2026-04-26 00:37:18,Discord,user16271,Server
1777192541412,2026-04-26 08:35:41,Discord,user38585,DM
1777227185412,2026-04-26 18:13:05,Discord,user25575,Server
1777226994412,2026-04-26 18:09:54,Discord,user9580,Server
1777162058412,2026-04-26 00:07:38,Discord,user47398,DM
1777223025412,2026-04-26 17:03:45,Discord,user94213,Server
1777241536412,2026-04-26 22:12:16,Discord,user53821,Server
1777210762412,2026-04-26 13:39:22,Discord,user3336,DM
1777196088412,2026-04-26 09:34:48,Discord,user24523,Server
1777238819412,2026-04-26 21:26:59,Discord,user46317,DM
1777169269412,2026-04-26 02:07:49,Discord,user99630,DM
1777161846412,2026-04-26 00:04:06,Discord,user66255,DM
1777233480412,2026-04-26 19:58:00,Discord,user90048,DM
1777185232412,2026-04-26 06:33:52,Discord,user49584,DM
1777192098412,2026-04-26 08:28:18,Discord,user23483,Server
1777174748412,2026-04-26 03:39:08,Discord,user44653,Server
1777192875412,2026-04-26 08:41:15,Discord,user18166,Server
1777161991412,2026-04-26 00:06:31,Discord,user90289,Server
1777215515412,2026-04-26 14:58:35,Discord,user78735,Server
1777207021412,2026-04-26 12:37:01,Discord,user2735,Server
1777181965412,2026-04-26 05:39:25,Discord,user13027,Server
1777219269412,2026-04-26 16:01:09,Discord,user24223,Server
1777165382412,2026-04-26 01:03:02,Discord,user76335,Server
1777167486412,2026-04-26 01:38:06,Discord,user67961,Server
1777232752412,2026-04-26 19:45:52,Discord,user36856,Server
1777208174412,2026-04-26 12:56:14,Discord,user18135,Server
1777231807412,2026-04-26 19:30:07,Discord,user56073,Server
1777213887412,2026-04-26 14:31:27,Discord,user78332,Server
1777202160412,2026-04-26 11:16:00,Discord,user67110,Server
1777179266412,2026-04-26 04:54:26,Discord,user69662,DM
1777201916412,2026-04-26 11:11:56,Discord,user38055,Server
1777172097412,2026-04-26 02:54:57,Discord,user12318,DM
1777213278412,2026-04-26 14:21:18,Discord,user45010,DM
1777215063412,2026-04-26 14:51:03,Discord,user25753,Server
1777225836412,2026-04-26 17:50:36,Discord,user70634,Server
1777211986412,2026-04-26 13:59:46,Discord,user21338,Server
1777203871412,2026-04-26 11:44:31,Discord,user60405,DM
1777206220412,2026-04-26 12:23:40,Discord,user31059,Server
1777171987412,2026-04-26 02:53:07,Discord,user75756,DM
1777227818412,2026-04-26 18:23:38,Discord,user36704,DM
1777224387412,2026-04-26 17:26:27,Discord,user65947,DM
1777167966412,2026-04-26 01:46:06,Discord,user32572,DM
1777186366412,2026-04-26 06:52:46,Discord,user17269,DM
1777234240412,2026-04-26 20:10:40,Discord,user33911,DM
1777226715412,2026-04-26 18:05:15,Discord,user21799,Server
1777221412412,2026-04-26 16:36:52,Discord,user47361,DM
1777316733412,2026-04-27 19:05:33,WhatsApp,628466509613,Grup
1777311888412,2026-04-27 17:44:48,WhatsApp,628529164714,Pribadi
1777283249412,2026-04-27 09:47:29,WhatsApp,628671513441,Grup
1777312263412,2026-04-27 17:51:03,WhatsApp,628701375530,Grup
1777310047412,2026-04-27 17:14:07,WhatsApp,628905123457,Pribadi
1777290277412,2026-04-27 11:44:37,WhatsApp,628370450856,Grup
1777269808412,2026-04-27 06:03:28,WhatsApp,62875081044,Pribadi
1777262106412,2026-04-27 03:55:06,WhatsApp,628121219569,Grup
1777276301412,2026-04-27 07:51:41,WhatsApp,628708835369,Pribadi
1777255849412,2026-04-27 02:10:49,WhatsApp,628852200289,Pribadi
1777287112412,2026-04-27 10:51:52,WhatsApp,628608471362,Grup
1777274723412,2026-04-27 07:25:23,WhatsApp,628651083245,Grup
1777256759412,2026-04-27 02:25:59,WhatsApp,628518835606,Grup
1777295253412,2026-04-27 13:07:33,WhatsApp,628447328228,Grup
1777327726412,2026-04-27 22:08:46,WhatsApp,628695904133,Grup
1777273045412,2026-04-27 06:57:25,WhatsApp,628782716066,Grup
1777301613412,2026-04-27 14:53:33,WhatsApp,628173526552,Grup
1777299252412,2026-04-27 14:14:12,WhatsApp,628581607405,Pribadi
1777316104412,2026-04-27 18:55:04,WhatsApp,62821968100,Grup
1777324969412,2026-04-27 21:22:49,WhatsApp,628832531906,Grup
1777316592412,2026-04-27 19:03:12,WhatsApp,628734610242,Grup
1777328879412,2026-04-27 22:27:59,WhatsApp,628362533199,Pribadi
1777265231412,2026-04-27 04:47:11,WhatsApp,628417109971,Pribadi
1777317346412,2026-04-27 19:15:46,WhatsApp,628407340965,Pribadi
1777276678412,2026-04-27 07:57:58,WhatsApp,6283417224,Pribadi
1777318313412,2026-04-27 19:31:53,WhatsApp,628179327841,Pribadi
1777275487412,2026-04-27 07:38:07,WhatsApp,628543121896,Pribadi
1777308263412,2026-04-27 16:44:23,WhatsApp,628350199148,Pribadi
1777282623412,2026-04-27 09:37:03,WhatsApp,628981101925,Grup
1777334323412,2026-04-27 23:58:43,WhatsApp,628195767059,Grup
1777282218412,2026-04-27 09:30:18,WhatsApp,628382465224,Grup
1777257874412,2026-04-27 02:44:34,WhatsApp,628251548003,Pribadi
1777326105412,2026-04-27 21:41:45,WhatsApp,628219380299,Grup
1777302692412,2026-04-27 15:11:32,WhatsApp,628369341663,Grup
1777250830412,2026-04-27 00:47:10,WhatsApp,628639524971,Grup
1777301270412,2026-04-27 14:47:50,WhatsApp,628438956740,Grup
1777248612412,2026-04-27 00:10:12,WhatsApp,628872937370,Grup
1777252314412,2026-04-27 01:11:54,WhatsApp,628754548007,Pribadi
1777275916412,2026-04-27 07:45:16,WhatsApp,628373128869,Grup
1777280118412,2026-04-27 08:55:18,WhatsApp,628320296414,Pribadi
1777282944412,2026-04-27 09:42:24,WhatsApp,628280719908,Pribadi
1777262149412,2026-04-27 03:55:49,WhatsApp,628490246305,Grup
1777311404412,2026-04-27 17:36:44,WhatsApp,628909485403,Grup
1777275691412,2026-04-27 07:41:31,WhatsApp,628664135006,Pribadi
1777282044412,2026-04-27 09:27:24,WhatsApp,628764363413,Grup
1777325192412,2026-04-27 21:26:32,WhatsApp,628967828570,Pribadi
1777285578412,2026-04-27 10:26:18,WhatsApp,628790486428,Pribadi
1777322829412,2026-04-27 20:47:09,WhatsApp,628488903193,Grup
1777257291412,2026-04-27 02:34:51,WhatsApp,628776625613,Grup
1777293470412,2026-04-27 12:37:50,WhatsApp,628154833491,Grup
1777291255412,2026-04-27 12:00:55,WhatsApp,62819649335,Grup
1777268035412,2026-04-27 05:33:55,WhatsApp,628530974868,Grup
1777333848412,2026-04-27 23:50:48,WhatsApp,628442393117,Grup
1777287056412,2026-04-27 10:50:56,WhatsApp,62874957877,Grup
1777303130412,2026-04-27 15:18:50,WhatsApp,628330314547,Grup
1777309866412,2026-04-27 17:11:06,WhatsApp,628360600427,Grup
1777252510412,2026-04-27 01:15:10,WhatsApp,628613584135,Grup
1777317535412,2026-04-27 19:18:55,WhatsApp,628849923963,Grup
1777255272412,2026-04-27 02:01:12,WhatsApp,628628673609,Grup
1777292762412,2026-04-27 12:26:02,WhatsApp,628706359238,Grup
1777329210412,2026-04-27 22:33:30,WhatsApp,628828859880,Grup
1777333622412,2026-04-27 23:47:02,WhatsApp,628814656374,Grup
1777304677412,2026-04-27 15:44:37,WhatsApp,628956369899,Pribadi
1777264969412,2026-04-27 04:42:49,WhatsApp,62851775814,Grup
1777299419412,2026-04-27 14:16:59,WhatsApp,628813749551,Grup
1777277816412,2026-04-27 08:16:56,WhatsApp,628261244865,Grup
1777320446412,2026-04-27 20:07:26,WhatsApp,628320385992,Grup
1777263546412,2026-04-27 04:19:06,WhatsApp,628793860206,Grup
1777297861412,2026-04-27 13:51:01,WhatsApp,628153369647,Grup
1777309041412,2026-04-27 16:57:21,WhatsApp,628833087197,Pribadi
1777318074412,2026-04-27 19:27:54,WhatsApp,628210101537,Grup
1777256141412,2026-04-27 02:15:41,WhatsApp,628838596098,Grup
1777305183412,2026-04-27 15:53:03,WhatsApp,628848107977,Grup
1777248079412,2026-04-27 00:01:19,WhatsApp,62876836361,Pribadi
1777259551412,2026-04-27 03:12:31,WhatsApp,628181527116,Grup
1777323613412,2026-04-27 21:00:13,WhatsApp,628700163540,Grup
1777307133412,2026-04-27 16:25:33,WhatsApp,628848488154,Grup
1777264149412,2026-04-27 04:29:09,WhatsApp,628109451990,Grup
1777262279412,2026-04-27 03:57:59,WhatsApp,628612200592,Grup
1777305031412,2026-04-27 15:50:31,WhatsApp,628547642366,Pribadi
1777314950412,2026-04-27 18:35:50,WhatsApp,628969895391,Pribadi
1777301751412,2026-04-27 14:55:51,WhatsApp,628573801939,Grup
1777324631412,2026-04-27 21:17:11,WhatsApp,628203472680,Grup
1777322595412,2026-04-27 20:43:15,WhatsApp,628540623928,Grup
1777255678412,2026-04-27 02:07:58,WhatsApp,628845443916,Grup
1777291663412,2026-04-27 12:07:43,WhatsApp,628682403020,Grup
1777313160412,2026-04-27 18:06:00,WhatsApp,628748377334,Grup
1777272721412,2026-04-27 06:52:01,WhatsApp,628269697613,Grup
1777333351412,2026-04-27 23:42:31,WhatsApp,628849250941,Pribadi
1777312013412,2026-04-27 17:46:53,WhatsApp,628458651263,Pribadi
1777307971412,2026-04-27 16:39:31,WhatsApp,628791653117,Grup
1777311978412,2026-04-27 17:46:18,WhatsApp,62870927512,Pribadi
1777260458412,2026-04-27 03:27:38,WhatsApp,628167599072,Pribadi
1777321811412,2026-04-27 20:30:11,WhatsApp,628821810505,Grup
1777296222412,2026-04-27 13:23:42,WhatsApp,628721266252,Grup
1777288338412,2026-04-27 11:12:18,WhatsApp,628574198951,Pribadi
1777252734412,2026-04-27 01:18:54,WhatsApp,628457688808,Grup
1777297419412,2026-04-27 13:43:39,WhatsApp,628873160193,Grup
1777257881412,2026-04-27 02:44:41,WhatsApp,628563841881,Grup
1777313816412,2026-04-27 18:16:56,WhatsApp,628207527155,Pribadi
1777314310412,2026-04-27 18:25:10,WhatsApp,628164906769,Pribadi
1777267708412,2026-04-27 05:28:28,WhatsApp,628216599577,Grup
1777287126412,2026-04-27 10:52:06,WhatsApp,628902427997,Pribadi
1777310249412,2026-04-27 17:17:29,WhatsApp,628192350629,Pribadi
1777258261412,2026-04-27 02:51:01,WhatsApp,628358632302,Grup
1777294603412,2026-04-27 12:56:43,WhatsApp,628662495587,Grup
1777322133412,2026-04-27 20:35:33,WhatsApp,62816045845,Grup
1777314382412,2026-04-27 18:26:22,WhatsApp,628319955437,Grup
1777300056412,2026-04-27 14:27:36,WhatsApp,628515612362,Grup
1777267729412,2026-04-27 05:28:49,WhatsApp,628410656771,Pribadi
1777333384412,2026-04-27 23:43:04,WhatsApp,628134334707,Pribadi
1777297875412,2026-04-27 13:51:15,WhatsApp,628497103210,Grup
1777270422412,2026-04-27 06:13:42,WhatsApp,628310247078,Pribadi
1777324133412,2026-04-27 21:08:53,WhatsApp,628978498080,Grup
1777259367412,2026-04-27 03:09:27,WhatsApp,62866871413,Grup
1777300957412,2026-04-27 14:42:37,WhatsApp,628372914700,Grup
1777297757412,2026-04-27 13:49:17,WhatsApp,628253334106,Grup
1777322250412,2026-04-27 20:37:30,WhatsApp,628685071751,Pribadi
1777331563412,2026-04-27 23:12:43,WhatsApp,6286056823,Grup
1777268653412,2026-04-27 05:44:13,WhatsApp,628228369024,Pribadi
1777325883412,2026-04-27 21:38:03,WhatsApp,628330463125,Grup
1777306048412,2026-04-27 16:07:28,WhatsApp,628968250049,Grup
1777327887412,2026-04-27 22:11:27,WhatsApp,628445249733,Grup
1777257773412,2026-04-27 02:42:53,WhatsApp,6289848462,Pribadi
1777311923412,2026-04-27 17:45:23,WhatsApp,628127405372,Grup
1777264580412,2026-04-27 04:36:20,WhatsApp,628718245915,Pribadi
1777285514412,2026-04-27 10:25:14,WhatsApp,628113436087,Grup
1777290213412,2026-04-27 11:43:33,WhatsApp,628188034359,Pribadi
1777260435412,2026-04-27 03:27:15,WhatsApp,628782275421,Pribadi
1777250824412,2026-04-27 00:47:04,WhatsApp,628220518301,Grup
1777323302412,2026-04-27 20:55:02,WhatsApp,628202700361,Grup
1777258823412,2026-04-27 03:00:23,WhatsApp,62861693233,Pribadi
1777295855412,2026-04-27 13:17:35,WhatsApp,62829691033,Grup
1777293286412,2026-04-27 12:34:46,WhatsApp,628721251024,Pribadi
1777255448412,2026-04-27 02:04:08,WhatsApp,628139659330,Grup
1777264877412,2026-04-27 04:41:17,WhatsApp,628793124557,Grup
1777316236412,2026-04-27 18:57:16,WhatsApp,628274391739,Grup
1777272109412,2026-04-27 06:41:49,WhatsApp,628182327771,Grup
1777260501412,2026-04-27 03:28:21,WhatsApp,628351500023,Grup
1777277979412,2026-04-27 08:19:39,WhatsApp,628736074979,Pribadi
1777275258412,2026-04-27 07:34:18,WhatsApp,628815264782,Pribadi
1777285745412,2026-04-27 10:29:05,WhatsApp,628400472830,Grup
1777276711412,2026-04-27 07:58:31,WhatsApp,628607092247,Grup
1777332272412,2026-04-27 23:24:32,WhatsApp,628992290112,Grup
1777314136412,2026-04-27 18:22:16,WhatsApp,628392883976,Grup
1777316766412,2026-04-27 19:06:06,WhatsApp,628229529839,Grup
1777288687412,2026-04-27 11:18:07,WhatsApp,628335925670,Grup
1777297837412,2026-04-27 13:50:37,WhatsApp,62840234949,Grup
1777300708412,2026-04-27 14:38:28,WhatsApp,628648493789,Grup
1777290907412,2026-04-27 11:55:07,WhatsApp,628388706887,Grup
1777288877412,2026-04-27 11:21:17,WhatsApp,628318276473,Grup
1777327170412,2026-04-27 21:59:30,WhatsApp,628552550468,Pribadi
1777317093412,2026-04-27 19:11:33,WhatsApp,628741276105,Grup
1777291932412,2026-04-27 12:12:12,WhatsApp,628116042852,Pribadi
1777292727412,2026-04-27 12:25:27,WhatsApp,628812702157,Grup
1777270917412,2026-04-27 06:21:57,WhatsApp,628416277389,Pribadi
1777250951412,2026-04-27 00:49:11,WhatsApp,628112913547,Pribadi
1777324575412,2026-04-27 21:16:15,WhatsApp,628274610787,Pribadi
1777298311412,2026-04-27 13:58:31,WhatsApp,628297972584,Grup
1777270793412,2026-04-27 06:19:53,WhatsApp,628478372136,Grup
1777291343412,2026-04-27 12:02:23,WhatsApp,628143047514,Grup
1777290444412,2026-04-27 11:47:24,WhatsApp,628509730963,Grup
1777294713412,2026-04-27 12:58:33,WhatsApp,628889687727,Grup
1777249799412,2026-04-27 00:29:59,WhatsApp,628690142315,Pribadi
1777327418412,2026-04-27 22:03:38,WhatsApp,628136581253,Pribadi
1777258665412,2026-04-27 02:57:45,WhatsApp,628194615274,Grup
1777279617412,2026-04-27 08:46:57,Discord,user72095,Server
1777264938412,2026-04-27 04:42:18,Discord,user71542,DM
1777258944412,2026-04-27 03:02:24,Discord,user37179,DM
1777309174412,2026-04-27 16:59:34,Discord,user62009,Server
1777309044412,2026-04-27 16:57:24,Discord,user12713,Server
1777329594412,2026-04-27 22:39:54,Discord,user9965,DM
1777254446412,2026-04-27 01:47:26,Discord,user60158,DM
1777324947412,2026-04-27 21:22:27,Discord,user44859,DM
1777302291412,2026-04-27 15:04:51,Discord,user4076,Server
1777280730412,2026-04-27 09:05:30,Discord,user59292,DM
1777332624412,2026-04-27 23:30:24,Discord,user1661,Server
1777281837412,2026-04-27 09:23:57,Discord,user47549,Server
1777253802412,2026-04-27 01:36:42,Discord,user40465,DM
1777291931412,2026-04-27 12:12:11,Discord,user40326,DM
1777315758412,2026-04-27 18:49:18,Discord,user75171,DM
1777305727412,2026-04-27 16:02:07,Discord,user26175,Server
1777264307412,2026-04-27 04:31:47,Discord,user1058,Server
1777274832412,2026-04-27 07:27:12,Discord,user55934,DM
1777267285412,2026-04-27 05:21:25,Discord,user76066,DM
1777314930412,2026-04-27 18:35:30,Discord,user34195,DM
1777298691412,2026-04-27 14:04:51,Discord,user46852,DM
1777268878412,2026-04-27 05:47:58,Discord,user19137,DM
1777294889412,2026-04-27 13:01:29,Discord,user90319,Server
1777269033412,2026-04-27 05:50:33,Discord,user19738,Server
1777282079412,2026-04-27 09:27:59,Discord,user18613,DM
1777288106412,2026-04-27 11:08:26,Discord,user85244,Server
1777259561412,2026-04-27 03:12:41,Discord,user72048,Server
1777292188412,2026-04-27 12:16:28,Discord,user70303,Server
1777249600412,2026-04-27 00:26:40,Discord,user84632,DM
1777315693412,2026-04-27 18:48:13,Discord,user75747,DM
1777333264412,2026-04-27 23:41:04,Discord,user48441,Server
1777330214412,2026-04-27 22:50:14,Discord,user88250,Server
1777285432412,2026-04-27 10:23:52,Discord,user38076,DM
1777330501412,2026-04-27 22:55:01,Discord,user74366,DM
1777323891412,2026-04-27 21:04:51,Discord,user91689,DM
1777269427412,2026-04-27 05:57:07,Discord,user82685,Server
1777318972412,2026-04-27 19:42:52,Discord,user18231,Server
1777306421412,2026-04-27 16:13:41,Discord,user46383,DM
1777299261412,2026-04-27 14:14:21,Discord,user53687,DM
1777328683412,2026-04-27 22:24:43,Discord,user89776,Server
1777282498412,2026-04-27 09:34:58,Discord,user94433,Server
1777263645412,2026-04-27 04:20:45,Discord,user70663,DM
1777315477412,2026-04-27 18:44:37,Discord,user4053,DM
1777268754412,2026-04-27 05:45:54,Discord,user21274,DM
1777280741412,2026-04-27 09:05:41,Discord,user66952,DM
1777275261412,2026-04-27 07:34:21,Discord,user36281,DM
1777322167412,2026-04-27 20:36:07,Discord,user39004,Server
1777295343412,2026-04-27 13:09:03,Discord,user42162,Server
1777287375412,2026-04-27 10:56:15,Discord,user65614,Server
1777290433412,2026-04-27 11:47:13,Discord,user75267,DM
1777305202412,2026-04-27 15:53:22,Discord,user19836,Server
1777402581412,2026-04-28 18:56:21,WhatsApp,628910424740,Grup
1777405693412,2026-04-28 19:48:13,WhatsApp,628819475495,Pribadi
1777396369412,2026-04-28 17:12:49,WhatsApp,628351292421,Grup
1777379494412,2026-04-28 12:31:34,WhatsApp,628689640017,Grup
1777342160412,2026-04-28 02:09:20,WhatsApp,628137316301,Grup
1777339538412,2026-04-28 01:25:38,WhatsApp,62831107140,Pribadi
1777360828412,2026-04-28 07:20:28,WhatsApp,628138342060,Pribadi
1777362170412,2026-04-28 07:42:50,WhatsApp,628123830283,Grup
1777355435412,2026-04-28 05:50:35,WhatsApp,628257911311,Pribadi
1777373144412,2026-04-28 10:45:44,WhatsApp,62897922585,Grup
1777381425412,2026-04-28 13:03:45,WhatsApp,628479995116,Grup
1777415054412,2026-04-28 22:24:14,WhatsApp,628896612546,Grup
1777369315412,2026-04-28 09:41:55,WhatsApp,628184587939,Pribadi
1777414285412,2026-04-28 22:11:25,WhatsApp,628653661501,Grup
1777391221412,2026-04-28 15:47:01,WhatsApp,628125507857,Pribadi
1777351225412,2026-04-28 04:40:25,WhatsApp,628186982289,Pribadi
1777334905412,2026-04-28 00:08:25,WhatsApp,628427595703,Grup
1777384351412,2026-04-28 13:52:31,WhatsApp,628849528322,Pribadi
1777356211412,2026-04-28 06:03:31,WhatsApp,628564216506,Pribadi
1777337737412,2026-04-28 00:55:37,WhatsApp,628754124480,Grup
1777398279412,2026-04-28 17:44:39,WhatsApp,628770909842,Pribadi
1777408486412,2026-04-28 20:34:46,WhatsApp,628967469596,Pribadi
1777381689412,2026-04-28 13:08:09,WhatsApp,628738449971,Grup
1777343628412,2026-04-28 02:33:48,WhatsApp,628433691753,Grup
1777359943412,2026-04-28 07:05:43,WhatsApp,628213487343,Pribadi
1777372682412,2026-04-28 10:38:02,WhatsApp,628972809556,Grup
1777367276412,2026-04-28 09:07:56,WhatsApp,6281018240,Grup
1777353789412,2026-04-28 05:23:09,WhatsApp,628840110723,Grup
1777354078412,2026-04-28 05:27:58,WhatsApp,628285030611,Grup
1777373358412,2026-04-28 10:49:18,WhatsApp,628563222030,Pribadi
1777345127412,2026-04-28 02:58:47,WhatsApp,628578781977,Grup
1777418254412,2026-04-28 23:17:34,WhatsApp,62882088403,Grup
1777409620412,2026-04-28 20:53:40,WhatsApp,628943530232,Pribadi
1777418903412,2026-04-28 23:28:23,WhatsApp,628267076107,Grup
1777375003412,2026-04-28 11:16:43,WhatsApp,628803630813,Grup
1777374088412,2026-04-28 11:01:28,WhatsApp,628764545823,Grup
1777365383412,2026-04-28 08:36:23,WhatsApp,628333052779,Pribadi
1777401864412,2026-04-28 18:44:24,WhatsApp,628540945958,Grup
1777359089412,2026-04-28 06:51:29,WhatsApp,628276977287,Grup
1777409551412,2026-04-28 20:52:31,WhatsApp,628317271495,Grup
1777399077412,2026-04-28 17:57:57,WhatsApp,628691212630,Grup
1777359990412,2026-04-28 07:06:30,WhatsApp,628142155106,Grup
1777410646412,2026-04-28 21:10:46,WhatsApp,62867615408,Grup
1777368462412,2026-04-28 09:27:42,WhatsApp,628794423769,Grup
1777372111412,2026-04-28 10:28:31,WhatsApp,628621116768,Pribadi
1777351037412,2026-04-28 04:37:17,WhatsApp,628215595777,Pribadi
1777348282412,2026-04-28 03:51:22,WhatsApp,628970672356,Grup
1777372522412,2026-04-28 10:35:22,WhatsApp,628624224900,Pribadi
1777412692412,2026-04-28 21:44:52,WhatsApp,628286167783,Grup
1777351315412,2026-04-28 04:41:55,WhatsApp,628723343459,Grup
1777341421412,2026-04-28 01:57:01,WhatsApp,628722109935,Grup
1777414412412,2026-04-28 22:13:32,WhatsApp,628138914205,Grup
1777388244412,2026-04-28 14:57:24,WhatsApp,628282526312,Pribadi
1777368149412,2026-04-28 09:22:29,WhatsApp,628150761989,Pribadi
1777343020412,2026-04-28 02:23:40,WhatsApp,628140223546,Grup
1777355051412,2026-04-28 05:44:11,WhatsApp,62848536224,Pribadi
1777372674412,2026-04-28 10:37:54,WhatsApp,628510876162,Grup
1777410451412,2026-04-28 21:07:31,WhatsApp,628208230453,Pribadi
1777398412412,2026-04-28 17:46:52,WhatsApp,628256645610,Grup
1777372811412,2026-04-28 10:40:11,WhatsApp,628528912632,Pribadi
1777335257412,2026-04-28 00:14:17,WhatsApp,628362777185,Grup
1777418706412,2026-04-28 23:25:06,WhatsApp,628524369652,Grup
1777360392412,2026-04-28 07:13:12,WhatsApp,628152353387,Grup
1777416768412,2026-04-28 22:52:48,WhatsApp,628709515521,Grup
1777419529412,2026-04-28 23:38:49,WhatsApp,628199490833,Grup
1777365539412,2026-04-28 08:38:59,WhatsApp,628535178986,Grup
1777364184412,2026-04-28 08:16:24,WhatsApp,628931193225,Grup
1777359776412,2026-04-28 07:02:56,WhatsApp,628330229708,Pribadi
1777409188412,2026-04-28 20:46:28,WhatsApp,628504392437,Grup
1777342999412,2026-04-28 02:23:19,WhatsApp,628611196897,Grup
1777397011412,2026-04-28 17:23:31,WhatsApp,628658705,Pribadi
1777338529412,2026-04-28 01:08:49,WhatsApp,628239829454,Grup
1777338554412,2026-04-28 01:09:14,WhatsApp,628221956397,Pribadi
1777367130412,2026-04-28 09:05:30,WhatsApp,628709569341,Pribadi
1777386681412,2026-04-28 14:31:21,WhatsApp,628986114381,Grup
1777393815412,2026-04-28 16:30:15,WhatsApp,628226439543,Grup
1777379128412,2026-04-28 12:25:28,WhatsApp,628694424719,Pribadi
1777410952412,2026-04-28 21:15:52,WhatsApp,628283846709,Grup
1777335282412,2026-04-28 00:14:42,WhatsApp,628263529560,Grup
1777368196412,2026-04-28 09:23:16,WhatsApp,628107444477,Grup
1777345542412,2026-04-28 03:05:42,WhatsApp,62827287476,Pribadi
1777346181412,2026-04-28 03:16:21,WhatsApp,628815147946,Pribadi
1777373803412,2026-04-28 10:56:43,WhatsApp,628166177836,Pribadi
1777336924412,2026-04-28 00:42:04,WhatsApp,628924747219,Pribadi
1777363491412,2026-04-28 08:04:51,WhatsApp,628167621979,Grup
1777384754412,2026-04-28 13:59:14,WhatsApp,628835457529,Pribadi
1777336229412,2026-04-28 00:30:29,WhatsApp,628344216524,Pribadi
1777351933412,2026-04-28 04:52:13,WhatsApp,628346506969,Pribadi
1777402165412,2026-04-28 18:49:25,WhatsApp,62886068498,Grup
1777337529412,2026-04-28 00:52:09,WhatsApp,628636816047,Grup
1777351886412,2026-04-28 04:51:26,WhatsApp,628518837294,Pribadi
1777355608412,2026-04-28 05:53:28,WhatsApp,628161637734,Grup
1777368714412,2026-04-28 09:31:54,WhatsApp,628811071342,Grup
1777381343412,2026-04-28 13:02:23,WhatsApp,62835161420,Pribadi
1777334447412,2026-04-28 00:00:47,WhatsApp,628981877091,Pribadi
1777420137412,2026-04-28 23:48:57,WhatsApp,628995380625,Grup
1777367949412,2026-04-28 09:19:09,WhatsApp,62891865390,Grup
1777376695412,2026-04-28 11:44:55,WhatsApp,628414753409,Pribadi
1777336605412,2026-04-28 00:36:45,WhatsApp,628140651236,Grup
1777375799412,2026-04-28 11:29:59,WhatsApp,628990500613,Pribadi
1777408959412,2026-04-28 20:42:39,WhatsApp,62854357976,Grup
1777399810412,2026-04-28 18:10:10,WhatsApp,628238106792,Grup
1777373501412,2026-04-28 10:51:41,WhatsApp,628182901202,Grup
1777355107412,2026-04-28 05:45:07,WhatsApp,628447125181,Grup
1777408864412,2026-04-28 20:41:04,WhatsApp,628463302797,Grup
1777362884412,2026-04-28 07:54:44,WhatsApp,628315789137,Grup
1777340059412,2026-04-28 01:34:19,WhatsApp,628351641556,Pribadi
1777365720412,2026-04-28 08:42:00,WhatsApp,628663443682,Pribadi
1777366619412,2026-04-28 08:56:59,WhatsApp,628772086530,Grup
1777372554412,2026-04-28 10:35:54,WhatsApp,628223772161,Pribadi
1777337286412,2026-04-28 00:48:06,WhatsApp,628782326967,Grup
1777359280412,2026-04-28 06:54:40,WhatsApp,628174455918,Grup
1777383802412,2026-04-28 13:43:22,WhatsApp,628278613400,Grup
1777370334412,2026-04-28 09:58:54,WhatsApp,628672849904,Pribadi
1777379395412,2026-04-28 12:29:55,WhatsApp,62824344544,Pribadi
1777374634412,2026-04-28 11:10:34,WhatsApp,628320669113,Grup
1777411193412,2026-04-28 21:19:53,WhatsApp,62816483283,Pribadi
1777400732412,2026-04-28 18:25:32,WhatsApp,628394951621,Grup
1777398258412,2026-04-28 17:44:18,WhatsApp,628204210852,Grup
1777402675412,2026-04-28 18:57:55,WhatsApp,628166253973,Grup
1777392551412,2026-04-28 16:09:11,WhatsApp,628933489777,Pribadi
1777413712412,2026-04-28 22:01:52,WhatsApp,628566225435,Grup
1777384675412,2026-04-28 13:57:55,WhatsApp,628181795971,Grup
1777387736412,2026-04-28 14:48:56,WhatsApp,62863335540,Grup
1777379025412,2026-04-28 12:23:45,WhatsApp,628907524226,Grup
1777397712412,2026-04-28 17:35:12,WhatsApp,628990983415,Grup
1777342287412,2026-04-28 02:11:27,WhatsApp,628300745575,Grup
1777363117412,2026-04-28 07:58:37,WhatsApp,628144930540,Grup
1777379442412,2026-04-28 12:30:42,WhatsApp,62855254601,Grup
1777412386412,2026-04-28 21:39:46,WhatsApp,628348950605,Pribadi
1777398862412,2026-04-28 17:54:22,WhatsApp,628521574560,Pribadi
1777363346412,2026-04-28 08:02:26,WhatsApp,62899087866,Pribadi
1777375284412,2026-04-28 11:21:24,WhatsApp,628659834317,Grup
1777374236412,2026-04-28 11:03:56,WhatsApp,628910382198,Pribadi
1777415998412,2026-04-28 22:39:58,WhatsApp,628884387611,Grup
1777344448412,2026-04-28 02:47:28,WhatsApp,628685203997,Grup
1777366171412,2026-04-28 08:49:31,WhatsApp,628171265207,Pribadi
1777366240412,2026-04-28 08:50:40,WhatsApp,628476060675,Grup
1777392174412,2026-04-28 16:02:54,WhatsApp,62820602997,Pribadi
1777343301412,2026-04-28 02:28:21,WhatsApp,628700435705,Pribadi
1777399949412,2026-04-28 18:12:29,WhatsApp,628394060193,Grup
1777375835412,2026-04-28 11:30:35,WhatsApp,628145057465,Grup
1777352165412,2026-04-28 04:56:05,WhatsApp,6282545161,Pribadi
1777392431412,2026-04-28 16:07:11,WhatsApp,628251095068,Grup
1777350650412,2026-04-28 04:30:50,WhatsApp,628384617818,Grup
1777363728412,2026-04-28 08:08:48,WhatsApp,628910167934,Pribadi
1777360415412,2026-04-28 07:13:35,WhatsApp,628544885031,Grup
1777408128412,2026-04-28 20:28:48,WhatsApp,628957978883,Grup
1777375770412,2026-04-28 11:29:30,WhatsApp,628235729455,Pribadi
1777347656412,2026-04-28 03:40:56,WhatsApp,62875321020,Grup
1777403818412,2026-04-28 19:16:58,WhatsApp,628454631410,Pribadi
1777336667412,2026-04-28 00:37:47,WhatsApp,628569820542,Grup
1777340852412,2026-04-28 01:47:32,WhatsApp,628638638229,Grup
1777360235412,2026-04-28 07:10:35,WhatsApp,628975664822,Grup
1777347822412,2026-04-28 03:43:42,WhatsApp,628345608159,Grup
1777395042412,2026-04-28 16:50:42,WhatsApp,628521230083,Grup
1777408341412,2026-04-28 20:32:21,WhatsApp,628667030604,Grup
1777364147412,2026-04-28 08:15:47,WhatsApp,628360366660,Pribadi
1777404224412,2026-04-28 19:23:44,WhatsApp,628606036653,Grup
1777386409412,2026-04-28 14:26:49,WhatsApp,628864362995,Pribadi
1777419915412,2026-04-28 23:45:15,WhatsApp,628973393215,Grup
1777378458412,2026-04-28 12:14:18,WhatsApp,628924567146,Grup
1777414877412,2026-04-28 22:21:17,WhatsApp,628227658717,Grup
1777420781412,2026-04-28 23:59:41,Discord,user30481,Server
1777377044412,2026-04-28 11:50:44,Discord,user78234,Server
1777378824412,2026-04-28 12:20:24,Discord,user75801,Server
1777419810412,2026-04-28 23:43:30,Discord,user24278,Server
1777378434412,2026-04-28 12:13:54,Discord,user31492,DM
1777343297412,2026-04-28 02:28:17,Discord,user22334,Server
1777352925412,2026-04-28 05:08:45,Discord,user31013,DM
1777383498412,2026-04-28 13:38:18,Discord,user46996,Server
1777342832412,2026-04-28 02:20:32,Discord,user3124,Server
1777359819412,2026-04-28 07:03:39,Discord,user49165,Server
1777395646412,2026-04-28 17:00:46,Discord,user67320,Server
1777381796412,2026-04-28 13:09:56,Discord,user55618,DM
1777348561412,2026-04-28 03:56:01,Discord,user95176,Server
1777394676412,2026-04-28 16:44:36,Discord,user60878,DM
1777404254412,2026-04-28 19:24:14,Discord,user52643,Server
1777406175412,2026-04-28 19:56:15,Discord,user27014,Server
1777417819412,2026-04-28 23:10:19,Discord,user82955,DM
1777411253412,2026-04-28 21:20:53,Discord,user88460,Server
1777352890412,2026-04-28 05:08:10,Discord,user80117,Server
1777396993412,2026-04-28 17:23:13,Discord,user96949,DM
1777373809412,2026-04-28 10:56:49,Discord,user56385,Server
1777377618412,2026-04-28 12:00:18,Discord,user58699,Server
1777346404412,2026-04-28 03:20:04,Discord,user87426,Server
1777378932412,2026-04-28 12:22:12,Discord,user17863,DM
1777412867412,2026-04-28 21:47:47,Discord,user54502,Server
1777358798412,2026-04-28 06:46:38,Discord,user20432,DM
1777387602412,2026-04-28 14:46:42,Discord,user69168,DM
1777410140412,2026-04-28 21:02:20,Discord,user82934,DM
1777394581412,2026-04-28 16:43:01,Discord,user80462,Server
1777420608412,2026-04-28 23:56:48,Discord,user67990,Server
1777378154412,2026-04-28 12:09:14,Discord,user14463,Server
1777387581412,2026-04-28 14:46:21,Discord,user46921,Server
1777370219412,2026-04-28 09:56:59,Discord,user6483,Server
1777413325412,2026-04-28 21:55:25,Discord,user33876,Server
1777406405412,2026-04-28 20:00:05,Discord,user41687,DM
1777348449412,2026-04-28 03:54:09,Discord,user74510,Server
1777393149412,2026-04-28 16:19:09,Discord,user85496,DM
1777336926412,2026-04-28 00:42:06,Discord,user4823,Server
1777363919412,2026-04-28 08:11:59,Discord,user88841,Server
1777406120412,2026-04-28 19:55:20,Discord,user20005,Server
1777391338412,2026-04-28 15:48:58,Discord,user74978,DM
1777388493412,2026-04-28 15:01:33,Discord,user71331,DM
1777418152412,2026-04-28 23:15:52,Discord,user49971,DM
1777411239412,2026-04-28 21:20:39,Discord,user55462,Server
1777364440412,2026-04-28 08:20:40,Discord,user44380,Server
1777338521412,2026-04-28 01:08:41,Discord,user22778,Server
1777410366412,2026-04-28 21:06:06,Discord,user32915,Server
1777344696412,2026-04-28 02:51:36,Discord,user97689,DM
1777389889412,2026-04-28 15:24:49,Discord,user16815,Server
1777366053412,2026-04-28 08:47:33,Discord,user37326,DM
1777345349412,2026-04-28 03:02:29,Discord,user86481,DM
1777405360412,2026-04-28 19:42:40,Discord,user55712,Server
1777388321412,2026-04-28 14:58:41,Discord,user12480,Server
1777382064412,2026-04-28 13:14:24,Discord,user45308,Server
1777343737412,2026-04-28 02:35:37,Discord,user3446,Server
1777346305412,2026-04-28 03:18:25,Discord,user11495,Server
1777413299412,2026-04-28 21:54:59,Discord,user25543,DM
1777491799412,2026-04-29 19:43:19,WhatsApp,628239634875,Grup
1777503708412,2026-04-29 23:01:48,WhatsApp,628182115915,Grup
1777459771412,2026-04-29 10:49:31,WhatsApp,628934162628,Grup
1777475701412,2026-04-29 15:15:01,WhatsApp,62884835863,Grup
1777462927412,2026-04-29 11:42:07,WhatsApp,628185684326,Pribadi
1777481820412,2026-04-29 16:57:00,WhatsApp,628294862600,Grup
1777423422412,2026-04-29 00:43:42,WhatsApp,628872080011,Pribadi
1777482656412,2026-04-29 17:10:56,WhatsApp,628704428078,Pribadi
1777500053412,2026-04-29 22:00:53,WhatsApp,62881863153,Pribadi
1777479127412,2026-04-29 16:12:07,WhatsApp,628842899152,Pribadi
1777476101412,2026-04-29 15:21:41,WhatsApp,628656585415,Grup
1777473572412,2026-04-29 14:39:32,WhatsApp,628270185612,Grup
1777427296412,2026-04-29 01:48:16,WhatsApp,628569373407,Grup
1777489627412,2026-04-29 19:07:07,WhatsApp,628334208776,Pribadi
1777479593412,2026-04-29 16:19:53,WhatsApp,628564608653,Grup
1777487949412,2026-04-29 18:39:09,WhatsApp,628415651933,Pribadi
1777466999412,2026-04-29 12:49:59,WhatsApp,628362008211,Pribadi
1777495582412,2026-04-29 20:46:22,WhatsApp,628765865674,Pribadi
1777484839412,2026-04-29 17:47:19,WhatsApp,628220044765,Pribadi
1777442086412,2026-04-29 05:54:46,WhatsApp,628238129270,Grup
1777456980412,2026-04-29 10:03:00,WhatsApp,628659902990,Grup
1777470076412,2026-04-29 13:41:16,WhatsApp,62884265304,Grup
1777436945412,2026-04-29 04:29:05,WhatsApp,62890544577,Grup
1777505195412,2026-04-29 23:26:35,WhatsApp,628600734230,Grup
1777445630412,2026-04-29 06:53:50,WhatsApp,628230361594,Grup
1777492339412,2026-04-29 19:52:19,WhatsApp,628307438187,Grup
1777496031412,2026-04-29 20:53:51,WhatsApp,628706627068,Pribadi
1777477064412,2026-04-29 15:37:44,WhatsApp,62828135286,Pribadi
1777492219412,2026-04-29 19:50:19,WhatsApp,628242163615,Grup
1777492305412,2026-04-29 19:51:45,WhatsApp,62897092121,Grup
1777469677412,2026-04-29 13:34:37,WhatsApp,628154644606,Grup
1777468557412,2026-04-29 13:15:57,WhatsApp,628706633871,Grup
1777503660412,2026-04-29 23:01:00,WhatsApp,628787795293,Pribadi
1777494236412,2026-04-29 20:23:56,WhatsApp,6289751963,Grup
1777441264412,2026-04-29 05:41:04,WhatsApp,628517285879,Grup
1777460008412,2026-04-29 10:53:28,WhatsApp,628217466466,Grup
1777491235412,2026-04-29 19:33:55,WhatsApp,628287620770,Pribadi
1777473490412,2026-04-29 14:38:10,WhatsApp,628405021126,Pribadi
1777441756412,2026-04-29 05:49:16,WhatsApp,628882948659,Grup
1777473957412,2026-04-29 14:45:57,WhatsApp,628426616541,Grup
1777491029412,2026-04-29 19:30:29,WhatsApp,628533934975,Grup
1777498119412,2026-04-29 21:28:39,WhatsApp,628977922645,Grup
1777438212412,2026-04-29 04:50:12,WhatsApp,628464607275,Pribadi
1777445282412,2026-04-29 06:48:02,WhatsApp,628402109813,Grup
1777480122412,2026-04-29 16:28:42,WhatsApp,628919619311,Grup
1777435174412,2026-04-29 03:59:34,WhatsApp,628732262058,Grup
1777497878412,2026-04-29 21:24:38,WhatsApp,628903137159,Grup
1777446030412,2026-04-29 07:00:30,WhatsApp,628307557233,Grup
1777498045412,2026-04-29 21:27:25,WhatsApp,62823952734,Grup
1777500579412,2026-04-29 22:09:39,WhatsApp,628478948770,Grup
1777426037412,2026-04-29 01:27:17,WhatsApp,62830515424,Grup
1777452514412,2026-04-29 08:48:34,WhatsApp,628815906257,Grup
1777462562412,2026-04-29 11:36:02,WhatsApp,628452509059,Pribadi
1777448526412,2026-04-29 07:42:06,WhatsApp,628216431834,Grup
1777465696412,2026-04-29 12:28:16,WhatsApp,628393281140,Grup
1777440383412,2026-04-29 05:26:23,WhatsApp,628253751446,Pribadi
1777501810412,2026-04-29 22:30:10,WhatsApp,628480363638,Pribadi
1777457951412,2026-04-29 10:19:11,WhatsApp,628890786816,Grup
1777480392412,2026-04-29 16:33:12,WhatsApp,628265760058,Grup
1777491182412,2026-04-29 19:33:02,WhatsApp,628989899917,Grup
1777432928412,2026-04-29 03:22:08,WhatsApp,62845722224,Grup
1777428241412,2026-04-29 02:04:01,WhatsApp,628358861158,Grup
1777477757412,2026-04-29 15:49:17,WhatsApp,6281542986,Grup
1777452302412,2026-04-29 08:45:02,WhatsApp,628520310243,Pribadi
1777467550412,2026-04-29 12:59:10,WhatsApp,628230083175,Grup
1777446391412,2026-04-29 07:06:31,WhatsApp,628602759802,Grup
1777435957412,2026-04-29 04:12:37,WhatsApp,628963195080,Grup
1777468187412,2026-04-29 13:09:47,WhatsApp,628515298241,Grup
1777487622412,2026-04-29 18:33:42,WhatsApp,628327271193,Pribadi
1777439393412,2026-04-29 05:09:53,WhatsApp,628567476685,Pribadi
1777464636412,2026-04-29 12:10:36,WhatsApp,628139358074,Grup
1777462061412,2026-04-29 11:27:41,WhatsApp,628948441759,Pribadi
1777455593412,2026-04-29 09:39:53,WhatsApp,628487130322,Grup
1777498156412,2026-04-29 21:29:16,WhatsApp,628138737778,Grup
1777421945412,2026-04-29 00:19:05,WhatsApp,628461922401,Grup
1777486054412,2026-04-29 18:07:34,WhatsApp,628463855052,Grup
1777472989412,2026-04-29 14:29:49,WhatsApp,628180146463,Grup
1777427627412,2026-04-29 01:53:47,WhatsApp,62894879474,Grup
1777468861412,2026-04-29 13:21:01,WhatsApp,628221907842,Grup
1777435165412,2026-04-29 03:59:25,WhatsApp,628846931918,Grup
1777447174412,2026-04-29 07:19:34,WhatsApp,628217729940,Grup
1777439166412,2026-04-29 05:06:06,WhatsApp,628871689909,Pribadi
1777454217412,2026-04-29 09:16:57,WhatsApp,628131321426,Pribadi
1777497204412,2026-04-29 21:13:24,WhatsApp,628476017999,Grup
1777422034412,2026-04-29 00:20:34,WhatsApp,628915123427,Grup
1777436591412,2026-04-29 04:23:11,WhatsApp,628929163360,Grup
1777463213412,2026-04-29 11:46:53,WhatsApp,628650503033,Grup
1777452342412,2026-04-29 08:45:42,WhatsApp,62887883033,Grup
1777462027412,2026-04-29 11:27:07,WhatsApp,628422596376,Pribadi
1777439963412,2026-04-29 05:19:23,WhatsApp,628641891219,Pribadi
1777433355412,2026-04-29 03:29:15,WhatsApp,628614946168,Grup
1777455164412,2026-04-29 09:32:44,WhatsApp,628630514908,Grup
1777451996412,2026-04-29 08:39:56,WhatsApp,628741310893,Pribadi
1777491909412,2026-04-29 19:45:09,WhatsApp,628540245142,Pribadi
1777429700412,2026-04-29 02:28:20,WhatsApp,628621153197,Grup
1777431999412,2026-04-29 03:06:39,WhatsApp,628126077012,Pribadi
1777422115412,2026-04-29 00:21:55,WhatsApp,628898798218,Grup
1777476395412,2026-04-29 15:26:35,WhatsApp,628594827464,Grup
1777434342412,2026-04-29 03:45:42,WhatsApp,628538401135,Pribadi
1777499389412,2026-04-29 21:49:49,WhatsApp,6282293164,Grup
1777487111412,2026-04-29 18:25:11,WhatsApp,628119913605,Pribadi
1777438175412,2026-04-29 04:49:35,WhatsApp,628949654828,Grup
1777474333412,2026-04-29 14:52:13,WhatsApp,628163758180,Pribadi
1777458814412,2026-04-29 10:33:34,WhatsApp,628578089315,Grup
1777467459412,2026-04-29 12:57:39,WhatsApp,628323295210,Pribadi
1777503686412,2026-04-29 23:01:26,WhatsApp,628101086370,Grup
1777506528412,2026-04-29 23:48:48,WhatsApp,628200995801,Pribadi
1777482567412,2026-04-29 17:09:27,WhatsApp,628821674161,Grup
1777493725412,2026-04-29 20:15:25,WhatsApp,628887659681,Grup
1777441359412,2026-04-29 05:42:39,WhatsApp,628421588946,Grup
1777483976412,2026-04-29 17:32:56,WhatsApp,628467818552,Grup
1777468035412,2026-04-29 13:07:15,WhatsApp,628321837878,Grup
1777446552412,2026-04-29 07:09:12,WhatsApp,628973464196,Pribadi
1777452267412,2026-04-29 08:44:27,WhatsApp,628422388518,Grup
1777448371412,2026-04-29 07:39:31,WhatsApp,628990000019,Grup
1777490202412,2026-04-29 19:16:42,WhatsApp,628860218649,Pribadi
1777501234412,2026-04-29 22:20:34,WhatsApp,628358232122,Pribadi
1777432586412,2026-04-29 03:16:26,WhatsApp,62850400221,Grup
1777496166412,2026-04-29 20:56:06,WhatsApp,628321626254,Grup
1777483597412,2026-04-29 17:26:37,WhatsApp,628607919968,Grup
1777481483412,2026-04-29 16:51:23,WhatsApp,628852514623,Pribadi
1777458709412,2026-04-29 10:31:49,WhatsApp,628934090276,Pribadi
1777453187412,2026-04-29 08:59:47,WhatsApp,628908619188,Pribadi
1777459645412,2026-04-29 10:47:25,WhatsApp,62890722097,Pribadi
1777457890412,2026-04-29 10:18:10,WhatsApp,628209093032,Pribadi
1777482506412,2026-04-29 17:08:26,WhatsApp,628904391979,Pribadi
1777472236412,2026-04-29 14:17:16,WhatsApp,628740150980,Grup
1777448604412,2026-04-29 07:43:24,WhatsApp,628493030284,Grup
1777500109412,2026-04-29 22:01:49,WhatsApp,628792687736,Grup
1777482872412,2026-04-29 17:14:32,WhatsApp,628994663235,Grup
1777494263412,2026-04-29 20:24:23,WhatsApp,628206341949,Grup
1777493514412,2026-04-29 20:11:54,WhatsApp,628208088326,Grup
1777459875412,2026-04-29 10:51:15,WhatsApp,62888044622,Grup
1777483675412,2026-04-29 17:27:55,WhatsApp,62870935,Grup
1777490744412,2026-04-29 19:25:44,WhatsApp,628959094167,Pribadi
1777475269412,2026-04-29 15:07:49,WhatsApp,628216163523,Grup
1777501916412,2026-04-29 22:31:56,WhatsApp,628561796980,Grup
1777495100412,2026-04-29 20:38:20,WhatsApp,628511010272,Pribadi
1777444867412,2026-04-29 06:41:07,WhatsApp,628964771173,Grup
1777490299412,2026-04-29 19:18:19,WhatsApp,628402282146,Pribadi
1777457698412,2026-04-29 10:14:58,WhatsApp,628183437522,Grup
1777492497412,2026-04-29 19:54:57,WhatsApp,628328138586,Pribadi
1777429499412,2026-04-29 02:24:59,WhatsApp,628921802562,Pribadi
1777473568412,2026-04-29 14:39:28,WhatsApp,628205853655,Grup
1777466465412,2026-04-29 12:41:05,WhatsApp,628398036533,Pribadi
1777475658412,2026-04-29 15:14:18,WhatsApp,628582578316,Grup
1777458208412,2026-04-29 10:23:28,WhatsApp,628613142937,Pribadi
1777476927412,2026-04-29 15:35:27,WhatsApp,628331259833,Grup
1777447273412,2026-04-29 07:21:13,WhatsApp,628100922647,Pribadi
1777458924412,2026-04-29 10:35:24,WhatsApp,628805799711,Pribadi
1777446495412,2026-04-29 07:08:15,WhatsApp,628267129694,Pribadi
1777483440412,2026-04-29 17:24:00,WhatsApp,628909154698,Grup
1777472213412,2026-04-29 14:16:53,WhatsApp,628852326944,Grup
1777492666412,2026-04-29 19:57:46,WhatsApp,628133643010,Pribadi
1777432519412,2026-04-29 03:15:19,WhatsApp,628818656848,Grup
1777455746412,2026-04-29 09:42:26,WhatsApp,628146232569,Grup
1777468125412,2026-04-29 13:08:45,WhatsApp,628170826315,Pribadi
1777461049412,2026-04-29 11:10:49,Discord,user8721,DM
1777454831412,2026-04-29 09:27:11,Discord,user2506,DM
1777468265412,2026-04-29 13:11:05,Discord,user33675,Server
1777461364412,2026-04-29 11:16:04,Discord,user97736,DM
1777454397412,2026-04-29 09:19:57,Discord,user37698,Server
1777470824412,2026-04-29 13:53:44,Discord,user19518,Server
1777477082412,2026-04-29 15:38:02,Discord,user99255,Server
1777436628412,2026-04-29 04:23:48,Discord,user76026,Server
1777459925412,2026-04-29 10:52:05,Discord,user91510,DM
1777455547412,2026-04-29 09:39:07,Discord,user99956,Server
1777438598412,2026-04-29 04:56:38,Discord,user47483,Server
1777496918412,2026-04-29 21:08:38,Discord,user526,DM
1777501667412,2026-04-29 22:27:47,Discord,user73254,DM
1777485284412,2026-04-29 17:54:44,Discord,user45459,Server
1777489017412,2026-04-29 18:56:57,Discord,user896,Server
1777504416412,2026-04-29 23:13:36,Discord,user19227,Server
1777500879412,2026-04-29 22:14:39,Discord,user32530,DM
1777490374412,2026-04-29 19:19:34,Discord,user3750,DM
1777442831412,2026-04-29 06:07:11,Discord,user8069,DM
1777482547412,2026-04-29 17:09:07,Discord,user23686,Server
1777423912412,2026-04-29 00:51:52,Discord,user87856,DM
1777438832412,2026-04-29 05:00:32,Discord,user32643,DM
1777432262412,2026-04-29 03:11:02,Discord,user40317,DM
1777449943412,2026-04-29 08:05:43,Discord,user75262,Server
1777445658412,2026-04-29 06:54:18,Discord,user17895,Server
1777458004412,2026-04-29 10:20:04,Discord,user34559,Server
1777457042412,2026-04-29 10:04:02,Discord,user37532,Server
1777464014412,2026-04-29 12:00:14,Discord,user80204,DM
1777486810412,2026-04-29 18:20:10,Discord,user31184,Server
1777426825412,2026-04-29 01:40:25,Discord,user98365,DM
1777488990412,2026-04-29 18:56:30,Discord,user62661,Server
1777467569412,2026-04-29 12:59:29,Discord,user39543,Server
1777493948412,2026-04-29 20:19:08,Discord,user15410,Server
1777504994412,2026-04-29 23:23:14,Discord,user60238,DM
1777437279412,2026-04-29 04:34:39,Discord,user48781,Server
1777472162412,2026-04-29 14:16:02,Discord,user70285,DM
1777506084412,2026-04-29 23:41:24,Discord,user91389,DM
1777427611412,2026-04-29 01:53:31,Discord,user27208,DM
1777466601412,2026-04-29 12:43:21,Discord,user5822,DM
1777452654412,2026-04-29 08:50:54,Discord,user79786,Server
1777479777412,2026-04-29 16:22:57,Discord,user85154,DM
1777482669412,2026-04-29 17:11:09,Discord,user55532,Server
1777491994412,2026-04-29 19:46:34,Discord,user48399,Server
1777449964412,2026-04-29 08:06:04,Discord,user54893,Server
1777449708412,2026-04-29 08:01:48,Discord,user67231,Server
1777425084412,2026-04-29 01:11:24,Discord,user35927,DM
1777478369412,2026-04-29 15:59:29,Discord,user89444,Server
1777459023412,2026-04-29 10:37:03,Discord,user59248,DM
1777476241412,2026-04-29 15:24:01,Discord,user64871,DM
1777476987412,2026-04-29 15:36:27,Discord,user12545,Server
1777464811412,2026-04-29 12:13:31,Discord,user53056,Server
1777534809412,2026-04-30 07:40:09,WhatsApp,628176787243,Grup
1777579817412,2026-04-30 20:10:17,WhatsApp,628945754048,Pribadi
1777551099412,2026-04-30 12:11:39,WhatsApp,628905508966,Grup
1777567920412,2026-04-30 16:52:00,WhatsApp,628537743207,Grup
1777585558412,2026-04-30 21:45:58,WhatsApp,628474672414,Pribadi
1777580934412,2026-04-30 20:28:54,WhatsApp,62828067696,Pribadi
1777533000412,2026-04-30 07:10:00,WhatsApp,628151920129,Pribadi
1777584398412,2026-04-30 21:26:38,WhatsApp,62825919580,Grup
1777530038412,2026-04-30 06:20:38,WhatsApp,628922122196,Grup
1777530200412,2026-04-30 06:23:20,WhatsApp,62821768619,Pribadi
1777540903412,2026-04-30 09:21:43,WhatsApp,628502635166,Pribadi
1777521355412,2026-04-30 03:55:55,WhatsApp,628760264007,Grup
1777573278412,2026-04-30 18:21:18,WhatsApp,628302644859,Pribadi
1777507597412,2026-04-30 00:06:37,WhatsApp,628300550722,Grup
1777516060412,2026-04-30 02:27:40,WhatsApp,628192808297,Grup
1777508543412,2026-04-30 00:22:23,WhatsApp,628859556260,Pribadi
1777591265412,2026-04-30 23:21:05,WhatsApp,628243104564,Grup
1777568670412,2026-04-30 17:04:30,WhatsApp,628515878712,Pribadi
1777511951412,2026-04-30 01:19:11,WhatsApp,628218919119,Grup
1777583046412,2026-04-30 21:04:06,WhatsApp,628943692412,Pribadi
1777572995412,2026-04-30 18:16:35,WhatsApp,628567496236,Grup
1777509953412,2026-04-30 00:45:53,WhatsApp,628506701732,Pribadi
1777550596412,2026-04-30 12:03:16,WhatsApp,628242081093,Pribadi
1777581046412,2026-04-30 20:30:46,WhatsApp,628400870598,Grup
1777557888412,2026-04-30 14:04:48,WhatsApp,628527674016,Pribadi
1777552969412,2026-04-30 12:42:49,WhatsApp,628116738363,Grup
1777534728412,2026-04-30 07:38:48,WhatsApp,628737639653,Grup
1777593190412,2026-04-30 23:53:10,WhatsApp,628623879492,Pribadi
1777581906412,2026-04-30 20:45:06,WhatsApp,628439909917,Grup
1777590260412,2026-04-30 23:04:20,WhatsApp,628757843615,Grup
1777525995412,2026-04-30 05:13:15,WhatsApp,628781963792,Pribadi
1777558620412,2026-04-30 14:17:00,WhatsApp,62846554241,Pribadi
1777580210412,2026-04-30 20:16:50,WhatsApp,628495227176,Pribadi
1777511135412,2026-04-30 01:05:35,WhatsApp,628137725557,Pribadi
1777541101412,2026-04-30 09:25:01,WhatsApp,628143149091,Grup
1777565599412,2026-04-30 16:13:19,WhatsApp,628106054703,Pribadi
1777526364412,2026-04-30 05:19:24,WhatsApp,628551728251,Grup
1777520990412,2026-04-30 03:49:50,WhatsApp,628912618577,Pribadi
1777533168412,2026-04-30 07:12:48,WhatsApp,62899504057,Pribadi
1777527376412,2026-04-30 05:36:16,WhatsApp,62866749280,Grup
1777520092412,2026-04-30 03:34:52,WhatsApp,628393568385,Pribadi
1777541875412,2026-04-30 09:37:55,WhatsApp,628723050492,Grup
1777569124412,2026-04-30 17:12:04,WhatsApp,628448936828,Grup
1777560108412,2026-04-30 14:41:48,WhatsApp,62893815544,Pribadi
1777547834412,2026-04-30 11:17:14,WhatsApp,628619001948,Pribadi
1777583702412,2026-04-30 21:15:02,WhatsApp,628842593909,Grup
1777574908412,2026-04-30 18:48:28,WhatsApp,62883239404,Grup
1777540841412,2026-04-30 09:20:41,WhatsApp,628787186508,Grup
1777566267412,2026-04-30 16:24:27,WhatsApp,62882548499,Pribadi
1777567857412,2026-04-30 16:50:57,WhatsApp,628730926817,Grup
1777524933412,2026-04-30 04:55:33,WhatsApp,628767109498,Grup
1777588553412,2026-04-30 22:35:53,WhatsApp,628538938542,Pribadi
1777593589412,2026-04-30 23:59:49,WhatsApp,628589746429,Grup
1777590766412,2026-04-30 23:12:46,WhatsApp,628433590982,Pribadi
1777590236412,2026-04-30 23:03:56,WhatsApp,628418273609,Grup
1777551300412,2026-04-30 12:15:00,WhatsApp,6289096823,Grup
1777537702412,2026-04-30 08:28:22,WhatsApp,628632439894,Grup
1777581315412,2026-04-30 20:35:15,WhatsApp,628944255875,Grup
1777584792412,2026-04-30 21:33:12,WhatsApp,628851598101,Pribadi
1777551566412,2026-04-30 12:19:26,WhatsApp,628192892705,Pribadi
1777515182412,2026-04-30 02:13:02,WhatsApp,628879328015,Grup
1777525260412,2026-04-30 05:01:00,WhatsApp,628142864694,Grup
1777531529412,2026-04-30 06:45:29,WhatsApp,628566245126,Grup
1777512302412,2026-04-30 01:25:02,WhatsApp,628598412170,Grup
1777570316412,2026-04-30 17:31:56,WhatsApp,628462511707,Grup
1777509559412,2026-04-30 00:39:19,WhatsApp,628880190782,Grup
1777518641412,2026-04-30 03:10:41,WhatsApp,628433709920,Pribadi
1777586902412,2026-04-30 22:08:22,WhatsApp,628412598425,Grup
1777589881412,2026-04-30 22:58:01,WhatsApp,628955801262,Grup
1777532407412,2026-04-30 07:00:07,WhatsApp,628730966205,Pribadi
1777571266412,2026-04-30 17:47:46,WhatsApp,628347155748,Grup
1777519109412,2026-04-30 03:18:29,WhatsApp,628617832034,Pribadi
1777509831412,2026-04-30 00:43:51,WhatsApp,628449085833,Grup
1777586465412,2026-04-30 22:01:05,WhatsApp,628310047776,Pribadi
1777538601412,2026-04-30 08:43:21,WhatsApp,628177226878,Grup
1777585584412,2026-04-30 21:46:24,WhatsApp,628669281399,Grup
1777592562412,2026-04-30 23:42:42,WhatsApp,628480705501,Grup
1777551736412,2026-04-30 12:22:16,WhatsApp,628880201288,Pribadi
1777522209412,2026-04-30 04:10:09,WhatsApp,62859987341,Grup
1777514998412,2026-04-30 02:09:58,WhatsApp,628418992967,Pribadi
1777589216412,2026-04-30 22:46:56,WhatsApp,628243356630,Grup
1777523104412,2026-04-30 04:25:04,WhatsApp,628297879679,Grup
1777518027412,2026-04-30 03:00:27,WhatsApp,628891775788,Pribadi
1777521476412,2026-04-30 03:57:56,WhatsApp,628454972449,Pribadi
1777587987412,2026-04-30 22:26:27,WhatsApp,628484158914,Pribadi
1777534553412,2026-04-30 07:35:53,WhatsApp,628996649634,Pribadi
1777547732412,2026-04-30 11:15:32,WhatsApp,628809328724,Pribadi
1777569072412,2026-04-30 17:11:12,WhatsApp,628956239742,Grup
1777569935412,2026-04-30 17:25:35,WhatsApp,62886993443,Grup
1777523768412,2026-04-30 04:36:08,WhatsApp,628797919986,Pribadi
1777507214412,2026-04-30 00:00:14,WhatsApp,62896867635,Grup
1777578258412,2026-04-30 19:44:18,WhatsApp,628942022618,Grup
1777542692412,2026-04-30 09:51:32,WhatsApp,628964915219,Grup
1777567836412,2026-04-30 16:50:36,WhatsApp,628636717033,Grup
1777530457412,2026-04-30 06:27:37,WhatsApp,628931926713,Grup
1777559444412,2026-04-30 14:30:44,WhatsApp,628841140588,Grup
1777509041412,2026-04-30 00:30:41,WhatsApp,628725642857,Grup
1777575032412,2026-04-30 18:50:32,WhatsApp,628996991003,Grup
1777543572412,2026-04-30 10:06:12,WhatsApp,628130910115,Grup
1777550370412,2026-04-30 11:59:30,WhatsApp,628584405695,Pribadi
1777552058412,2026-04-30 12:27:38,WhatsApp,628890242328,Grup
1777526593412,2026-04-30 05:23:13,WhatsApp,628700769451,Grup
1777513628412,2026-04-30 01:47:08,WhatsApp,628232829059,Grup
1777550337412,2026-04-30 11:58:57,WhatsApp,628580768071,Grup
1777544247412,2026-04-30 10:17:27,WhatsApp,628342840915,Pribadi
1777533434412,2026-04-30 07:17:14,WhatsApp,628268929258,Pribadi
1777507839412,2026-04-30 00:10:39,WhatsApp,628609626743,Grup
1777527870412,2026-04-30 05:44:30,WhatsApp,628902069410,Grup
1777538586412,2026-04-30 08:43:06,WhatsApp,62859890530,Pribadi
1777556555412,2026-04-30 13:42:35,WhatsApp,628129101466,Pribadi
1777542054412,2026-04-30 09:40:54,WhatsApp,628967702231,Grup
1777555339412,2026-04-30 13:22:19,WhatsApp,628878368847,Pribadi
1777568971412,2026-04-30 17:09:31,WhatsApp,628948626631,Grup
1777557954412,2026-04-30 14:05:54,WhatsApp,628965645824,Pribadi
1777556767412,2026-04-30 13:46:07,WhatsApp,628987816824,Grup
1777545840412,2026-04-30 10:44:00,WhatsApp,628611631827,Pribadi
1777582213412,2026-04-30 20:50:13,WhatsApp,628745789166,Grup
1777514751412,2026-04-30 02:05:51,WhatsApp,62812692871,Pribadi
1777540877412,2026-04-30 09:21:17,WhatsApp,628891898325,Grup
1777585752412,2026-04-30 21:49:12,WhatsApp,628799976985,Grup
1777587824412,2026-04-30 22:23:44,WhatsApp,628699842042,Grup
1777538221412,2026-04-30 08:37:01,WhatsApp,6286810068,Grup
1777587205412,2026-04-30 22:13:25,WhatsApp,628782041151,Pribadi
1777587838412,2026-04-30 22:23:58,WhatsApp,628796829221,Grup
1777509086412,2026-04-30 00:31:26,WhatsApp,628769497232,Pribadi
1777559684412,2026-04-30 14:34:44,WhatsApp,628908787088,Grup
1777569434412,2026-04-30 17:17:14,WhatsApp,628555401399,Pribadi
1777591716412,2026-04-30 23:28:36,WhatsApp,628561994207,Pribadi
1777590575412,2026-04-30 23:09:35,WhatsApp,628838925017,Pribadi
1777586548412,2026-04-30 22:02:28,WhatsApp,628140288217,Grup
1777509628412,2026-04-30 00:40:28,WhatsApp,628230298997,Pribadi
1777524733412,2026-04-30 04:52:13,WhatsApp,628186068094,Pribadi
1777583977412,2026-04-30 21:19:37,WhatsApp,628958291486,Grup
1777569242412,2026-04-30 17:14:02,WhatsApp,628436799246,Grup
1777546173412,2026-04-30 10:49:33,WhatsApp,628212763246,Grup
1777567150412,2026-04-30 16:39:10,WhatsApp,628277978012,Grup
1777531592412,2026-04-30 06:46:32,WhatsApp,62848150483,Pribadi
1777571345412,2026-04-30 17:49:05,WhatsApp,62893530814,Pribadi
1777520159412,2026-04-30 03:35:59,WhatsApp,628823185549,Grup
1777573098412,2026-04-30 18:18:18,WhatsApp,628700017526,Pribadi
1777550385412,2026-04-30 11:59:45,WhatsApp,628778151484,Grup
1777575452412,2026-04-30 18:57:32,WhatsApp,628823293828,Grup
1777522608412,2026-04-30 04:16:48,WhatsApp,628312428800,Pribadi
1777541714412,2026-04-30 09:35:14,WhatsApp,628454634789,Pribadi
1777558023412,2026-04-30 14:07:03,WhatsApp,628587516794,Grup
1777584158412,2026-04-30 21:22:38,WhatsApp,628823941891,Grup
1777512826412,2026-04-30 01:33:46,WhatsApp,6284536571,Pribadi
1777589872412,2026-04-30 22:57:52,WhatsApp,628395681965,Pribadi
1777565031412,2026-04-30 16:03:51,WhatsApp,628168660523,Grup
1777574498412,2026-04-30 18:41:38,WhatsApp,628575140256,Pribadi
1777573582412,2026-04-30 18:26:22,WhatsApp,628437565113,Pribadi
1777558551412,2026-04-30 14:15:51,WhatsApp,62898969902,Grup
1777514822412,2026-04-30 02:07:02,WhatsApp,628582558175,Grup
1777517428412,2026-04-30 02:50:28,WhatsApp,628950492929,Pribadi
1777508287412,2026-04-30 00:18:07,WhatsApp,628634325279,Grup
1777545932412,2026-04-30 10:45:32,WhatsApp,628342637870,Pribadi
1777579877412,2026-04-30 20:11:17,WhatsApp,628696261374,Pribadi
1777527357412,2026-04-30 05:35:57,WhatsApp,628582745305,Grup
1777547291412,2026-04-30 11:08:11,WhatsApp,628157004737,Pribadi
1777569741412,2026-04-30 17:22:21,WhatsApp,628217477579,Pribadi
1777551858412,2026-04-30 12:24:18,WhatsApp,628199978156,Pribadi
1777524256412,2026-04-30 04:44:16,WhatsApp,628163131816,Grup
1777570224412,2026-04-30 17:30:24,WhatsApp,628862186337,Grup
1777564611412,2026-04-30 15:56:51,WhatsApp,628156327626,Grup
1777554689412,2026-04-30 13:11:29,WhatsApp,628740833765,Grup
1777530402412,2026-04-30 06:26:42,WhatsApp,628104142233,Grup
1777512155412,2026-04-30 01:22:35,WhatsApp,628622093948,Pribadi
1777540224412,2026-04-30 09:10:24,WhatsApp,628223973543,Pribadi
1777533808412,2026-04-30 07:23:28,WhatsApp,628956409028,Grup
1777507348412,2026-04-30 00:02:28,WhatsApp,628155146434,Grup
1777558597412,2026-04-30 14:16:37,WhatsApp,628242706723,Pribadi
1777564889412,2026-04-30 16:01:29,Discord,user77279,Server
1777573510412,2026-04-30 18:25:10,Discord,user76186,Server
1777564933412,2026-04-30 16:02:13,Discord,user52539,Server
1777510795412,2026-04-30 00:59:55,Discord,user54586,DM
1777556582412,2026-04-30 13:43:02,Discord,user49842,Server
1777563097412,2026-04-30 15:31:37,Discord,user14425,DM
1777591843412,2026-04-30 23:30:43,Discord,user97803,DM
1777580644412,2026-04-30 20:24:04,Discord,user52198,DM
1777568343412,2026-04-30 16:59:03,Discord,user88060,DM
1777544618412,2026-04-30 10:23:38,Discord,user1989,Server
1777526212412,2026-04-30 05:16:52,Discord,user31800,Server
1777517530412,2026-04-30 02:52:10,Discord,user50966,DM
1777519226412,2026-04-30 03:20:26,Discord,user64364,Server
1777593495412,2026-04-30 23:58:15,Discord,user91372,DM
1777571805412,2026-04-30 17:56:45,Discord,user80327,Server
1777567683412,2026-04-30 16:48:03,Discord,user46689,DM
1777534502412,2026-04-30 07:35:02,Discord,user95346,DM
1777518851412,2026-04-30 03:14:11,Discord,user49677,DM
1777584177412,2026-04-30 21:22:57,Discord,user37465,DM
1777533354412,2026-04-30 07:15:54,Discord,user8420,Server
1777526309412,2026-04-30 05:18:29,Discord,user33839,Server
1777555449412,2026-04-30 13:24:09,Discord,user51846,Server
1777552364412,2026-04-30 12:32:44,Discord,user45987,Server
1777532499412,2026-04-30 07:01:39,Discord,user32379,DM
1777525899412,2026-04-30 05:11:39,Discord,user20736,Server
1777554177412,2026-04-30 13:02:57,Discord,user12349,DM
1777592964412,2026-04-30 23:49:24,Discord,user14989,DM
1777579260412,2026-04-30 20:01:00,Discord,user58213,DM
1777525661412,2026-04-30 05:07:41,Discord,user65237,Server
1777515339412,2026-04-30 02:15:39,Discord,user49210,DM
1777550175412,2026-04-30 11:56:15,Discord,user41659,Server
1777565110412,2026-04-30 16:05:10,Discord,user57378,Server
1777537896412,2026-04-30 08:31:36,Discord,user59142,Server
1777527591412,2026-04-30 05:39:51,Discord,user66023,Server
1777515517412,2026-04-30 02:18:37,Discord,user96071,Server
1777542640412,2026-04-30 09:50:40,Discord,user55842,DM
1777544432412,2026-04-30 10:20:32,Discord,user20227,DM
1777512659412,2026-04-30 01:30:59,Discord,user36516,DM
1777517612412,2026-04-30 02:53:32,Discord,user13331,DM
1777541461412,2026-04-30 09:31:01,Discord,user6202,DM
1777585150412,2026-04-30 21:39:10,Discord,user53823,Server
1777576736412,2026-04-30 19:18:56,Discord,user94224,Server
1777526589412,2026-04-30 05:23:09,Discord,user9920,Server
1777511210412,2026-04-30 01:06:50,Discord,user69860,Server
1777537380412,2026-04-30 08:23:00,Discord,user10828,DM
1777565739412,2026-04-30 16:15:39,Discord,user8140,Server
1777587958412,2026-04-30 22:25:58,Discord,user68745,DM
1777573472412,2026-04-30 18:24:32,Discord,user43879,DM
1777510121412,2026-04-30 00:48:41,Discord,user45233,DM
1777574674412,2026-04-30 18:44:34,Discord,user15593,Server
1777524415412,2026-04-30 04:46:55,Discord,user87471,DM
1777591953412,2026-04-30 23:32:33,Discord,user83619,DM
1777558717412,2026-04-30 14:18:37,Discord,user54110,Server
1777555735412,2026-04-30 13:28:55,Discord,user15604,Server
1777664158412,2026-05-01 19:35:58,WhatsApp,628612199776,Grup
1777608067412,2026-05-01 04:01:07,WhatsApp,628614026560,Grup
1777593865412,2026-05-01 00:04:25,WhatsApp,628410577768,Grup
1777635558412,2026-05-01 11:39:18,WhatsApp,628217594109,Grup
1777625449412,2026-05-01 08:50:49,WhatsApp,628368310860,Grup
1777607458412,2026-05-01 03:50:58,WhatsApp,628223295131,Grup
1777596208412,2026-05-01 00:43:28,WhatsApp,628116969159,Pribadi
1777665838412,2026-05-01 20:03:58,WhatsApp,628329275106,Pribadi
1777604107412,2026-05-01 02:55:07,WhatsApp,62868517805,Pribadi
1777663360412,2026-05-01 19:22:40,WhatsApp,628580129722,Grup
1777656765412,2026-05-01 17:32:45,WhatsApp,628126931536,Pribadi
1777617942412,2026-05-01 06:45:42,WhatsApp,62876219588,Grup
1777643465412,2026-05-01 13:51:05,WhatsApp,628251328566,Grup
1777609382412,2026-05-01 04:23:02,WhatsApp,628103989804,Grup
1777604396412,2026-05-01 02:59:56,WhatsApp,628745433914,Grup
1777669894412,2026-05-01 21:11:34,WhatsApp,628932457792,Grup
1777642458412,2026-05-01 13:34:18,WhatsApp,628231386097,Pribadi
1777673747412,2026-05-01 22:15:47,WhatsApp,628365510549,Pribadi
1777660752412,2026-05-01 18:39:12,WhatsApp,628975793600,Grup
1777648148412,2026-05-01 15:09:08,WhatsApp,628198657806,Pribadi
1777653194412,2026-05-01 16:33:14,WhatsApp,628574815432,Grup
1777638877412,2026-05-01 12:34:37,WhatsApp,628664344350,Pribadi
1777653212412,2026-05-01 16:33:32,WhatsApp,628175537749,Grup
1777617412412,2026-05-01 06:36:52,WhatsApp,628897930541,Grup
1777661393412,2026-05-01 18:49:53,WhatsApp,62871200946,Pribadi
1777667763412,2026-05-01 20:36:03,WhatsApp,628276345126,Grup
1777597067412,2026-05-01 00:57:47,WhatsApp,628398464083,Pribadi
1777619548412,2026-05-01 07:12:28,WhatsApp,628653039398,Pribadi
1777660525412,2026-05-01 18:35:25,WhatsApp,628877334909,Pribadi
1777640239412,2026-05-01 12:57:19,WhatsApp,628163287915,Pribadi
1777677883412,2026-05-01 23:24:43,WhatsApp,628761655998,Grup
1777600518412,2026-05-01 01:55:18,WhatsApp,628900971586,Grup
1777634746412,2026-05-01 11:25:46,WhatsApp,62869542653,Grup
1777637707412,2026-05-01 12:15:07,WhatsApp,628359804205,Pribadi
1777640835412,2026-05-01 13:07:15,WhatsApp,628916779804,Pribadi
1777652430412,2026-05-01 16:20:30,WhatsApp,628542199952,Grup
1777626792412,2026-05-01 09:13:12,WhatsApp,628299375670,Pribadi
1777645895412,2026-05-01 14:31:35,WhatsApp,628168634910,Grup
1777650323412,2026-05-01 15:45:23,WhatsApp,62857568089,Pribadi
1777667346412,2026-05-01 20:29:06,WhatsApp,628788628251,Grup
1777642978412,2026-05-01 13:42:58,WhatsApp,62853112412,Grup
1777655238412,2026-05-01 17:07:18,WhatsApp,628227721038,Grup
1777679409412,2026-05-01 23:50:09,WhatsApp,628628859709,Pribadi
1777624531412,2026-05-01 08:35:31,WhatsApp,628416319967,Grup
1777652388412,2026-05-01 16:19:48,WhatsApp,628445528938,Pribadi
1777637706412,2026-05-01 12:15:06,WhatsApp,628589643232,Pribadi
1777651899412,2026-05-01 16:11:39,WhatsApp,628531701070,Grup
1777605532412,2026-05-01 03:18:52,WhatsApp,628125683091,Pribadi
1777664010412,2026-05-01 19:33:30,WhatsApp,628395542909,Grup
1777628090412,2026-05-01 09:34:50,WhatsApp,628275524029,Grup
1777628744412,2026-05-01 09:45:44,WhatsApp,628127861126,Pribadi
1777622940412,2026-05-01 08:09:00,WhatsApp,628941971039,Pribadi
1777669628412,2026-05-01 21:07:08,WhatsApp,62854117438,Grup
1777605176412,2026-05-01 03:12:56,WhatsApp,628620142250,Pribadi
1777611538412,2026-05-01 04:58:58,WhatsApp,628549936623,Grup
1777671228412,2026-05-01 21:33:48,WhatsApp,628388523734,Grup
1777633024412,2026-05-01 10:57:04,WhatsApp,628431215722,Grup
1777650288412,2026-05-01 15:44:48,WhatsApp,628490650648,Pribadi
1777667654412,2026-05-01 20:34:14,WhatsApp,628334984715,Pribadi
1777595859412,2026-05-01 00:37:39,WhatsApp,628917528752,Pribadi
1777606708412,2026-05-01 03:38:28,WhatsApp,628525958620,Pribadi
1777670671412,2026-05-01 21:24:31,WhatsApp,628817245988,Grup
1777608251412,2026-05-01 04:04:11,WhatsApp,628404088928,Grup
1777679642412,2026-05-01 23:54:02,WhatsApp,628989539714,Pribadi
1777594785412,2026-05-01 00:19:45,WhatsApp,628792804444,Grup
1777643339412,2026-05-01 13:48:59,WhatsApp,628285275161,Pribadi
1777604823412,2026-05-01 03:07:03,WhatsApp,628957785572,Pribadi
1777626804412,2026-05-01 09:13:24,WhatsApp,628159748962,Pribadi
1777666106412,2026-05-01 20:08:26,WhatsApp,62842197552,Grup
1777616348412,2026-05-01 06:19:08,WhatsApp,628130031554,Grup
1777652807412,2026-05-01 16:26:47,WhatsApp,628330688131,Grup
1777650448412,2026-05-01 15:47:28,WhatsApp,628415323897,Pribadi
1777606147412,2026-05-01 03:29:07,WhatsApp,628321524345,Grup
1777617421412,2026-05-01 06:37:01,WhatsApp,628271306774,Grup
1777658024412,2026-05-01 17:53:44,WhatsApp,628132505401,Pribadi
1777624243412,2026-05-01 08:30:43,WhatsApp,628157470649,Pribadi
1777637398412,2026-05-01 12:09:58,WhatsApp,628859673181,Grup
1777636521412,2026-05-01 11:55:21,WhatsApp,628244852631,Grup
1777620424412,2026-05-01 07:27:04,WhatsApp,628459822490,Grup
1777653116412,2026-05-01 16:31:56,WhatsApp,628795578186,Grup
1777626067412,2026-05-01 09:01:07,WhatsApp,628998241229,Grup
1777608393412,2026-05-01 04:06:33,WhatsApp,62816276224,Pribadi
1777642876412,2026-05-01 13:41:16,WhatsApp,628440487940,Grup
1777658364412,2026-05-01 17:59:24,WhatsApp,628139618932,Pribadi
1777596763412,2026-05-01 00:52:43,WhatsApp,628296912369,Grup
1777678299412,2026-05-01 23:31:39,WhatsApp,628510083687,Pribadi
1777648876412,2026-05-01 15:21:16,WhatsApp,628367595088,Pribadi
1777679172412,2026-05-01 23:46:12,WhatsApp,628110800384,Grup
1777675249412,2026-05-01 22:40:49,WhatsApp,628143025699,Grup
1777598866412,2026-05-01 01:27:46,WhatsApp,628273152740,Grup
1777636630412,2026-05-01 11:57:10,WhatsApp,628643130658,Grup
1777640581412,2026-05-01 13:03:01,WhatsApp,628240703153,Pribadi
1777604869412,2026-05-01 03:07:49,WhatsApp,628696183066,Grup
1777655647412,2026-05-01 17:14:07,WhatsApp,628646264856,Pribadi
1777673298412,2026-05-01 22:08:18,WhatsApp,628358905754,Grup
1777600396412,2026-05-01 01:53:16,WhatsApp,628933406554,Pribadi
1777648091412,2026-05-01 15:08:11,WhatsApp,628108634559,Grup
1777650285412,2026-05-01 15:44:45,WhatsApp,628844464865,Grup
1777617222412,2026-05-01 06:33:42,WhatsApp,628307939389,Grup
1777632835412,2026-05-01 10:53:55,WhatsApp,628418994907,Grup
1777645008412,2026-05-01 14:16:48,WhatsApp,628720965441,Pribadi
1777605461412,2026-05-01 03:17:41,WhatsApp,628217973560,Pribadi
1777667677412,2026-05-01 20:34:37,WhatsApp,628489646673,Grup
1777602064412,2026-05-01 02:21:04,WhatsApp,628245369791,Grup
1777637963412,2026-05-01 12:19:23,WhatsApp,628984797854,Grup
1777660521412,2026-05-01 18:35:21,WhatsApp,628601154554,Pribadi
1777597948412,2026-05-01 01:12:28,WhatsApp,628619615717,Grup
1777665373412,2026-05-01 19:56:13,WhatsApp,628963934760,Pribadi
1777625783412,2026-05-01 08:56:23,WhatsApp,628454590716,Pribadi
1777649550412,2026-05-01 15:32:30,WhatsApp,628895410475,Pribadi
1777615593412,2026-05-01 06:06:33,WhatsApp,628937389067,Pribadi
1777594976412,2026-05-01 00:22:56,WhatsApp,62884894295,Pribadi
1777666935412,2026-05-01 20:22:15,WhatsApp,628955277400,Pribadi
1777605470412,2026-05-01 03:17:50,WhatsApp,628151268066,Grup
1777670790412,2026-05-01 21:26:30,WhatsApp,628290937598,Grup
1777646382412,2026-05-01 14:39:42,WhatsApp,628115155700,Grup
1777620774412,2026-05-01 07:32:54,WhatsApp,628816743425,Pribadi
1777614348412,2026-05-01 05:45:48,WhatsApp,628644026251,Grup
1777597563412,2026-05-01 01:06:03,WhatsApp,628670027636,Grup
1777599772412,2026-05-01 01:42:52,WhatsApp,628504505867,Grup
1777609165412,2026-05-01 04:19:25,WhatsApp,628497082783,Grup
1777652125412,2026-05-01 16:15:25,WhatsApp,628539993961,Pribadi
1777669344412,2026-05-01 21:02:24,WhatsApp,62826679218,Grup
1777663702412,2026-05-01 19:28:22,WhatsApp,628616440145,Pribadi
1777599234412,2026-05-01 01:33:54,WhatsApp,628179582906,Pribadi
1777658090412,2026-05-01 17:54:50,WhatsApp,628944768916,Pribadi
1777645179412,2026-05-01 14:19:39,WhatsApp,628222107244,Pribadi
1777653046412,2026-05-01 16:30:46,WhatsApp,62845936382,Grup
1777643821412,2026-05-01 13:57:01,WhatsApp,628267528067,Pribadi
1777634839412,2026-05-01 11:27:19,WhatsApp,628906788549,Pribadi
1777634223412,2026-05-01 11:17:03,WhatsApp,628308450974,Pribadi
1777648101412,2026-05-01 15:08:21,WhatsApp,628235022885,Grup
1777639968412,2026-05-01 12:52:48,WhatsApp,628601834061,Pribadi
1777655727412,2026-05-01 17:15:27,WhatsApp,628644064068,Pribadi
1777608204412,2026-05-01 04:03:24,WhatsApp,628994413147,Grup
1777642903412,2026-05-01 13:41:43,WhatsApp,628207721120,Grup
1777677337412,2026-05-01 23:15:37,WhatsApp,628750894985,Grup
1777661975412,2026-05-01 18:59:35,WhatsApp,628294415288,Grup
1777662911412,2026-05-01 19:15:11,WhatsApp,628699223734,Pribadi
1777630559412,2026-05-01 10:15:59,WhatsApp,628214292022,Pribadi
1777645796412,2026-05-01 14:29:56,WhatsApp,628791255358,Pribadi
1777615038412,2026-05-01 05:57:18,WhatsApp,628917690368,Grup
1777623062412,2026-05-01 08:11:02,WhatsApp,628993458305,Grup
1777623264412,2026-05-01 08:14:24,WhatsApp,628605615906,Grup
1777596988412,2026-05-01 00:56:28,WhatsApp,62841807178,Grup
1777675153412,2026-05-01 22:39:13,WhatsApp,628963352880,Pribadi
1777665970412,2026-05-01 20:06:10,WhatsApp,628450839294,Pribadi
1777595535412,2026-05-01 00:32:15,WhatsApp,628852192701,Pribadi
1777650249412,2026-05-01 15:44:09,WhatsApp,628664590439,Pribadi
1777639176412,2026-05-01 12:39:36,WhatsApp,628660760847,Grup
1777610165412,2026-05-01 04:36:05,WhatsApp,628271710782,Grup
1777659177412,2026-05-01 18:12:57,WhatsApp,628271406700,Grup
1777618272412,2026-05-01 06:51:12,WhatsApp,628291985222,Grup
1777627205412,2026-05-01 09:20:05,WhatsApp,628706302936,Grup
1777640433412,2026-05-01 13:00:33,WhatsApp,628386210474,Grup
1777604217412,2026-05-01 02:56:57,WhatsApp,628266645653,Grup
1777666405412,2026-05-01 20:13:25,WhatsApp,628401653072,Pribadi
1777599811412,2026-05-01 01:43:31,WhatsApp,628873786304,Grup
1777595704412,2026-05-01 00:35:04,WhatsApp,628635409061,Pribadi
1777645311412,2026-05-01 14:21:51,WhatsApp,628660132740,Grup
1777605019412,2026-05-01 03:10:19,WhatsApp,628958652573,Pribadi
1777607623412,2026-05-01 03:53:43,WhatsApp,628590799949,Pribadi
1777614695412,2026-05-01 05:51:35,WhatsApp,628658163207,Grup
1777659613412,2026-05-01 18:20:13,WhatsApp,628583345555,Grup
1777677640412,2026-05-01 23:20:40,WhatsApp,62833068981,Pribadi
1777640916412,2026-05-01 13:08:36,WhatsApp,628519543812,Grup
1777673080412,2026-05-01 22:04:40,WhatsApp,628233085620,Grup
1777639001412,2026-05-01 12:36:41,WhatsApp,628269341832,Grup
1777597460412,2026-05-01 01:04:20,WhatsApp,628135294356,Pribadi
1777619744412,2026-05-01 07:15:44,WhatsApp,62827520331,Grup
1777661735412,2026-05-01 18:55:35,WhatsApp,628127191822,Grup
1777672490412,2026-05-01 21:54:50,Discord,user8150,DM
1777611080412,2026-05-01 04:51:20,Discord,user2911,DM
1777612558412,2026-05-01 05:15:58,Discord,user99009,Server
1777673893412,2026-05-01 22:18:13,Discord,user38193,Server
1777629352412,2026-05-01 09:55:52,Discord,user17177,Server
1777601104412,2026-05-01 02:05:04,Discord,user1286,Server
1777670228412,2026-05-01 21:17:08,Discord,user7572,Server
1777666358412,2026-05-01 20:12:38,Discord,user28111,Server
1777658146412,2026-05-01 17:55:46,Discord,user60020,Server
1777607788412,2026-05-01 03:56:28,Discord,user23769,Server
1777648573412,2026-05-01 15:16:13,Discord,user79630,DM
1777678294412,2026-05-01 23:31:34,Discord,user6,Server
1777646889412,2026-05-01 14:48:09,Discord,user43291,Server
1777675959412,2026-05-01 22:52:39,Discord,user10366,Server
1777608743412,2026-05-01 04:12:23,Discord,user70169,Server
1777638210412,2026-05-01 12:23:30,Discord,user82220,DM
1777594754412,2026-05-01 00:19:14,Discord,user73016,DM
1777655624412,2026-05-01 17:13:44,Discord,user66887,DM
1777609379412,2026-05-01 04:22:59,Discord,user3644,Server
1777658761412,2026-05-01 18:06:01,Discord,user57343,Server
1777678966412,2026-05-01 23:42:46,Discord,user51356,Server
1777613145412,2026-05-01 05:25:45,Discord,user62926,Server
1777613959412,2026-05-01 05:39:19,Discord,user45418,DM
1777673698412,2026-05-01 22:14:58,Discord,user68648,Server
1777611835412,2026-05-01 05:03:55,Discord,user91348,Server
1777601682412,2026-05-01 02:14:42,Discord,user53702,DM
1777597373412,2026-05-01 01:02:53,Discord,user1031,DM
1777663249412,2026-05-01 19:20:49,Discord,user98219,Server
1777640267412,2026-05-01 12:57:47,Discord,user15113,DM
1777614010412,2026-05-01 05:40:10,Discord,user98047,DM
1777620734412,2026-05-01 07:32:14,Discord,user71636,DM
1777629198412,2026-05-01 09:53:18,Discord,user46867,DM
1777613137412,2026-05-01 05:25:37,Discord,user85486,DM
1777665070412,2026-05-01 19:51:10,Discord,user93761,Server
1777659525412,2026-05-01 18:18:45,Discord,user33003,DM
1777602642412,2026-05-01 02:30:42,Discord,user47279,DM
1777600700412,2026-05-01 01:58:20,Discord,user75424,DM
1777662375412,2026-05-01 19:06:15,Discord,user71563,DM
1777641181412,2026-05-01 13:13:01,Discord,user23710,DM
1777627085412,2026-05-01 09:18:05,Discord,user21996,Server
1777596813412,2026-05-01 00:53:33,Discord,user33775,DM
1777622036412,2026-05-01 07:53:56,Discord,user75716,DM
1777669560412,2026-05-01 21:06:00,Discord,user26688,Server
1777612861412,2026-05-01 05:21:01,Discord,user15971,DM
1777609268412,2026-05-01 04:21:08,Discord,user56870,Server
1777625904412,2026-05-01 08:58:24,Discord,user71532,DM
1777614978412,2026-05-01 05:56:18,Discord,user93160,DM
1777664439412,2026-05-01 19:40:39,Discord,user10304,Server
1777660896412,2026-05-01 18:41:36,Discord,user74371,Server
1777620345412,2026-05-01 07:25:45,Discord,user53726,Server
1777642017412,2026-05-01 13:26:57,Discord,user7484,DM
1777668047412,2026-05-01 20:40:47,Discord,user70761,DM
1777594785412,2026-05-01 00:19:45,Discord,user81278,Server
1777663116412,2026-05-01 19:18:36,Discord,user45143,DM
1777714701412,2026-05-02 09:38:21,WhatsApp,628988003752,Grup
1777715571412,2026-05-02 09:52:51,WhatsApp,628120739136,Grup
1777726510412,2026-05-02 12:55:10,WhatsApp,628616039573,Grup
1777689875412,2026-05-02 02:44:35,WhatsApp,628804108767,Grup
1777701066412,2026-05-02 05:51:06,WhatsApp,628805493996,Grup
1777696024412,2026-05-02 04:27:04,WhatsApp,628348833449,Pribadi
1777756025412,2026-05-02 21:07:05,WhatsApp,628819037303,Pribadi
1777752361412,2026-05-02 20:06:01,WhatsApp,628972033432,Grup
1777728962412,2026-05-02 13:36:02,WhatsApp,628762348775,Grup
1777737066412,2026-05-02 15:51:06,WhatsApp,628628499269,Pribadi
1777731851412,2026-05-02 14:24:11,WhatsApp,628320367142,Pribadi
1777710509412,2026-05-02 08:28:29,WhatsApp,628594149791,Pribadi
1777683459412,2026-05-02 00:57:39,WhatsApp,62873238329,Pribadi
1777722334412,2026-05-02 11:45:34,WhatsApp,628452706708,Grup
1777725453412,2026-05-02 12:37:33,WhatsApp,628700176623,Pribadi
1777760451412,2026-05-02 22:20:51,WhatsApp,628748032688,Grup
1777754347412,2026-05-02 20:39:07,WhatsApp,628343136013,Grup
1777763772412,2026-05-02 23:16:12,WhatsApp,628853738796,Grup
1777761031412,2026-05-02 22:30:31,WhatsApp,628246249689,Grup
1777704349412,2026-05-02 06:45:49,WhatsApp,628506671041,Grup
1777719825412,2026-05-02 11:03:45,WhatsApp,628571144929,Grup
1777682631412,2026-05-02 00:43:51,WhatsApp,628430077768,Grup
1777715644412,2026-05-02 09:54:04,WhatsApp,628618482506,Grup
1777765637412,2026-05-02 23:47:17,WhatsApp,628454539756,Grup
1777746835412,2026-05-02 18:33:55,WhatsApp,62839368153,Grup
1777761012412,2026-05-02 22:30:12,WhatsApp,628661978116,Grup
1777760248412,2026-05-02 22:17:28,WhatsApp,628889813503,Pribadi
1777755642412,2026-05-02 21:00:42,WhatsApp,628380975366,Grup
1777685798412,2026-05-02 01:36:38,WhatsApp,628257280755,Grup
1777692553412,2026-05-02 03:29:13,WhatsApp,628879964501,Grup
1777731916412,2026-05-02 14:25:16,WhatsApp,628374252934,Pribadi
1777684758412,2026-05-02 01:19:18,WhatsApp,628505895888,Grup
1777718120412,2026-05-02 10:35:20,WhatsApp,628498223007,Grup
1777737642412,2026-05-02 16:00:42,WhatsApp,628436261245,Pribadi
1777756455412,2026-05-02 21:14:15,WhatsApp,628906066840,Pribadi
1777729163412,2026-05-02 13:39:23,WhatsApp,628895796395,Pribadi
1777724879412,2026-05-02 12:27:59,WhatsApp,628521911430,Pribadi
1777751346412,2026-05-02 19:49:06,WhatsApp,628121171906,Grup
1777742433412,2026-05-02 17:20:33,WhatsApp,628457070200,Pribadi
1777683861412,2026-05-02 01:04:21,WhatsApp,628345108159,Grup
1777760332412,2026-05-02 22:18:52,WhatsApp,628281263314,Pribadi
1777712414412,2026-05-02 09:00:14,WhatsApp,628478364201,Grup
1777753406412,2026-05-02 20:23:26,WhatsApp,628291167905,Pribadi
1777707197412,2026-05-02 07:33:17,WhatsApp,628466316852,Grup
1777714954412,2026-05-02 09:42:34,WhatsApp,628897023879,Grup
1777759481412,2026-05-02 22:04:41,WhatsApp,628171689378,Grup
1777760385412,2026-05-02 22:19:45,WhatsApp,628560533487,Grup
1777743133412,2026-05-02 17:32:13,WhatsApp,628296302764,Grup
1777706184412,2026-05-02 07:16:24,WhatsApp,628172218856,Pribadi
1777747205412,2026-05-02 18:40:05,WhatsApp,628113571796,Pribadi
1777692214412,2026-05-02 03:23:34,WhatsApp,628813624158,Pribadi
1777762575412,2026-05-02 22:56:15,WhatsApp,628882783594,Pribadi
1777742771412,2026-05-02 17:26:11,WhatsApp,628969577685,Pribadi
1777686905412,2026-05-02 01:55:05,WhatsApp,628844348149,Pribadi
1777696807412,2026-05-02 04:40:07,WhatsApp,628648834008,Grup
1777715348412,2026-05-02 09:49:08,WhatsApp,628852062847,Grup
1777723272412,2026-05-02 12:01:12,WhatsApp,628511856764,Pribadi
1777699291412,2026-05-02 05:21:31,WhatsApp,628779630678,Pribadi
1777726179412,2026-05-02 12:49:39,WhatsApp,628749746934,Pribadi
1777718079412,2026-05-02 10:34:39,WhatsApp,628528056324,Grup
1777762937412,2026-05-02 23:02:17,WhatsApp,628676293003,Pribadi
1777697192412,2026-05-02 04:46:32,WhatsApp,628241848923,Grup
1777715369412,2026-05-02 09:49:29,WhatsApp,628369522554,Grup
1777683460412,2026-05-02 00:57:40,WhatsApp,628165055805,Grup
1777694760412,2026-05-02 04:06:00,WhatsApp,628582618552,Pribadi
1777758052412,2026-05-02 21:40:52,WhatsApp,628729343968,Grup
1777758663412,2026-05-02 21:51:03,WhatsApp,628474783918,Pribadi
1777746511412,2026-05-02 18:28:31,WhatsApp,628650212337,Pribadi
1777741390412,2026-05-02 17:03:10,WhatsApp,628490876941,Grup
1777760839412,2026-05-02 22:27:19,WhatsApp,628514044626,Pribadi
1777723137412,2026-05-02 11:58:57,WhatsApp,628815826907,Pribadi
1777697417412,2026-05-02 04:50:17,WhatsApp,628548112096,Pribadi
1777726158412,2026-05-02 12:49:18,WhatsApp,628922125951,Grup
1777733866412,2026-05-02 14:57:46,WhatsApp,62843374050,Pribadi
1777709212412,2026-05-02 08:06:52,WhatsApp,628736120702,Pribadi
1777712882412,2026-05-02 09:08:02,WhatsApp,628401071552,Grup
1777733949412,2026-05-02 14:59:09,WhatsApp,628885159940,Pribadi
1777680671412,2026-05-02 00:11:11,WhatsApp,628175102208,Grup
1777727379412,2026-05-02 13:09:39,WhatsApp,628637967711,Pribadi
1777704359412,2026-05-02 06:45:59,WhatsApp,62853990258,Grup
1777713759412,2026-05-02 09:22:39,WhatsApp,628844870146,Pribadi
1777687892412,2026-05-02 02:11:32,WhatsApp,628271674806,Grup
1777702407412,2026-05-02 06:13:27,WhatsApp,62885992442,Grup
1777702720412,2026-05-02 06:18:40,WhatsApp,628215301612,Pribadi
1777715466412,2026-05-02 09:51:06,WhatsApp,628839605662,Pribadi
1777729633412,2026-05-02 13:47:13,WhatsApp,628299598620,Pribadi
1777720045412,2026-05-02 11:07:25,WhatsApp,628373956862,Grup
1777681728412,2026-05-02 00:28:48,WhatsApp,628705406951,Pribadi
1777703548412,2026-05-02 06:32:28,WhatsApp,628717633907,Pribadi
1777762722412,2026-05-02 22:58:42,WhatsApp,628200804427,Pribadi
1777685492412,2026-05-02 01:31:32,WhatsApp,62896711092,Grup
1777725301412,2026-05-02 12:35:01,WhatsApp,628230391259,Grup
1777759565412,2026-05-02 22:06:05,WhatsApp,628570657848,Grup
1777696891412,2026-05-02 04:41:31,WhatsApp,628237775150,Pribadi
1777746382412,2026-05-02 18:26:22,WhatsApp,628136720453,Pribadi
1777703935412,2026-05-02 06:38:55,WhatsApp,628457993258,Grup
1777680472412,2026-05-02 00:07:52,WhatsApp,628560185278,Grup
1777719782412,2026-05-02 11:03:02,WhatsApp,628573805051,Pribadi
1777734609412,2026-05-02 15:10:09,WhatsApp,62869976067,Grup
1777694639412,2026-05-02 04:03:59,WhatsApp,628958945894,Pribadi
1777723344412,2026-05-02 12:02:24,WhatsApp,62872850130,Pribadi
1777765895412,2026-05-02 23:51:35,WhatsApp,628491936690,Grup
1777736818412,2026-05-02 15:46:58,WhatsApp,628237544163,Pribadi
1777697374412,2026-05-02 04:49:34,WhatsApp,628241423335,Grup
1777713511412,2026-05-02 09:18:31,WhatsApp,628938376127,Pribadi
1777760656412,2026-05-02 22:24:16,WhatsApp,62867590837,Pribadi
1777761880412,2026-05-02 22:44:40,WhatsApp,628841098358,Pribadi
1777693057412,2026-05-02 03:37:37,WhatsApp,628734202728,Grup
1777746592412,2026-05-02 18:29:52,WhatsApp,628384058375,Grup
1777735306412,2026-05-02 15:21:46,WhatsApp,628336437691,Grup
1777745495412,2026-05-02 18:11:35,WhatsApp,628689296531,Pribadi
1777699681412,2026-05-02 05:28:01,WhatsApp,628962151343,Grup
1777752631412,2026-05-02 20:10:31,WhatsApp,628368709775,Pribadi
1777736471412,2026-05-02 15:41:11,WhatsApp,628302813086,Pribadi
1777683674412,2026-05-02 01:01:14,WhatsApp,628492673977,Grup
1777694541412,2026-05-02 04:02:21,WhatsApp,62820808718,Grup
1777688524412,2026-05-02 02:22:04,WhatsApp,62865745917,Grup
1777707464412,2026-05-02 07:37:44,WhatsApp,628285963688,Grup
1777712361412,2026-05-02 08:59:21,WhatsApp,628957283082,Pribadi
1777692338412,2026-05-02 03:25:38,WhatsApp,628115568392,Pribadi
1777757085412,2026-05-02 21:24:45,WhatsApp,628575275565,Grup
1777688988412,2026-05-02 02:29:48,WhatsApp,6288038807,Grup
1777686609412,2026-05-02 01:50:09,WhatsApp,628347589834,Grup
1777723128412,2026-05-02 11:58:48,WhatsApp,628530215992,Pribadi
1777766344412,2026-05-02 23:59:04,WhatsApp,628499140795,Pribadi
1777696528412,2026-05-02 04:35:28,WhatsApp,628627655032,Grup
1777747245412,2026-05-02 18:40:45,WhatsApp,628737271954,Pribadi
1777685267412,2026-05-02 01:27:47,WhatsApp,628541157817,Grup
1777684295412,2026-05-02 01:11:35,WhatsApp,628959271033,Grup
1777741980412,2026-05-02 17:13:00,WhatsApp,62825115416,Pribadi
1777695548412,2026-05-02 04:19:08,WhatsApp,628483518947,Grup
1777691401412,2026-05-02 03:10:01,WhatsApp,628399559539,Pribadi
1777741265412,2026-05-02 17:01:05,WhatsApp,628855739215,Pribadi
1777751891412,2026-05-02 19:58:11,WhatsApp,628273817835,Pribadi
1777744542412,2026-05-02 17:55:42,WhatsApp,628283923600,Pribadi
1777753856412,2026-05-02 20:30:56,WhatsApp,628674408229,Pribadi
1777691715412,2026-05-02 03:15:15,WhatsApp,628507756354,Grup
1777735020412,2026-05-02 15:17:00,WhatsApp,628546682383,Grup
1777694480412,2026-05-02 04:01:20,WhatsApp,628455336255,Grup
1777757418412,2026-05-02 21:30:18,WhatsApp,628249903482,Pribadi
1777714432412,2026-05-02 09:33:52,WhatsApp,628596297506,Grup
1777734327412,2026-05-02 15:05:27,WhatsApp,628238358772,Pribadi
1777684389412,2026-05-02 01:13:09,WhatsApp,628727229383,Grup
1777700063412,2026-05-02 05:34:23,WhatsApp,628359954792,Grup
1777757482412,2026-05-02 21:31:22,WhatsApp,628729840929,Grup
1777759334412,2026-05-02 22:02:14,WhatsApp,628875635204,Grup
1777737619412,2026-05-02 16:00:19,WhatsApp,62842835569,Grup
1777747183412,2026-05-02 18:39:43,WhatsApp,62817901906,Grup
1777690133412,2026-05-02 02:48:53,WhatsApp,62886612207,Pribadi
1777763938412,2026-05-02 23:18:58,WhatsApp,628337205168,Pribadi
1777763859412,2026-05-02 23:17:39,WhatsApp,628854893490,Pribadi
1777744736412,2026-05-02 17:58:56,WhatsApp,628455052686,Pribadi
1777729287412,2026-05-02 13:41:27,WhatsApp,62857957514,Grup
1777701442412,2026-05-02 05:57:22,WhatsApp,628904054831,Pribadi
1777705464412,2026-05-02 07:04:24,WhatsApp,628274336401,Grup
1777724473412,2026-05-02 12:21:13,WhatsApp,628173408368,Grup
1777710540412,2026-05-02 08:29:00,WhatsApp,628540168367,Pribadi
1777737457412,2026-05-02 15:57:37,WhatsApp,628360104390,Grup
1777724505412,2026-05-02 12:21:45,WhatsApp,628484691170,Grup
1777688008412,2026-05-02 02:13:28,WhatsApp,628718063865,Grup
1777687139412,2026-05-02 01:58:59,WhatsApp,628820478475,Pribadi
1777738273412,2026-05-02 16:11:13,WhatsApp,628938932856,Pribadi
1777701331412,2026-05-02 05:55:31,WhatsApp,628287460298,Pribadi
1777703910412,2026-05-02 06:38:30,WhatsApp,628529655513,Grup
1777686540412,2026-05-02 01:49:00,WhatsApp,628769992414,Pribadi
1777702803412,2026-05-02 06:20:03,WhatsApp,628357999222,Grup
1777702240412,2026-05-02 06:10:40,WhatsApp,628943978861,Grup
1777755180412,2026-05-02 20:53:00,WhatsApp,628237981952,Grup
1777710627412,2026-05-02 08:30:27,WhatsApp,628108835744,Pribadi
1777737069412,2026-05-02 15:51:09,WhatsApp,628466078574,Pribadi
1777738452412,2026-05-02 16:14:12,WhatsApp,628853714259,Grup
1777761325412,2026-05-02 22:35:25,WhatsApp,628966086884,Grup
1777759370412,2026-05-02 22:02:50,WhatsApp,628486889686,Pribadi
1777735019412,2026-05-02 15:16:59,WhatsApp,628742612408,Pribadi
1777731147412,2026-05-02 14:12:27,Discord,user56838,Server
1777738462412,2026-05-02 16:14:22,Discord,user77578,Server
1777705849412,2026-05-02 07:10:49,Discord,user72745,DM
1777712497412,2026-05-02 09:01:37,Discord,user47316,DM
1777697742412,2026-05-02 04:55:42,Discord,user61884,Server
1777739910412,2026-05-02 16:38:30,Discord,user25245,Server
1777747188412,2026-05-02 18:39:48,Discord,user70384,Server
1777697609412,2026-05-02 04:53:29,Discord,user46859,Server
1777726755412,2026-05-02 12:59:15,Discord,user51700,DM
1777740352412,2026-05-02 16:45:52,Discord,user1079,Server
1777682038412,2026-05-02 00:33:58,Discord,user13947,DM
1777725142412,2026-05-02 12:32:22,Discord,user57965,Server
1777689490412,2026-05-02 02:38:10,Discord,user61770,DM
1777739425412,2026-05-02 16:30:25,Discord,user74418,DM
1777710781412,2026-05-02 08:33:01,Discord,user56804,Server
1777691549412,2026-05-02 03:12:29,Discord,user18126,Server
1777734338412,2026-05-02 15:05:38,Discord,user76255,Server
1777708901412,2026-05-02 08:01:41,Discord,user75693,DM
1777705855412,2026-05-02 07:10:55,Discord,user23592,Server
1777730009412,2026-05-02 13:53:29,Discord,user17595,DM
1777757761412,2026-05-02 21:36:01,Discord,user26917,Server
1777743128412,2026-05-02 17:32:08,Discord,user6645,DM
1777694821412,2026-05-02 04:07:01,Discord,user48833,DM
1777680255412,2026-05-02 00:04:15,Discord,user42083,Server
1777744219412,2026-05-02 17:50:19,Discord,user45591,DM
1777740267412,2026-05-02 16:44:27,Discord,user21352,Server
1777718742412,2026-05-02 10:45:42,Discord,user57309,DM
1777723155412,2026-05-02 11:59:15,Discord,user97548,Server
1777738958412,2026-05-02 16:22:38,Discord,user36968,Server
1777731580412,2026-05-02 14:19:40,Discord,user8148,DM
1777741811412,2026-05-02 17:10:11,Discord,user59921,DM
1777694770412,2026-05-02 04:06:10,Discord,user58369,Server
1777763368412,2026-05-02 23:09:28,Discord,user94442,Server
1777736678412,2026-05-02 15:44:38,Discord,user28491,DM
1777760456412,2026-05-02 22:20:56,Discord,user9699,Server
1777718164412,2026-05-02 10:36:04,Discord,user52107,Server
1777708599412,2026-05-02 07:56:39,Discord,user68431,DM
1777697737412,2026-05-02 04:55:37,Discord,user24019,DM
1777691493412,2026-05-02 03:11:33,Discord,user1740,Server
1777747625412,2026-05-02 18:47:05,Discord,user41652,DM
1777744664412,2026-05-02 17:57:44,Discord,user61349,DM
1777747771412,2026-05-02 18:49:31,Discord,user91112,Server
1777751071412,2026-05-02 19:44:31,Discord,user80071,DM
1777720471412,2026-05-02 11:14:31,Discord,user61075,Server
1777712650412,2026-05-02 09:04:10,Discord,user37806,Server
1777708867412,2026-05-02 08:01:07,Discord,user5691,DM
1777709339412,2026-05-02 08:08:59,Discord,user37512,DM
1777682288412,2026-05-02 00:38:08,Discord,user92472,DM
1777687548412,2026-05-02 02:05:48,Discord,user66564,Server
1777684929412,2026-05-02 01:22:09,Discord,user43672,Server
1777738713412,2026-05-02 16:18:33,Discord,user56790,Server
1777749564412,2026-05-02 19:19:24,Discord,user50526,DM
1777690198412,2026-05-02 02:49:58,Discord,user53994,DM
1777744249412,2026-05-02 17:50:49,Discord,user22531,DM
1777747446412,2026-05-02 18:44:06,Discord,user78462,DM
1777732000412,2026-05-02 14:26:40,Discord,user59368,DM
1777702720412,2026-05-02 06:18:40,Discord,user16774,DM
1777699476412,2026-05-02 05:24:36,Discord,user89357,DM
1777691325412,2026-05-02 03:08:45,Discord,user95715,Server
1777795636412,2026-05-03 08:07:16,WhatsApp,62869096357,Pribadi
1777849106412,2026-05-03 22:58:26,WhatsApp,628379063418,Grup
1777841897412,2026-05-03 20:58:17,WhatsApp,628603471170,Grup
1777772496412,2026-05-03 01:41:36,WhatsApp,628715988238,Grup
1777794234412,2026-05-03 07:43:54,WhatsApp,628662785172,Grup
1777807953412,2026-05-03 11:32:33,WhatsApp,628768906203,Grup
1777813360412,2026-05-03 13:02:40,WhatsApp,628420894462,Grup
1777844779412,2026-05-03 21:46:19,WhatsApp,628673095060,Pribadi
1777787632412,2026-05-03 05:53:52,WhatsApp,628742801214,Grup
1777846309412,2026-05-03 22:11:49,WhatsApp,628763665445,Pribadi
1777820769412,2026-05-03 15:06:09,WhatsApp,628453883307,Grup
1777775554412,2026-05-03 02:32:34,WhatsApp,628246304280,Grup
1777796709412,2026-05-03 08:25:09,WhatsApp,628954358473,Grup
1777825769412,2026-05-03 16:29:29,WhatsApp,628507451165,Pribadi
1777805320412,2026-05-03 10:48:40,WhatsApp,628467544471,Grup
1777849189412,2026-05-03 22:59:49,WhatsApp,628975231749,Grup
1777812475412,2026-05-03 12:47:55,WhatsApp,628584223370,Grup
1777783490412,2026-05-03 04:44:50,WhatsApp,628453288693,Grup
1777824755412,2026-05-03 16:12:35,WhatsApp,628925811597,Grup
1777809640412,2026-05-03 12:00:40,WhatsApp,628364698603,Grup
1777834200412,2026-05-03 18:50:00,WhatsApp,628592586505,Grup
1777773972412,2026-05-03 02:06:12,WhatsApp,628739973626,Pribadi
1777838374412,2026-05-03 19:59:34,WhatsApp,628797623725,Grup
1777821382412,2026-05-03 15:16:22,WhatsApp,628683362301,Grup
1777796058412,2026-05-03 08:14:18,WhatsApp,628841153653,Grup
1777829250412,2026-05-03 17:27:30,WhatsApp,628542238502,Pribadi
1777796051412,2026-05-03 08:14:11,WhatsApp,628188897326,Grup
1777834733412,2026-05-03 18:58:53,WhatsApp,628765469697,Pribadi
1777792789412,2026-05-03 07:19:49,WhatsApp,628449770452,Grup
1777788563412,2026-05-03 06:09:23,WhatsApp,628515585476,Grup
1777792266412,2026-05-03 07:11:06,WhatsApp,628420672539,Grup
1777833318412,2026-05-03 18:35:18,WhatsApp,628146403482,Pribadi
1777778555412,2026-05-03 03:22:35,WhatsApp,628615212335,Pribadi
1777814595412,2026-05-03 13:23:15,WhatsApp,628754842404,Grup
1777789959412,2026-05-03 06:32:39,WhatsApp,628600501912,Pribadi
1777817983412,2026-05-03 14:19:43,WhatsApp,628833667360,Grup
1777788761412,2026-05-03 06:12:41,WhatsApp,628611037803,Grup
1777850372412,2026-05-03 23:19:32,WhatsApp,628168790026,Grup
1777815606412,2026-05-03 13:40:06,WhatsApp,628269221547,Pribadi
1777839795412,2026-05-03 20:23:15,WhatsApp,628861099794,Pribadi
1777804087412,2026-05-03 10:28:07,WhatsApp,628436722466,Grup
1777768256412,2026-05-03 00:30:56,WhatsApp,628751285774,Grup
1777774628412,2026-05-03 02:17:08,WhatsApp,628618371146,Grup
1777850010412,2026-05-03 23:13:30,WhatsApp,628433765716,Pribadi
1777801301412,2026-05-03 09:41:41,WhatsApp,628754888983,Grup
1777811188412,2026-05-03 12:26:28,WhatsApp,628852391336,Grup
1777832321412,2026-05-03 18:18:41,WhatsApp,628207635141,Pribadi
1777825124412,2026-05-03 16:18:44,WhatsApp,628154767390,Pribadi
1777787573412,2026-05-03 05:52:53,WhatsApp,628821556650,Grup
1777849742412,2026-05-03 23:09:02,WhatsApp,62881372118,Pribadi
1777818837412,2026-05-03 14:33:57,WhatsApp,628407384948,Pribadi
1777837298412,2026-05-03 19:41:38,WhatsApp,628179786270,Pribadi
1777792814412,2026-05-03 07:20:14,WhatsApp,628667774272,Pribadi
1777832470412,2026-05-03 18:21:10,WhatsApp,628250856802,Pribadi
1777834703412,2026-05-03 18:58:23,WhatsApp,628905512567,Grup
1777811716412,2026-05-03 12:35:16,WhatsApp,628923902901,Grup
1777767648412,2026-05-03 00:20:48,WhatsApp,628345240731,Grup
1777784300412,2026-05-03 04:58:20,WhatsApp,628612185422,Pribadi
1777815575412,2026-05-03 13:39:35,WhatsApp,628512095522,Grup
1777768576412,2026-05-03 00:36:16,WhatsApp,628205598932,Grup
1777841534412,2026-05-03 20:52:14,WhatsApp,628956503700,Pribadi
1777831287412,2026-05-03 18:01:27,WhatsApp,628551553970,Grup
1777826393412,2026-05-03 16:39:53,WhatsApp,62828900688,Grup
1777847413412,2026-05-03 22:30:13,WhatsApp,628329126544,Grup
1777845205412,2026-05-03 21:53:25,WhatsApp,628906275493,Pribadi
1777832444412,2026-05-03 18:20:44,WhatsApp,628210808847,Pribadi
1777812351412,2026-05-03 12:45:51,WhatsApp,628233070106,Pribadi
1777782464412,2026-05-03 04:27:44,WhatsApp,628591510030,Grup
1777825661412,2026-05-03 16:27:41,WhatsApp,62875697812,Grup
1777779880412,2026-05-03 03:44:40,WhatsApp,628173228676,Grup
1777778562412,2026-05-03 03:22:42,WhatsApp,628466989187,Grup
1777775296412,2026-05-03 02:28:16,WhatsApp,628182302431,Grup
1777781084412,2026-05-03 04:04:44,WhatsApp,628521596597,Pribadi
1777783633412,2026-05-03 04:47:13,WhatsApp,628123835428,Grup
1777833900412,2026-05-03 18:45:00,WhatsApp,628472285061,Pribadi
1777819116412,2026-05-03 14:38:36,WhatsApp,628346641740,Grup
1777796971412,2026-05-03 08:29:31,WhatsApp,628380068544,Grup
1777808206412,2026-05-03 11:36:46,WhatsApp,628668001333,Pribadi
1777768985412,2026-05-03 00:43:05,WhatsApp,628623486330,Grup
1777842312412,2026-05-03 21:05:12,WhatsApp,628747235750,Pribadi
1777840423412,2026-05-03 20:33:43,WhatsApp,628207111197,Pribadi
1777829712412,2026-05-03 17:35:12,WhatsApp,628294765544,Grup
1777843242412,2026-05-03 21:20:42,WhatsApp,628507512118,Pribadi
1777827555412,2026-05-03 16:59:15,WhatsApp,628122983736,Pribadi
1777792505412,2026-05-03 07:15:05,WhatsApp,628158998761,Grup
1777838801412,2026-05-03 20:06:41,WhatsApp,628629555333,Grup
1777766506412,2026-05-03 00:01:46,WhatsApp,628599613941,Pribadi
1777830595412,2026-05-03 17:49:55,WhatsApp,628642013450,Pribadi
1777787294412,2026-05-03 05:48:14,WhatsApp,628432048675,Grup
1777776698412,2026-05-03 02:51:38,WhatsApp,628536408960,Pribadi
1777851653412,2026-05-03 23:40:53,WhatsApp,628161690750,Grup
1777779819412,2026-05-03 03:43:39,WhatsApp,628652761823,Pribadi
1777852316412,2026-05-03 23:51:56,WhatsApp,62895914065,Grup
1777798321412,2026-05-03 08:52:01,WhatsApp,628372548465,Pribadi
1777807515412,2026-05-03 11:25:15,WhatsApp,628336003796,Pribadi
1777819369412,2026-05-03 14:42:49,WhatsApp,628780902142,Grup
1777846173412,2026-05-03 22:09:33,WhatsApp,628904648131,Grup
1777821282412,2026-05-03 15:14:42,WhatsApp,62836275593,Pribadi
1777771758412,2026-05-03 01:29:18,WhatsApp,628579411209,Pribadi
1777775014412,2026-05-03 02:23:34,WhatsApp,628807757630,Pribadi
1777842583412,2026-05-03 21:09:43,WhatsApp,628505224853,Grup
1777794147412,2026-05-03 07:42:27,WhatsApp,628867771997,Grup
1777777488412,2026-05-03 03:04:48,WhatsApp,628484261203,Grup
1777774559412,2026-05-03 02:15:59,WhatsApp,628451522790,Pribadi
1777828723412,2026-05-03 17:18:43,WhatsApp,628382858301,Grup
1777816615412,2026-05-03 13:56:55,WhatsApp,628710837516,Pribadi
1777767472412,2026-05-03 00:17:52,WhatsApp,62866435181,Pribadi
1777769320412,2026-05-03 00:48:40,WhatsApp,628950927707,Grup
1777834229412,2026-05-03 18:50:29,WhatsApp,628797096239,Pribadi
1777778990412,2026-05-03 03:29:50,WhatsApp,628208953001,Pribadi
1777840347412,2026-05-03 20:32:27,WhatsApp,628314898167,Grup
1777786004412,2026-05-03 05:26:44,WhatsApp,628991092637,Grup
1777823914412,2026-05-03 15:58:34,WhatsApp,628997651969,Pribadi
1777779819412,2026-05-03 03:43:39,WhatsApp,628335414338,Grup
1777835174412,2026-05-03 19:06:14,WhatsApp,628106660227,Grup
1777817488412,2026-05-03 14:11:28,WhatsApp,628419785005,Grup
1777789776412,2026-05-03 06:29:36,WhatsApp,628362041252,Grup
1777820422412,2026-05-03 15:00:22,WhatsApp,628952296267,Grup
1777840109412,2026-05-03 20:28:29,WhatsApp,628526394084,Pribadi
1777783425412,2026-05-03 04:43:45,WhatsApp,628685935616,Grup
1777787835412,2026-05-03 05:57:15,WhatsApp,628890367559,Grup
1777766859412,2026-05-03 00:07:39,WhatsApp,628531951337,Pribadi
1777775004412,2026-05-03 02:23:24,WhatsApp,628534052877,Grup
1777809565412,2026-05-03 11:59:25,WhatsApp,62853505476,Pribadi
1777838029412,2026-05-03 19:53:49,WhatsApp,628328580683,Pribadi
1777827549412,2026-05-03 16:59:09,WhatsApp,628590074905,Grup
1777787896412,2026-05-03 05:58:16,WhatsApp,628515996244,Grup
1777841696412,2026-05-03 20:54:56,WhatsApp,628562526286,Grup
1777824987412,2026-05-03 16:16:27,WhatsApp,628146357779,Pribadi
1777841839412,2026-05-03 20:57:19,WhatsApp,628432859164,Grup
1777839890412,2026-05-03 20:24:50,WhatsApp,628885495438,Pribadi
1777791515412,2026-05-03 06:58:35,WhatsApp,628344079229,Pribadi
1777837871412,2026-05-03 19:51:11,WhatsApp,628808209885,Pribadi
1777849006412,2026-05-03 22:56:46,WhatsApp,628107505683,Grup
1777777503412,2026-05-03 03:05:03,WhatsApp,62850198804,Pribadi
1777796244412,2026-05-03 08:17:24,WhatsApp,628869246858,Grup
1777780610412,2026-05-03 03:56:50,WhatsApp,62868890023,Grup
1777824851412,2026-05-03 16:14:11,WhatsApp,628112759482,Pribadi
1777810268412,2026-05-03 12:11:08,WhatsApp,628371203473,Pribadi
1777830034412,2026-05-03 17:40:34,WhatsApp,628942164211,Pribadi
1777819968412,2026-05-03 14:52:48,WhatsApp,628208590062,Grup
1777813258412,2026-05-03 13:00:58,WhatsApp,628450723807,Grup
1777828257412,2026-05-03 17:10:57,WhatsApp,628241859033,Pribadi
1777777463412,2026-05-03 03:04:23,WhatsApp,628176897605,Grup
1777849592412,2026-05-03 23:06:32,WhatsApp,628741757255,Grup
1777841498412,2026-05-03 20:51:38,WhatsApp,628580040401,Grup
1777841340412,2026-05-03 20:49:00,WhatsApp,628415025184,Grup
1777821719412,2026-05-03 15:21:59,WhatsApp,628992225838,Grup
1777815212412,2026-05-03 13:33:32,WhatsApp,628276623804,Grup
1777810099412,2026-05-03 12:08:19,WhatsApp,628497155533,Grup
1777834250412,2026-05-03 18:50:50,WhatsApp,628244967022,Grup
1777835563412,2026-05-03 19:12:43,WhatsApp,628670591422,Grup
1777773988412,2026-05-03 02:06:28,WhatsApp,62878419268,Grup
1777794424412,2026-05-03 07:47:04,WhatsApp,628946822113,Grup
1777832384412,2026-05-03 18:19:44,WhatsApp,628491020661,Pribadi
1777806139412,2026-05-03 11:02:19,WhatsApp,628603393567,Grup
1777817930412,2026-05-03 14:18:50,WhatsApp,628678814721,Grup
1777797644412,2026-05-03 08:40:44,WhatsApp,628292350767,Pribadi
1777842688412,2026-05-03 21:11:28,WhatsApp,628191612101,Grup
1777828803412,2026-05-03 17:20:03,WhatsApp,628531802190,Grup
1777812813412,2026-05-03 12:53:33,WhatsApp,628371584720,Pribadi
1777777410412,2026-05-03 03:03:30,WhatsApp,628228147316,Grup
1777827983412,2026-05-03 17:06:23,WhatsApp,628361279265,Pribadi
1777846007412,2026-05-03 22:06:47,WhatsApp,62892910745,Pribadi
1777840590412,2026-05-03 20:36:30,WhatsApp,62837271752,Pribadi
1777826671412,2026-05-03 16:44:31,WhatsApp,628777719704,Grup
1777785107412,2026-05-03 05:11:47,WhatsApp,628829807272,Grup
1777768714412,2026-05-03 00:38:34,WhatsApp,628999607895,Grup
1777798906412,2026-05-03 09:01:46,WhatsApp,628667810609,Pribadi
1777795882412,2026-05-03 08:11:22,WhatsApp,628959646001,Grup
1777817674412,2026-05-03 14:14:34,WhatsApp,628802355073,Grup
1777774702412,2026-05-03 02:18:22,Discord,user69308,DM
1777817570412,2026-05-03 14:12:50,Discord,user84991,DM
1777850611412,2026-05-03 23:23:31,Discord,user44103,DM
1777820749412,2026-05-03 15:05:49,Discord,user10807,DM
1777773986412,2026-05-03 02:06:26,Discord,user90762,Server
1777806393412,2026-05-03 11:06:33,Discord,user22545,Server
1777827520412,2026-05-03 16:58:40,Discord,user67182,DM
1777771095412,2026-05-03 01:18:15,Discord,user3191,Server
1777778623412,2026-05-03 03:23:43,Discord,user74791,DM
1777772811412,2026-05-03 01:46:51,Discord,user68651,DM
1777807748412,2026-05-03 11:29:08,Discord,user96251,DM
1777831051412,2026-05-03 17:57:31,Discord,user64323,Server
1777828405412,2026-05-03 17:13:25,Discord,user93701,Server
1777827235412,2026-05-03 16:53:55,Discord,user22223,DM
1777801938412,2026-05-03 09:52:18,Discord,user20900,DM
1777767534412,2026-05-03 00:18:54,Discord,user56420,Server
1777842920412,2026-05-03 21:15:20,Discord,user71590,Server
1777843713412,2026-05-03 21:28:33,Discord,user12492,Server
1777769403412,2026-05-03 00:50:03,Discord,user22261,Server
1777811734412,2026-05-03 12:35:34,Discord,user12225,DM
1777832892412,2026-05-03 18:28:12,Discord,user11850,DM
1777816838412,2026-05-03 14:00:38,Discord,user90842,DM
1777830906412,2026-05-03 17:55:06,Discord,user23352,Server
1777784306412,2026-05-03 04:58:26,Discord,user27158,DM
1777773026412,2026-05-03 01:50:26,Discord,user18377,Server
1777847464412,2026-05-03 22:31:04,Discord,user30892,Server
1777847191412,2026-05-03 22:26:31,Discord,user5366,DM
1777820189412,2026-05-03 14:56:29,Discord,user93942,Server
1777801212412,2026-05-03 09:40:12,Discord,user76238,Server
1777768175412,2026-05-03 00:29:35,Discord,user58046,DM
1777795245412,2026-05-03 08:00:45,Discord,user23212,DM
1777802455412,2026-05-03 10:00:55,Discord,user9316,DM
1777805935412,2026-05-03 10:58:55,Discord,user81648,Server
1777830275412,2026-05-03 17:44:35,Discord,user43877,Server
1777851297412,2026-05-03 23:34:57,Discord,user47845,Server
1777821574412,2026-05-03 15:19:34,Discord,user46766,Server
1777851216412,2026-05-03 23:33:36,Discord,user74333,DM
1777766966412,2026-05-03 00:09:26,Discord,user58645,DM
1777808914412,2026-05-03 11:48:34,Discord,user9480,DM
1777846518412,2026-05-03 22:15:18,Discord,user73438,Server
1777768523412,2026-05-03 00:35:23,Discord,user27887,Server
1777807036412,2026-05-03 11:17:16,Discord,user59891,DM
1777833778412,2026-05-03 18:42:58,Discord,user40407,Server
1777812944412,2026-05-03 12:55:44,Discord,user4508,Server
1777817333412,2026-05-03 14:08:53,Discord,user79854,DM
1777806799412,2026-05-03 11:13:19,Discord,user41573,DM
1777848929412,2026-05-03 22:55:29,Discord,user62165,Server
1777816145412,2026-05-03 13:49:05,Discord,user2139,DM
1777774582412,2026-05-03 02:16:22,Discord,user26956,DM
1777819199412,2026-05-03 14:39:59,Discord,user45084,DM
1777812169412,2026-05-03 12:42:49,Discord,user20224,Server
1777821721412,2026-05-03 15:22:01,Discord,user17543,Server
1777839021412,2026-05-03 20:10:21,Discord,user51101,Server
1777770248412,2026-05-03 01:04:08,Discord,user26110,Server
1777848156412,2026-05-03 22:42:36,Discord,user5190,Server
1777814424412,2026-05-03 13:20:24,Discord,user52358,Server
1777813903412,2026-05-03 13:11:43,Discord,user61396,DM
1777776207412,2026-05-03 02:43:27,Discord,user77836,DM
1777773234412,2026-05-03 01:53:54,Discord,user33962,Server
1777842952412,2026-05-03 21:15:52,Discord,user29461,Server
1777932448412,2026-05-04 22:07:28,WhatsApp,628131705731,Grup
1777906817412,2026-05-04 15:00:17,WhatsApp,628720524173,Pribadi
1777911378412,2026-05-04 16:16:18,WhatsApp,628838245572,Pribadi
1777901665412,2026-05-04 13:34:25,WhatsApp,628905133285,Grup
1777919252412,2026-05-04 18:27:32,WhatsApp,628244984841,Grup
1777924921412,2026-05-04 20:02:01,WhatsApp,628259708528,Pribadi
1777908030412,2026-05-04 15:20:30,WhatsApp,628234293972,Grup
1777886382412,2026-05-04 09:19:42,WhatsApp,628724522973,Pribadi
1777919406412,2026-05-04 18:30:06,WhatsApp,628162049846,Grup
1777910311412,2026-05-04 15:58:31,WhatsApp,628135534847,Pribadi
1777857286412,2026-05-04 01:14:46,WhatsApp,628616398190,Grup
1777929912412,2026-05-04 21:25:12,WhatsApp,628174805060,Pribadi
1777906694412,2026-05-04 14:58:14,WhatsApp,628191820927,Grup
1777935729412,2026-05-04 23:02:09,WhatsApp,628245195791,Grup
1777915803412,2026-05-04 17:30:03,WhatsApp,628795049060,Pribadi
1777920246412,2026-05-04 18:44:06,WhatsApp,628402139187,Grup
1777919845412,2026-05-04 18:37:25,WhatsApp,628534451857,Grup
1777880295412,2026-05-04 07:38:15,WhatsApp,628435277402,Grup
1777924079412,2026-05-04 19:47:59,WhatsApp,628163582513,Pribadi
1777874743412,2026-05-04 06:05:43,WhatsApp,628991643102,Pribadi
1777931037412,2026-05-04 21:43:57,WhatsApp,628436681008,Pribadi
1777861138412,2026-05-04 02:18:58,WhatsApp,628206655146,Grup
1777899700412,2026-05-04 13:01:40,WhatsApp,628290716686,Grup
1777899202412,2026-05-04 12:53:22,WhatsApp,62862072490,Grup
1777904633412,2026-05-04 14:23:53,WhatsApp,628949189888,Grup
1777855896412,2026-05-04 00:51:36,WhatsApp,628675804043,Pribadi
1777868547412,2026-05-04 04:22:27,WhatsApp,628877384858,Pribadi
1777867579412,2026-05-04 04:06:19,WhatsApp,628543880474,Grup
1777928576412,2026-05-04 21:02:56,WhatsApp,628901843345,Pribadi
1777931148412,2026-05-04 21:45:48,WhatsApp,628705964181,Grup
1777934235412,2026-05-04 22:37:15,WhatsApp,628383781451,Pribadi
1777853775412,2026-05-04 00:16:15,WhatsApp,62893953017,Pribadi
1777935474412,2026-05-04 22:57:54,WhatsApp,628345571649,Grup
1777881988412,2026-05-04 08:06:28,WhatsApp,628396235693,Grup
1777892610412,2026-05-04 11:03:30,WhatsApp,628817331553,Pribadi
1777862180412,2026-05-04 02:36:20,WhatsApp,628362579377,Grup
1777868853412,2026-05-04 04:27:33,WhatsApp,628398086275,Pribadi
1777935029412,2026-05-04 22:50:29,WhatsApp,628945232793,Grup
1777868863412,2026-05-04 04:27:43,WhatsApp,628573170175,Grup
1777897979412,2026-05-04 12:32:59,WhatsApp,628132307820,Grup
1777887239412,2026-05-04 09:33:59,WhatsApp,628312818968,Pribadi
1777937544412,2026-05-04 23:32:24,WhatsApp,628308041798,Grup
1777872500412,2026-05-04 05:28:20,WhatsApp,628490664278,Pribadi
1777884524412,2026-05-04 08:48:44,WhatsApp,628749779895,Grup
1777937963412,2026-05-04 23:39:23,WhatsApp,628572484752,Grup
1777865896412,2026-05-04 03:38:16,WhatsApp,628386071535,Grup
1777858408412,2026-05-04 01:33:28,WhatsApp,628608478593,Grup
1777920823412,2026-05-04 18:53:43,WhatsApp,628820047237,Grup
1777921152412,2026-05-04 18:59:12,WhatsApp,628387184336,Pribadi
1777914414412,2026-05-04 17:06:54,WhatsApp,628135202561,Grup
1777857355412,2026-05-04 01:15:55,WhatsApp,628590783880,Pribadi
1777922450412,2026-05-04 19:20:50,WhatsApp,628818406351,Pribadi
1777865037412,2026-05-04 03:23:57,WhatsApp,628580025949,Pribadi
1777853872412,2026-05-04 00:17:52,WhatsApp,628941471908,Grup
1777926268412,2026-05-04 20:24:28,WhatsApp,628271380196,Pribadi
1777885696412,2026-05-04 09:08:16,WhatsApp,628384154928,Pribadi
1777908520412,2026-05-04 15:28:40,WhatsApp,628540911402,Grup
1777890296412,2026-05-04 10:24:56,WhatsApp,628446328130,Pribadi
1777864763412,2026-05-04 03:19:23,WhatsApp,62871547243,Grup
1777908837412,2026-05-04 15:33:57,WhatsApp,628629246257,Pribadi
1777884417412,2026-05-04 08:46:57,WhatsApp,628443324817,Grup
1777935297412,2026-05-04 22:54:57,WhatsApp,628885516649,Pribadi
1777937711412,2026-05-04 23:35:11,WhatsApp,628343606333,Grup
1777888168412,2026-05-04 09:49:28,WhatsApp,628311004496,Grup
1777889666412,2026-05-04 10:14:26,WhatsApp,628411052122,Pribadi
1777891941412,2026-05-04 10:52:21,WhatsApp,628270963210,Pribadi
1777921026412,2026-05-04 18:57:06,WhatsApp,628103545349,Pribadi
1777894596412,2026-05-04 11:36:36,WhatsApp,628495184026,Pribadi
1777862004412,2026-05-04 02:33:24,WhatsApp,628406578265,Grup
1777902114412,2026-05-04 13:41:54,WhatsApp,628581067686,Grup
1777874098412,2026-05-04 05:54:58,WhatsApp,628313117456,Pribadi
1777868100412,2026-05-04 04:15:00,WhatsApp,628606622645,Pribadi
1777894690412,2026-05-04 11:38:10,WhatsApp,628541741134,Grup
1777914717412,2026-05-04 17:11:57,WhatsApp,628961939894,Grup
1777929687412,2026-05-04 21:21:27,WhatsApp,628891793372,Grup
1777854113412,2026-05-04 00:21:53,WhatsApp,628491602342,Grup
1777893815412,2026-05-04 11:23:35,WhatsApp,628403326414,Grup
1777894704412,2026-05-04 11:38:24,WhatsApp,628777814117,Pribadi
1777912003412,2026-05-04 16:26:43,WhatsApp,628434250879,Grup
1777885373412,2026-05-04 09:02:53,WhatsApp,628375453718,Grup
1777854639412,2026-05-04 00:30:39,WhatsApp,628456943889,Grup
1777911764412,2026-05-04 16:22:44,WhatsApp,628624965166,Grup
1777936031412,2026-05-04 23:07:11,WhatsApp,628651495893,Pribadi
1777867615412,2026-05-04 04:06:55,WhatsApp,628653005656,Pribadi
1777904431412,2026-05-04 14:20:31,WhatsApp,628237818063,Pribadi
1777861759412,2026-05-04 02:29:19,WhatsApp,628833156129,Grup
1777902264412,2026-05-04 13:44:24,WhatsApp,628863688551,Pribadi
1777929879412,2026-05-04 21:24:39,WhatsApp,628192993994,Grup
1777907117412,2026-05-04 15:05:17,WhatsApp,628774485613,Grup
1777937972412,2026-05-04 23:39:32,WhatsApp,628956646653,Grup
1777920497412,2026-05-04 18:48:17,WhatsApp,628434525022,Pribadi
1777897950412,2026-05-04 12:32:30,WhatsApp,628895266022,Grup
1777912192412,2026-05-04 16:29:52,WhatsApp,628927692800,Pribadi
1777888866412,2026-05-04 10:01:06,WhatsApp,628716187715,Pribadi
1777891639412,2026-05-04 10:47:19,WhatsApp,628240387341,Pribadi
1777910337412,2026-05-04 15:58:57,WhatsApp,628506688608,Grup
1777882740412,2026-05-04 08:19:00,WhatsApp,628164182941,Grup
1777920644412,2026-05-04 18:50:44,WhatsApp,628680338925,Grup
1777907915412,2026-05-04 15:18:35,WhatsApp,628229175727,Grup
1777873486412,2026-05-04 05:44:46,WhatsApp,628702625516,Grup
1777904229412,2026-05-04 14:17:09,WhatsApp,628994239519,Pribadi
1777883842412,2026-05-04 08:37:22,WhatsApp,628378342126,Grup
1777914764412,2026-05-04 17:12:44,WhatsApp,628604758509,Pribadi
1777926181412,2026-05-04 20:23:01,WhatsApp,628339206557,Grup
1777903472412,2026-05-04 14:04:32,WhatsApp,628371291336,Grup
1777916689412,2026-05-04 17:44:49,WhatsApp,62814194540,Grup
1777926143412,2026-05-04 20:22:23,WhatsApp,628560597549,Grup
1777887076412,2026-05-04 09:31:16,WhatsApp,628203768852,Grup
1777887225412,2026-05-04 09:33:45,WhatsApp,628152918304,Pribadi
1777939176412,2026-05-04 23:59:36,WhatsApp,628376304052,Grup
1777908789412,2026-05-04 15:33:09,WhatsApp,628352984240,Pribadi
1777875308412,2026-05-04 06:15:08,WhatsApp,628746112818,Grup
1777902955412,2026-05-04 13:55:55,WhatsApp,628427815846,Grup
1777859804412,2026-05-04 01:56:44,WhatsApp,628746563390,Grup
1777870340412,2026-05-04 04:52:20,WhatsApp,628167825986,Pribadi
1777904539412,2026-05-04 14:22:19,WhatsApp,628409506520,Grup
1777895000412,2026-05-04 11:43:20,WhatsApp,628722771107,Grup
1777908618412,2026-05-04 15:30:18,WhatsApp,628299458543,Pribadi
1777858209412,2026-05-04 01:30:09,WhatsApp,628403973421,Grup
1777863056412,2026-05-04 02:50:56,WhatsApp,628770685117,Grup
1777871064412,2026-05-04 05:04:24,WhatsApp,628281390369,Grup
1777933924412,2026-05-04 22:32:04,WhatsApp,628462544942,Pribadi
1777894408412,2026-05-04 11:33:28,WhatsApp,628505311357,Pribadi
1777884053412,2026-05-04 08:40:53,WhatsApp,628239115094,Pribadi
1777938074412,2026-05-04 23:41:14,WhatsApp,628262128325,Grup
1777922931412,2026-05-04 19:28:51,WhatsApp,628389453672,Grup
1777912097412,2026-05-04 16:28:17,WhatsApp,628556108550,Grup
1777934899412,2026-05-04 22:48:19,WhatsApp,628100440675,Pribadi
1777921532412,2026-05-04 19:05:32,WhatsApp,628807617557,Pribadi
1777911936412,2026-05-04 16:25:36,WhatsApp,6285415550,Grup
1777865132412,2026-05-04 03:25:32,WhatsApp,628922459151,Pribadi
1777855468412,2026-05-04 00:44:28,WhatsApp,628930107962,Grup
1777900555412,2026-05-04 13:15:55,WhatsApp,628198924302,Pribadi
1777891975412,2026-05-04 10:52:55,WhatsApp,628557345308,Pribadi
1777912063412,2026-05-04 16:27:43,WhatsApp,628851967612,Pribadi
1777918346412,2026-05-04 18:12:26,WhatsApp,628479569375,Grup
1777908191412,2026-05-04 15:23:11,WhatsApp,628294200021,Grup
1777878413412,2026-05-04 07:06:53,WhatsApp,628146975609,Pribadi
1777899677412,2026-05-04 13:01:17,WhatsApp,628902605708,Grup
1777937299412,2026-05-04 23:28:19,WhatsApp,628906559258,Grup
1777907927412,2026-05-04 15:18:47,WhatsApp,628150446423,Grup
1777854383412,2026-05-04 00:26:23,WhatsApp,628478844169,Pribadi
1777932348412,2026-05-04 22:05:48,WhatsApp,628349227413,Pribadi
1777898472412,2026-05-04 12:41:12,WhatsApp,628799986678,Pribadi
1777926657412,2026-05-04 20:30:57,WhatsApp,628424201389,Grup
1777894210412,2026-05-04 11:30:10,WhatsApp,628686041828,Grup
1777885121412,2026-05-04 08:58:41,WhatsApp,628752750189,Pribadi
1777924445412,2026-05-04 19:54:05,WhatsApp,628476749632,Grup
1777929512412,2026-05-04 21:18:32,WhatsApp,628970121286,Pribadi
1777918623412,2026-05-04 18:17:03,WhatsApp,628408251123,Grup
1777904536412,2026-05-04 14:22:16,WhatsApp,628297125848,Pribadi
1777934333412,2026-05-04 22:38:53,WhatsApp,628756808086,Grup
1777928114412,2026-05-04 20:55:14,WhatsApp,628499152438,Pribadi
1777921819412,2026-05-04 19:10:19,WhatsApp,628498269719,Grup
1777912901412,2026-05-04 16:41:41,WhatsApp,628365629589,Grup
1777881856412,2026-05-04 08:04:16,WhatsApp,628693708249,Pribadi
1777902795412,2026-05-04 13:53:15,WhatsApp,628901024039,Grup
1777858896412,2026-05-04 01:41:36,WhatsApp,628224180219,Pribadi
1777911537412,2026-05-04 16:18:57,WhatsApp,628175528130,Grup
1777934519412,2026-05-04 22:41:59,WhatsApp,628573256997,Pribadi
1777932730412,2026-05-04 22:12:10,WhatsApp,628985132091,Pribadi
1777890085412,2026-05-04 10:21:25,WhatsApp,628678441991,Pribadi
1777900445412,2026-05-04 13:14:05,WhatsApp,628688991602,Grup
1777876974412,2026-05-04 06:42:54,WhatsApp,628678407904,Grup
1777927012412,2026-05-04 20:36:52,WhatsApp,628960216357,Grup
1777870807412,2026-05-04 05:00:07,WhatsApp,628487210751,Pribadi
1777883625412,2026-05-04 08:33:45,WhatsApp,628742053424,Pribadi
1777932971412,2026-05-04 22:16:11,WhatsApp,628453164978,Pribadi
1777923289412,2026-05-04 19:34:49,WhatsApp,628944750146,Grup
1777876629412,2026-05-04 06:37:09,WhatsApp,628200553684,Pribadi
1777897486412,2026-05-04 12:24:46,WhatsApp,628990092112,Grup
1777873534412,2026-05-04 05:45:34,WhatsApp,628690700890,Pribadi
1777904031412,2026-05-04 14:13:51,Discord,user6721,Server
1777897426412,2026-05-04 12:23:46,Discord,user63337,Server
1777927037412,2026-05-04 20:37:17,Discord,user78277,Server
1777881805412,2026-05-04 08:03:25,Discord,user88228,DM
1777910661412,2026-05-04 16:04:21,Discord,user19202,Server
1777893371412,2026-05-04 11:16:11,Discord,user52584,Server
1777877029412,2026-05-04 06:43:49,Discord,user81742,DM
1777879141412,2026-05-04 07:19:01,Discord,user66376,Server
1777895731412,2026-05-04 11:55:31,Discord,user28568,Server
1777859594412,2026-05-04 01:53:14,Discord,user79520,Server
1777867997412,2026-05-04 04:13:17,Discord,user82051,DM
1777918756412,2026-05-04 18:19:16,Discord,user80257,Server
1777914316412,2026-05-04 17:05:16,Discord,user31796,Server
1777929246412,2026-05-04 21:14:06,Discord,user72373,Server
1777898744412,2026-05-04 12:45:44,Discord,user12164,Server
1777920152412,2026-05-04 18:42:32,Discord,user22591,Server
1777894426412,2026-05-04 11:33:46,Discord,user94916,Server
1777913985412,2026-05-04 16:59:45,Discord,user54477,Server
1777909638412,2026-05-04 15:47:18,Discord,user27109,Server
1777859484412,2026-05-04 01:51:24,Discord,user30748,Server
1777872055412,2026-05-04 05:20:55,Discord,user67931,DM
1777901643412,2026-05-04 13:34:03,Discord,user54514,Server
1777860640412,2026-05-04 02:10:40,Discord,user10076,Server
1777878013412,2026-05-04 07:00:13,Discord,user56477,DM
1777897947412,2026-05-04 12:32:27,Discord,user17346,DM
1777867474412,2026-05-04 04:04:34,Discord,user25936,Server
1777930713412,2026-05-04 21:38:33,Discord,user44647,Server
1777908237412,2026-05-04 15:23:57,Discord,user68032,Server
1777922647412,2026-05-04 19:24:07,Discord,user53183,DM
1777922967412,2026-05-04 19:29:27,Discord,user60347,DM
1777857565412,2026-05-04 01:19:25,Discord,user67593,Server
1777885380412,2026-05-04 09:03:00,Discord,user58033,DM
1777884819412,2026-05-04 08:53:39,Discord,user3984,DM
1777906025412,2026-05-04 14:47:05,Discord,user77301,Server
1777939058412,2026-05-04 23:57:38,Discord,user23244,DM
1777883749412,2026-05-04 08:35:49,Discord,user38803,Server
1777854985412,2026-05-04 00:36:25,Discord,user37657,Server
1777914476412,2026-05-04 17:07:56,Discord,user35239,Server
1777891340412,2026-05-04 10:42:20,Discord,user115,Server
1777899718412,2026-05-04 13:01:58,Discord,user78481,Server
1777894964412,2026-05-04 11:42:44,Discord,user49952,Server
1777875892412,2026-05-04 06:24:52,Discord,user34270,DM
1777871572412,2026-05-04 05:12:52,Discord,user17260,Server
1777861815412,2026-05-04 02:30:15,Discord,user18565,DM
1777893363412,2026-05-04 11:16:03,Discord,user80978,DM
1777866140412,2026-05-04 03:42:20,Discord,user73305,DM
1777883864412,2026-05-04 08:37:44,Discord,user14990,DM
1777880021412,2026-05-04 07:33:41,Discord,user36974,Server
1777858473412,2026-05-04 01:34:33,Discord,user21728,Server
1777917956412,2026-05-04 18:05:56,Discord,user81170,DM
1777937681412,2026-05-04 23:34:41,Discord,user70094,Server
1777871408412,2026-05-04 05:10:08,Discord,user98276,Server
1777888452412,2026-05-04 09:54:12,Discord,user85244,Server
1777919258412,2026-05-04 18:27:38,Discord,user80732,Server
1778000934412,2026-05-05 17:08:54,WhatsApp,628312217536,Pribadi
1777948801412,2026-05-05 02:40:01,WhatsApp,628576420927,Grup
1777965045412,2026-05-05 07:10:45,WhatsApp,628450274971,Grup
1777998758412,2026-05-05 16:32:38,WhatsApp,628558301427,Grup
1777963197412,2026-05-05 06:39:57,WhatsApp,628967356042,Grup
1777995973412,2026-05-05 15:46:13,WhatsApp,628557422812,Grup
1777990104412,2026-05-05 14:08:24,WhatsApp,628617523950,Grup
1777970831412,2026-05-05 08:47:11,WhatsApp,628515345328,Pribadi
1777948944412,2026-05-05 02:42:24,WhatsApp,628225078730,Grup
1777997479412,2026-05-05 16:11:19,WhatsApp,628401401461,Grup
1777979893412,2026-05-05 11:18:13,WhatsApp,628846790159,Pribadi
1778011858412,2026-05-05 20:10:58,WhatsApp,628212160557,Grup
1778008711412,2026-05-05 19:18:31,WhatsApp,62810405346,Grup
1777975045412,2026-05-05 09:57:25,WhatsApp,628301845880,Grup
1777986155412,2026-05-05 13:02:35,WhatsApp,628629256820,Grup
1777991239412,2026-05-05 14:27:19,WhatsApp,628338085186,Pribadi
1777991785412,2026-05-05 14:36:25,WhatsApp,628753610573,Pribadi
1777961858412,2026-05-05 06:17:38,WhatsApp,628688992313,Grup
1777961038412,2026-05-05 06:03:58,WhatsApp,628670441756,Pribadi
1777999509412,2026-05-05 16:45:09,WhatsApp,628344195663,Pribadi
1777994048412,2026-05-05 15:14:08,WhatsApp,628763788601,Grup
1777985039412,2026-05-05 12:43:59,WhatsApp,628186582720,Grup
1778006423412,2026-05-05 18:40:23,WhatsApp,628715144732,Pribadi
1778015513412,2026-05-05 21:11:53,WhatsApp,62885038333,Grup
1777969476412,2026-05-05 08:24:36,WhatsApp,628525005282,Grup
1777941348412,2026-05-05 00:35:48,WhatsApp,6283831280,Grup
1777959794412,2026-05-05 05:43:14,WhatsApp,628390950349,Pribadi
1777974345412,2026-05-05 09:45:45,WhatsApp,628677052251,Grup
1777960088412,2026-05-05 05:48:08,WhatsApp,628349335822,Pribadi
1778005092412,2026-05-05 18:18:12,WhatsApp,62828499915,Grup
1777999311412,2026-05-05 16:41:51,WhatsApp,628958641904,Pribadi
1778010787412,2026-05-05 19:53:07,WhatsApp,628916000395,Grup
1777982811412,2026-05-05 12:06:51,WhatsApp,628124486620,Grup
1778014662412,2026-05-05 20:57:42,WhatsApp,628137115815,Pribadi
1778018906412,2026-05-05 22:08:26,WhatsApp,628978274707,Grup
1778018215412,2026-05-05 21:56:55,WhatsApp,62848666523,Grup
1778001038412,2026-05-05 17:10:38,WhatsApp,628183118443,Pribadi
1777981182412,2026-05-05 11:39:42,WhatsApp,628931592787,Grup
1777948228412,2026-05-05 02:30:28,WhatsApp,628281551002,Grup
1778002711412,2026-05-05 17:38:31,WhatsApp,628480386479,Pribadi
1777946666412,2026-05-05 02:04:26,WhatsApp,628795352570,Pribadi
1777959733412,2026-05-05 05:42:13,WhatsApp,628534423579,Pribadi
1777955431412,2026-05-05 04:30:31,WhatsApp,628874011428,Pribadi
1777963766412,2026-05-05 06:49:26,WhatsApp,628313054665,Grup
1778007239412,2026-05-05 18:53:59,WhatsApp,628399250113,Pribadi
1777986590412,2026-05-05 13:09:50,WhatsApp,62849833089,Grup
1777998260412,2026-05-05 16:24:20,WhatsApp,628687335741,Grup
1777970515412,2026-05-05 08:41:55,WhatsApp,62817585893,Grup
1777955352412,2026-05-05 04:29:12,WhatsApp,62835950283,Grup
1777953252412,2026-05-05 03:54:12,WhatsApp,628172183432,Pribadi
1777948584412,2026-05-05 02:36:24,WhatsApp,628567306097,Grup
1777966067412,2026-05-05 07:27:47,WhatsApp,628501938775,Grup
1778008744412,2026-05-05 19:19:04,WhatsApp,628549785617,Grup
1778025542412,2026-05-05 23:59:02,WhatsApp,628421366601,Pribadi
1777964458412,2026-05-05 07:00:58,WhatsApp,628464495769,Pribadi
1778015155412,2026-05-05 21:05:55,WhatsApp,628257104061,Grup
1777969593412,2026-05-05 08:26:33,WhatsApp,628771526823,Pribadi
1777998432412,2026-05-05 16:27:12,WhatsApp,628162570416,Pribadi
1777951873412,2026-05-05 03:31:13,WhatsApp,628713270693,Grup
1777980692412,2026-05-05 11:31:32,WhatsApp,628171555886,Grup
1777990020412,2026-05-05 14:07:00,WhatsApp,628124592049,Grup
1778023625412,2026-05-05 23:27:05,WhatsApp,628358143284,Grup
1777949402412,2026-05-05 02:50:02,WhatsApp,628656707910,Grup
1777984994412,2026-05-05 12:43:14,WhatsApp,628958175033,Grup
1777959794412,2026-05-05 05:43:14,WhatsApp,628716718651,Pribadi
1777963954412,2026-05-05 06:52:34,WhatsApp,628944882609,Grup
1777964880412,2026-05-05 07:08:00,WhatsApp,628510785077,Pribadi
1778003412412,2026-05-05 17:50:12,WhatsApp,628909684998,Pribadi
1777975660412,2026-05-05 10:07:40,WhatsApp,628900549119,Grup
1777952357412,2026-05-05 03:39:17,WhatsApp,628684705978,Grup
1778018590412,2026-05-05 22:03:10,WhatsApp,628315001562,Grup
1778017474412,2026-05-05 21:44:34,WhatsApp,628852683995,Grup
1777996632412,2026-05-05 15:57:12,WhatsApp,628953081551,Pribadi
1777995428412,2026-05-05 15:37:08,WhatsApp,628766664897,Grup
1777987729412,2026-05-05 13:28:49,WhatsApp,628670511990,Pribadi
1777988709412,2026-05-05 13:45:09,WhatsApp,628600764837,Pribadi
1777959268412,2026-05-05 05:34:28,WhatsApp,628695162952,Pribadi
1778017388412,2026-05-05 21:43:08,WhatsApp,628332513724,Pribadi
1777957064412,2026-05-05 04:57:44,WhatsApp,628196936657,Grup
1778021964412,2026-05-05 22:59:24,WhatsApp,628551760874,Pribadi
1777969520412,2026-05-05 08:25:20,WhatsApp,628223986859,Grup
1777999923412,2026-05-05 16:52:03,WhatsApp,628599077357,Grup
1777949696412,2026-05-05 02:54:56,WhatsApp,628692177338,Pribadi
1778003808412,2026-05-05 17:56:48,WhatsApp,628837036423,Grup
1777973500412,2026-05-05 09:31:40,WhatsApp,628751753309,Grup
1777974155412,2026-05-05 09:42:35,WhatsApp,628644317415,Pribadi
1778019428412,2026-05-05 22:17:08,WhatsApp,628897593950,Pribadi
1777945164412,2026-05-05 01:39:24,WhatsApp,628915985601,Grup
1777974842412,2026-05-05 09:54:02,WhatsApp,628983327237,Pribadi
1777989286412,2026-05-05 13:54:46,WhatsApp,628632681619,Grup
1778022192412,2026-05-05 23:03:12,WhatsApp,628487269694,Pribadi
1777975206412,2026-05-05 10:00:06,WhatsApp,628435800940,Pribadi
1778019358412,2026-05-05 22:15:58,WhatsApp,628168316461,Pribadi
1778014835412,2026-05-05 21:00:35,WhatsApp,628698199800,Pribadi
1777942796412,2026-05-05 00:59:56,WhatsApp,628451156583,Pribadi
1778015215412,2026-05-05 21:06:55,WhatsApp,628127325421,Grup
1778002145412,2026-05-05 17:29:05,WhatsApp,628222668890,Pribadi
1778021760412,2026-05-05 22:56:00,WhatsApp,628232786546,Pribadi
1778004677412,2026-05-05 18:11:17,WhatsApp,628118477015,Grup
1777971247412,2026-05-05 08:54:07,WhatsApp,628998209719,Grup
1777972247412,2026-05-05 09:10:47,WhatsApp,628899139230,Grup
1777949268412,2026-05-05 02:47:48,WhatsApp,628530563186,Grup
1777985147412,2026-05-05 12:45:47,WhatsApp,628775956098,Grup
1777952763412,2026-05-05 03:46:03,WhatsApp,628694302151,Pribadi
1778007877412,2026-05-05 19:04:37,WhatsApp,628689899721,Pribadi
1777994399412,2026-05-05 15:19:59,WhatsApp,628659465687,Grup
1777951721412,2026-05-05 03:28:41,WhatsApp,628298976094,Grup
1778021061412,2026-05-05 22:44:21,WhatsApp,628825937206,Grup
1778023133412,2026-05-05 23:18:53,WhatsApp,628627704403,Grup
1778004728412,2026-05-05 18:12:08,WhatsApp,628111886792,Pribadi
1777978036412,2026-05-05 10:47:16,WhatsApp,628985767164,Grup
1777986566412,2026-05-05 13:09:26,WhatsApp,628396060219,Grup
1777954421412,2026-05-05 04:13:41,WhatsApp,628178259404,Grup
1778000010412,2026-05-05 16:53:30,WhatsApp,628898041117,Grup
1777962487412,2026-05-05 06:28:07,WhatsApp,628355384893,Grup
1778001607412,2026-05-05 17:20:07,WhatsApp,628444361709,Pribadi
1777998051412,2026-05-05 16:20:51,WhatsApp,628138779090,Pribadi
1778020743412,2026-05-05 22:39:03,WhatsApp,628671155218,Grup
1777972576412,2026-05-05 09:16:16,WhatsApp,62885109431,Grup
1777964919412,2026-05-05 07:08:39,WhatsApp,628682221227,Grup
1777993724412,2026-05-05 15:08:44,WhatsApp,628657564275,Grup
1777942915412,2026-05-05 01:01:55,WhatsApp,628954438194,Grup
1777982889412,2026-05-05 12:08:09,WhatsApp,628539786437,Grup
1777973908412,2026-05-05 09:38:28,WhatsApp,628562180129,Pribadi
1778005617412,2026-05-05 18:26:57,WhatsApp,628696317297,Grup
1777961038412,2026-05-05 06:03:58,WhatsApp,628501407880,Pribadi
1777967147412,2026-05-05 07:45:47,WhatsApp,628561172218,Grup
1777992148412,2026-05-05 14:42:28,WhatsApp,628765540660,Pribadi
1778017640412,2026-05-05 21:47:20,WhatsApp,628604641038,Pribadi
1777962248412,2026-05-05 06:24:08,WhatsApp,628978383369,Pribadi
1777992391412,2026-05-05 14:46:31,WhatsApp,628444134548,Pribadi
1778003992412,2026-05-05 17:59:52,WhatsApp,62849669901,Grup
1777997498412,2026-05-05 16:11:38,WhatsApp,628982775224,Pribadi
1777955588412,2026-05-05 04:33:08,WhatsApp,62820885509,Grup
1777941786412,2026-05-05 00:43:06,WhatsApp,628725344622,Pribadi
1777950262412,2026-05-05 03:04:22,WhatsApp,628386281449,Grup
1777966574412,2026-05-05 07:36:14,WhatsApp,62862240875,Grup
1778001500412,2026-05-05 17:18:20,WhatsApp,628356958666,Pribadi
1778001456412,2026-05-05 17:17:36,WhatsApp,628588252624,Grup
1778016781412,2026-05-05 21:33:01,WhatsApp,62811377197,Grup
1778023786412,2026-05-05 23:29:46,WhatsApp,628479424390,Grup
1778003330412,2026-05-05 17:48:50,WhatsApp,628157207185,Grup
1777941024412,2026-05-05 00:30:24,WhatsApp,62844299,Grup
1777950391412,2026-05-05 03:06:31,WhatsApp,628952940341,Grup
1778009873412,2026-05-05 19:37:53,WhatsApp,628401049965,Grup
1778003491412,2026-05-05 17:51:31,WhatsApp,628107859687,Pribadi
1778006294412,2026-05-05 18:38:14,WhatsApp,628495982513,Grup
1777991434412,2026-05-05 14:30:34,WhatsApp,628174833698,Grup
1777998098412,2026-05-05 16:21:38,WhatsApp,628497409606,Grup
1778017749412,2026-05-05 21:49:09,WhatsApp,628652515497,Pribadi
1777958110412,2026-05-05 05:15:10,WhatsApp,628118070095,Grup
1778011509412,2026-05-05 20:05:09,WhatsApp,628545824025,Grup
1777977627412,2026-05-05 10:40:27,WhatsApp,628397999908,Pribadi
1778016945412,2026-05-05 21:35:45,WhatsApp,628827549316,Grup
1777958473412,2026-05-05 05:21:13,WhatsApp,628741088761,Grup
1777993209412,2026-05-05 15:00:09,WhatsApp,628754305987,Grup
1778000276412,2026-05-05 16:57:56,WhatsApp,628364254780,Pribadi
1777948091412,2026-05-05 02:28:11,WhatsApp,628452540230,Grup
1778006670412,2026-05-05 18:44:30,WhatsApp,628495389346,Grup
1777958913412,2026-05-05 05:28:33,WhatsApp,628630396163,Grup
1777941203412,2026-05-05 00:33:23,WhatsApp,628133998320,Pribadi
1777977823412,2026-05-05 10:43:43,WhatsApp,628730025548,Pribadi
1777944710412,2026-05-05 01:31:50,WhatsApp,628924486532,Pribadi
1777942369412,2026-05-05 00:52:49,WhatsApp,628247951710,Pribadi
1777994604412,2026-05-05 15:23:24,WhatsApp,628601207069,Grup
1778016379412,2026-05-05 21:26:19,WhatsApp,62891365677,Grup
1778024822412,2026-05-05 23:47:02,WhatsApp,628275782522,Pribadi
1778013301412,2026-05-05 20:35:01,WhatsApp,628883182993,Pribadi
1777967933412,2026-05-05 07:58:53,WhatsApp,628791417534,Pribadi
1777948493412,2026-05-05 02:34:53,WhatsApp,6289230788,Grup
1777978299412,2026-05-05 10:51:39,WhatsApp,628710701834,Pribadi
1778024062412,2026-05-05 23:34:22,WhatsApp,628905117485,Pribadi
1778019629412,2026-05-05 22:20:29,WhatsApp,628635232638,Pribadi
1777997612412,2026-05-05 16:13:32,Discord,user16415,Server
1777944061412,2026-05-05 01:21:01,Discord,user71442,Server
1777949841412,2026-05-05 02:57:21,Discord,user82647,Server
1778020128412,2026-05-05 22:28:48,Discord,user1851,Server
1778014116412,2026-05-05 20:48:36,Discord,user83992,Server
1777959875412,2026-05-05 05:44:35,Discord,user76964,Server
1778005740412,2026-05-05 18:29:00,Discord,user86406,DM
1777990759412,2026-05-05 14:19:19,Discord,user90808,DM
1777956931412,2026-05-05 04:55:31,Discord,user34803,Server
1777942001412,2026-05-05 00:46:41,Discord,user23680,Server
1777955790412,2026-05-05 04:36:30,Discord,user70626,Server
1777940379412,2026-05-05 00:19:39,Discord,user15357,Server
1777943782412,2026-05-05 01:16:22,Discord,user73187,Server
1778022878412,2026-05-05 23:14:38,Discord,user98285,Server
1777946202412,2026-05-05 01:56:42,Discord,user96587,Server
1777968138412,2026-05-05 08:02:18,Discord,user89071,Server
1778020543412,2026-05-05 22:35:43,Discord,user5581,DM
1778025093412,2026-05-05 23:51:33,Discord,user51348,Server
1777947903412,2026-05-05 02:25:03,Discord,user8744,Server
1777946858412,2026-05-05 02:07:38,Discord,user28893,Server
1777965342412,2026-05-05 07:15:42,Discord,user45459,Server
1777965684412,2026-05-05 07:21:24,Discord,user56302,DM
1777991963412,2026-05-05 14:39:23,Discord,user42311,Server
1777945729412,2026-05-05 01:48:49,Discord,user13558,DM
1777976182412,2026-05-05 10:16:22,Discord,user38778,DM
1777970286412,2026-05-05 08:38:06,Discord,user54195,Server
1777986355412,2026-05-05 13:05:55,Discord,user50290,Server
1777946231412,2026-05-05 01:57:11,Discord,user26445,Server
1778025251412,2026-05-05 23:54:11,Discord,user79079,Server
1777998193412,2026-05-05 16:23:13,Discord,user40110,DM
1777958573412,2026-05-05 05:22:53,Discord,user39190,DM
1777942864412,2026-05-05 01:01:04,Discord,user38442,DM
1777983614412,2026-05-05 12:20:14,Discord,user78771,DM
1778013474412,2026-05-05 20:37:54,Discord,user3776,Server
1778004305412,2026-05-05 18:05:05,Discord,user62996,DM
1778007985412,2026-05-05 19:06:25,Discord,user19094,Server
1777941162412,2026-05-05 00:32:42,Discord,user91785,DM
1777987168412,2026-05-05 13:19:28,Discord,user69830,DM
1777945109412,2026-05-05 01:38:29,Discord,user36011,DM
1778024591412,2026-05-05 23:43:11,Discord,user26968,Server
1777957553412,2026-05-05 05:05:53,Discord,user83817,DM
1778020206412,2026-05-05 22:30:06,Discord,user36037,DM
1778008475412,2026-05-05 19:14:35,Discord,user25319,DM
1777984374412,2026-05-05 12:32:54,Discord,user70760,DM
1777968656412,2026-05-05 08:10:56,Discord,user58729,DM
1777950451412,2026-05-05 03:07:31,Discord,user98812,Server
1778004352412,2026-05-05 18:05:52,Discord,user44185,Server
1777990633412,2026-05-05 14:17:13,Discord,user56362,DM
1777983582412,2026-05-05 12:19:42,Discord,user56289,Server
1778023291412,2026-05-05 23:21:31,Discord,user94420,Server
1777958100412,2026-05-05 05:15:00,Discord,user65157,DM
1778024501412,2026-05-05 23:41:41,Discord,user27830,Server
1778016172412,2026-05-05 21:22:52,Discord,user8932,DM
1777972253412,2026-05-05 09:10:53,Discord,user98507,Server
1777980755412,2026-05-05 11:32:35,Discord,user93168,DM
1778005807412,2026-05-05 18:30:07,Discord,user10116,Server
1778012168412,2026-05-05 20:16:08,Discord,user71732,DM
1778026818412,2026-05-06 00:20:18,WhatsApp,628210331337,Pribadi
1778072590412,2026-05-06 13:03:10,WhatsApp,628464385525,Grup
1778104239412,2026-05-06 21:50:39,WhatsApp,628622263315,Pribadi
1778109440412,2026-05-06 23:17:20,WhatsApp,62862673409,Grup
1778084921412,2026-05-06 16:28:41,WhatsApp,62855894102,Pribadi
1778098624412,2026-05-06 20:17:04,WhatsApp,628882021141,Grup
1778076518412,2026-05-06 14:08:38,WhatsApp,628999382614,Grup
1778087859412,2026-05-06 17:17:39,WhatsApp,628556894551,Pribadi
1778083286412,2026-05-06 16:01:26,WhatsApp,628431894830,Grup
1778097853412,2026-05-06 20:04:13,WhatsApp,628835478904,Grup
1778090387412,2026-05-06 17:59:47,WhatsApp,628908970242,Pribadi
1778034558412,2026-05-06 02:29:18,WhatsApp,628870631735,Grup
1778072298412,2026-05-06 12:58:18,WhatsApp,628145561275,Pribadi
1778061550412,2026-05-06 09:59:10,WhatsApp,628865870006,Grup
1778072591412,2026-05-06 13:03:11,WhatsApp,62815421470,Grup
1778049217412,2026-05-06 06:33:37,WhatsApp,6287844349,Grup
1778090737412,2026-05-06 18:05:37,WhatsApp,628295490046,Grup
1778092219412,2026-05-06 18:30:19,WhatsApp,628326959633,Pribadi
1778090215412,2026-05-06 17:56:55,WhatsApp,628195997141,Grup
1778079381412,2026-05-06 14:56:21,WhatsApp,628553411911,Pribadi
1778073060412,2026-05-06 13:11:00,WhatsApp,628945829629,Pribadi
1778039594412,2026-05-06 03:53:14,WhatsApp,628620824747,Grup
1778035867412,2026-05-06 02:51:07,WhatsApp,628425397356,Grup
1778080574412,2026-05-06 15:16:14,WhatsApp,628474684062,Grup
1778089385412,2026-05-06 17:43:05,WhatsApp,628269642064,Grup
1778078089412,2026-05-06 14:34:49,WhatsApp,628736544240,Grup
1778032362412,2026-05-06 01:52:42,WhatsApp,628545184126,Grup
1778111550412,2026-05-06 23:52:30,WhatsApp,628316894707,Grup
1778075620412,2026-05-06 13:53:40,WhatsApp,628840048620,Grup
1778097606412,2026-05-06 20:00:06,WhatsApp,628821804924,Grup
1778109737412,2026-05-06 23:22:17,WhatsApp,628667378923,Grup
1778056943412,2026-05-06 08:42:23,WhatsApp,628356113735,Grup
1778038758412,2026-05-06 03:39:18,WhatsApp,62814393629,Grup
1778091091412,2026-05-06 18:11:31,WhatsApp,628995392555,Grup
1778056536412,2026-05-06 08:35:36,WhatsApp,628996579779,Grup
1778097111412,2026-05-06 19:51:51,WhatsApp,628765962425,Grup
1778071582412,2026-05-06 12:46:22,WhatsApp,628880381489,Grup
1778077411412,2026-05-06 14:23:31,WhatsApp,628664052732,Pribadi
1778091919412,2026-05-06 18:25:19,WhatsApp,628860150203,Grup
1778108265412,2026-05-06 22:57:45,WhatsApp,628993996888,Grup
1778036884412,2026-05-06 03:08:04,WhatsApp,628944813022,Grup
1778055552412,2026-05-06 08:19:12,WhatsApp,628922182683,Grup
1778091536412,2026-05-06 18:18:56,WhatsApp,628773783562,Grup
1778082818412,2026-05-06 15:53:38,WhatsApp,628255227823,Grup
1778038933412,2026-05-06 03:42:13,WhatsApp,62863200846,Pribadi
1778044726412,2026-05-06 05:18:46,WhatsApp,628657967330,Grup
1778088032412,2026-05-06 17:20:32,WhatsApp,628721175561,Pribadi
1778040251412,2026-05-06 04:04:11,WhatsApp,62846881436,Grup
1778083813412,2026-05-06 16:10:13,WhatsApp,628816592322,Pribadi
1778029046412,2026-05-06 00:57:26,WhatsApp,628166710545,Pribadi
1778050567412,2026-05-06 06:56:07,WhatsApp,628683317661,Grup
1778042504412,2026-05-06 04:41:44,WhatsApp,628825927522,Pribadi
1778046155412,2026-05-06 05:42:35,WhatsApp,628821373873,Pribadi
1778111107412,2026-05-06 23:45:07,WhatsApp,628278273618,Pribadi
1778092285412,2026-05-06 18:31:25,WhatsApp,628577631339,Pribadi
1778080360412,2026-05-06 15:12:40,WhatsApp,628357554252,Grup
1778039743412,2026-05-06 03:55:43,WhatsApp,628162755305,Grup
1778058107412,2026-05-06 09:01:47,WhatsApp,628697695634,Pribadi
1778035142412,2026-05-06 02:39:02,WhatsApp,628257008673,Pribadi
1778104401412,2026-05-06 21:53:21,WhatsApp,62885802813,Pribadi
1778099489412,2026-05-06 20:31:29,WhatsApp,62810410874,Grup
1778045886412,2026-05-06 05:38:06,WhatsApp,6286072113,Grup
1778096825412,2026-05-06 19:47:05,WhatsApp,628452162698,Grup
1778060381412,2026-05-06 09:39:41,WhatsApp,628694846688,Grup
1778056400412,2026-05-06 08:33:20,WhatsApp,628603131187,Grup
1778073057412,2026-05-06 13:10:57,WhatsApp,628375796509,Pribadi
1778094253412,2026-05-06 19:04:13,WhatsApp,628124851541,Grup
1778097983412,2026-05-06 20:06:23,WhatsApp,628931252231,Pribadi
1778095304412,2026-05-06 19:21:44,WhatsApp,6282065948,Grup
1778078441412,2026-05-06 14:40:41,WhatsApp,628479871337,Pribadi
1778049488412,2026-05-06 06:38:08,WhatsApp,628787939512,Pribadi
1778081612412,2026-05-06 15:33:32,WhatsApp,628258971821,Grup
1778090100412,2026-05-06 17:55:00,WhatsApp,628418190247,Pribadi
1778056605412,2026-05-06 08:36:45,WhatsApp,628218316993,Pribadi
1778034143412,2026-05-06 02:22:23,WhatsApp,628987521154,Pribadi
1778053867412,2026-05-06 07:51:07,WhatsApp,628989021954,Grup
1778075675412,2026-05-06 13:54:35,WhatsApp,628146620279,Grup
1778036013412,2026-05-06 02:53:33,WhatsApp,628234110321,Pribadi
1778104794412,2026-05-06 21:59:54,WhatsApp,628189235056,Pribadi
1778085235412,2026-05-06 16:33:55,WhatsApp,62894251341,Grup
1778090850412,2026-05-06 18:07:30,WhatsApp,628173978818,Grup
1778105215412,2026-05-06 22:06:55,WhatsApp,628844130148,Grup
1778069180412,2026-05-06 12:06:20,WhatsApp,628631334520,Pribadi
1778074140412,2026-05-06 13:29:00,WhatsApp,628497907319,Pribadi
1778069852412,2026-05-06 12:17:32,WhatsApp,628532195885,Grup
1778064587412,2026-05-06 10:49:47,WhatsApp,628590712551,Pribadi
1778078718412,2026-05-06 14:45:18,WhatsApp,628296707494,Grup
1778075161412,2026-05-06 13:46:01,WhatsApp,628185777556,Pribadi
1778062406412,2026-05-06 10:13:26,WhatsApp,628228981705,Grup
1778072454412,2026-05-06 13:00:54,WhatsApp,628119403434,Grup
1778100452412,2026-05-06 20:47:32,WhatsApp,628326881409,Grup
1778065276412,2026-05-06 11:01:16,WhatsApp,628397342024,Pribadi
1778081082412,2026-05-06 15:24:42,WhatsApp,628544290172,Grup
1778097978412,2026-05-06 20:06:18,WhatsApp,628238205970,Grup
1778109529412,2026-05-06 23:18:49,WhatsApp,628645347303,Grup
1778031343412,2026-05-06 01:35:43,WhatsApp,628599236025,Pribadi
1778087427412,2026-05-06 17:10:27,WhatsApp,62841896095,Grup
1778084230412,2026-05-06 16:17:10,WhatsApp,6287691894,Pribadi
1778073294412,2026-05-06 13:14:54,WhatsApp,628754440790,Pribadi
1778054169412,2026-05-06 07:56:09,WhatsApp,628971717036,Grup
1778106739412,2026-05-06 22:32:19,WhatsApp,628795231249,Grup
1778081297412,2026-05-06 15:28:17,WhatsApp,628293057361,Pribadi
1778094619412,2026-05-06 19:10:19,WhatsApp,62866622019,Pribadi
1778069788412,2026-05-06 12:16:28,WhatsApp,628887526188,Grup
1778059064412,2026-05-06 09:17:44,WhatsApp,628815070971,Grup
1778045109412,2026-05-06 05:25:09,WhatsApp,628794339701,Grup
1778087787412,2026-05-06 17:16:27,WhatsApp,628634681823,Grup
1778046957412,2026-05-06 05:55:57,WhatsApp,628912357669,Grup
1778067793412,2026-05-06 11:43:13,WhatsApp,628397000066,Grup
1778071952412,2026-05-06 12:52:32,WhatsApp,62843431907,Grup
1778109517412,2026-05-06 23:18:37,WhatsApp,628410503132,Pribadi
1778076527412,2026-05-06 14:08:47,WhatsApp,628747250985,Grup
1778061282412,2026-05-06 09:54:42,WhatsApp,62849438790,Pribadi
1778072557412,2026-05-06 13:02:37,WhatsApp,628431673947,Grup
1778079541412,2026-05-06 14:59:01,WhatsApp,62824411067,Grup
1778066805412,2026-05-06 11:26:45,WhatsApp,628632138054,Pribadi
1778072308412,2026-05-06 12:58:28,WhatsApp,628273508719,Grup
1778058283412,2026-05-06 09:04:43,WhatsApp,628140281973,Grup
1778033628412,2026-05-06 02:13:48,WhatsApp,62885766158,Grup
1778074195412,2026-05-06 13:29:55,WhatsApp,628269298911,Grup
1778048198412,2026-05-06 06:16:38,WhatsApp,628691499723,Pribadi
1778057809412,2026-05-06 08:56:49,WhatsApp,628463893749,Grup
1778078369412,2026-05-06 14:39:29,WhatsApp,628839042339,Grup
1778041656412,2026-05-06 04:27:36,WhatsApp,628596832617,Grup
1778109504412,2026-05-06 23:18:24,WhatsApp,628819672349,Grup
1778105598412,2026-05-06 22:13:18,WhatsApp,628202853410,Grup
1778092738412,2026-05-06 18:38:58,WhatsApp,628927466407,Pribadi
1778059318412,2026-05-06 09:21:58,WhatsApp,628729670375,Grup
1778091069412,2026-05-06 18:11:09,WhatsApp,628871090991,Pribadi
1778091809412,2026-05-06 18:23:29,WhatsApp,628593872142,Grup
1778074299412,2026-05-06 13:31:39,WhatsApp,628681584902,Grup
1778041371412,2026-05-06 04:22:51,WhatsApp,628686569699,Pribadi
1778036111412,2026-05-06 02:55:11,WhatsApp,628652329974,Grup
1778037799412,2026-05-06 03:23:19,WhatsApp,628193214053,Grup
1778096632412,2026-05-06 19:43:52,WhatsApp,628301516563,Grup
1778057123412,2026-05-06 08:45:23,WhatsApp,628935003067,Grup
1778048374412,2026-05-06 06:19:34,WhatsApp,628138883342,Pribadi
1778107747412,2026-05-06 22:49:07,WhatsApp,628903661323,Pribadi
1778049010412,2026-05-06 06:30:10,WhatsApp,628980868903,Grup
1778109704412,2026-05-06 23:21:44,WhatsApp,628577420838,Pribadi
1778097384412,2026-05-06 19:56:24,WhatsApp,628117077365,Pribadi
1778103550412,2026-05-06 21:39:10,WhatsApp,628195022914,Grup
1778085147412,2026-05-06 16:32:27,WhatsApp,628130646441,Grup
1778098938412,2026-05-06 20:22:18,WhatsApp,628518256584,Grup
1778040657412,2026-05-06 04:10:57,WhatsApp,628462808304,Grup
1778104871412,2026-05-06 22:01:11,WhatsApp,628335812465,Pribadi
1778042551412,2026-05-06 04:42:31,WhatsApp,628509932795,Pribadi
1778111279412,2026-05-06 23:47:59,WhatsApp,628613317907,Grup
1778108776412,2026-05-06 23:06:16,WhatsApp,628923405480,Pribadi
1778082940412,2026-05-06 15:55:40,WhatsApp,628828149279,Grup
1778095548412,2026-05-06 19:25:48,WhatsApp,628461893511,Pribadi
1778109255412,2026-05-06 23:14:15,WhatsApp,628561245233,Grup
1778043430412,2026-05-06 04:57:10,WhatsApp,628898146002,Grup
1778109201412,2026-05-06 23:13:21,WhatsApp,628207298459,Grup
1778098609412,2026-05-06 20:16:49,WhatsApp,628258437475,Pribadi
1778034347412,2026-05-06 02:25:47,WhatsApp,628142633113,Grup
1778060213412,2026-05-06 09:36:53,WhatsApp,628349801293,Pribadi
1778084200412,2026-05-06 16:16:40,WhatsApp,628907305427,Grup
1778070740412,2026-05-06 12:32:20,WhatsApp,628365241816,Pribadi
1778091601412,2026-05-06 18:20:01,WhatsApp,628662962906,Pribadi
1778030289412,2026-05-06 01:18:09,WhatsApp,628630405960,Grup
1778074727412,2026-05-06 13:38:47,WhatsApp,62877875525,Grup
1778039554412,2026-05-06 03:52:34,WhatsApp,628155338584,Grup
1778109788412,2026-05-06 23:23:08,WhatsApp,628861780511,Pribadi
1778059525412,2026-05-06 09:25:25,WhatsApp,628849296771,Pribadi
1778091334412,2026-05-06 18:15:34,WhatsApp,628676519026,Grup
1778095774412,2026-05-06 19:29:34,WhatsApp,6281621179,Grup
1778096253412,2026-05-06 19:37:33,WhatsApp,628553818372,Grup
1778095837412,2026-05-06 19:30:37,WhatsApp,62875573591,Grup
1778046453412,2026-05-06 05:47:33,WhatsApp,628939219230,Grup
1778075951412,2026-05-06 13:59:11,WhatsApp,628354384185,Grup
1778034790412,2026-05-06 02:33:10,WhatsApp,628606337181,Pribadi
1778108887412,2026-05-06 23:08:07,WhatsApp,628334364445,Pribadi
1778044766412,2026-05-06 05:19:26,WhatsApp,628557670528,Grup
1778071886412,2026-05-06 12:51:26,WhatsApp,628242846050,Pribadi
1778078257412,2026-05-06 14:37:37,WhatsApp,62881121017,Grup
1778029500412,2026-05-06 01:05:00,WhatsApp,628478356171,Pribadi
1778067782412,2026-05-06 11:43:02,WhatsApp,628130247867,Grup
1778101663412,2026-05-06 21:07:43,Discord,user18624,DM
1778098105412,2026-05-06 20:08:25,Discord,user77731,Server
1778079125412,2026-05-06 14:52:05,Discord,user7297,Server
1778045534412,2026-05-06 05:32:14,Discord,user88014,Server
1778045899412,2026-05-06 05:38:19,Discord,user68939,Server
1778065230412,2026-05-06 11:00:30,Discord,user15741,DM
1778038478412,2026-05-06 03:34:38,Discord,user49601,Server
1778059949412,2026-05-06 09:32:29,Discord,user18884,Server
1778053579412,2026-05-06 07:46:19,Discord,user61232,Server
1778035557412,2026-05-06 02:45:57,Discord,user41376,Server
1778034831412,2026-05-06 02:33:51,Discord,user90807,Server
1778049447412,2026-05-06 06:37:27,Discord,user60299,DM
1778110069412,2026-05-06 23:27:49,Discord,user61316,DM
1778108414412,2026-05-06 23:00:14,Discord,user20373,Server
1778032142412,2026-05-06 01:49:02,Discord,user21213,DM
1778028263412,2026-05-06 00:44:23,Discord,user27255,Server
1778074876412,2026-05-06 13:41:16,Discord,user74275,Server
1778079690412,2026-05-06 15:01:30,Discord,user58493,Server
1778083405412,2026-05-06 16:03:25,Discord,user62632,DM
1778035384412,2026-05-06 02:43:04,Discord,user37702,DM
1778098262412,2026-05-06 20:11:02,Discord,user87968,DM
1778088536412,2026-05-06 17:28:56,Discord,user19669,DM
1778104526412,2026-05-06 21:55:26,Discord,user56431,DM
1778080737412,2026-05-06 15:18:57,Discord,user69596,Server
1778062731412,2026-05-06 10:18:51,Discord,user93769,DM
1778063974412,2026-05-06 10:39:34,Discord,user86513,Server
1778093741412,2026-05-06 18:55:41,Discord,user51909,DM
1778105404412,2026-05-06 22:10:04,Discord,user51316,DM
1778062349412,2026-05-06 10:12:29,Discord,user2798,DM
1778064394412,2026-05-06 10:46:34,Discord,user70145,Server
1778074263412,2026-05-06 13:31:03,Discord,user37322,DM
1778032767412,2026-05-06 01:59:27,Discord,user43004,DM
1778060867412,2026-05-06 09:47:47,Discord,user73541,Server
1778066983412,2026-05-06 11:29:43,Discord,user89962,DM
1778047604412,2026-05-06 06:06:44,Discord,user6456,DM
1778094163412,2026-05-06 19:02:43,Discord,user20598,Server
1778108496412,2026-05-06 23:01:36,Discord,user8695,Server
1778071454412,2026-05-06 12:44:14,Discord,user42852,Server
1778065355412,2026-05-06 11:02:35,Discord,user67796,Server
1778071384412,2026-05-06 12:43:04,Discord,user56717,DM
1778028251412,2026-05-06 00:44:11,Discord,user8405,Server
1778035732412,2026-05-06 02:48:52,Discord,user1863,Server
1778066672412,2026-05-06 11:24:32,Discord,user4062,Server
1778077080412,2026-05-06 14:18:00,Discord,user39025,DM
1778047243412,2026-05-06 06:00:43,Discord,user17835,DM
1778072286412,2026-05-06 12:58:06,Discord,user98785,DM
1778038237412,2026-05-06 03:30:37,Discord,user37399,Server
1778059226412,2026-05-06 09:20:26,Discord,user55835,Server
1778029844412,2026-05-06 01:10:44,Discord,user21393,Server
1778081033412,2026-05-06 15:23:53,Discord,user69665,DM
1778064652412,2026-05-06 10:50:52,Discord,user38297,Server
1778077597412,2026-05-06 14:26:37,Discord,user72446,DM
1778090576412,2026-05-06 18:02:56,Discord,user70667,DM
1778031993412,2026-05-06 01:46:33,Discord,user44546,DM
1778045187412,2026-05-06 05:26:27,Discord,user83740,DM
1778083564412,2026-05-06 16:06:04,Discord,user23921,DM
1778072380412,2026-05-06 12:59:40,Discord,user27389,DM
1778048587412,2026-05-06 06:23:07,Discord,user62921,Server
1778087012412,2026-05-06 17:03:32,Discord,user68506,DM
1778170156412,2026-05-07 16:09:16,WhatsApp,628622471244,Grup
1778148255412,2026-05-07 10:04:15,WhatsApp,628323396631,Grup
1778123581412,2026-05-07 03:13:01,WhatsApp,628905633168,Pribadi
1778141728412,2026-05-07 08:15:28,WhatsApp,628546645521,Pribadi
1778149718412,2026-05-07 10:28:38,WhatsApp,628952225353,Grup
1778129530412,2026-05-07 04:52:10,WhatsApp,628396937204,Grup
1778143090412,2026-05-07 08:38:10,WhatsApp,628648474257,Grup
1778112804412,2026-05-07 00:13:24,WhatsApp,628112432200,Grup
1778127802412,2026-05-07 04:23:22,WhatsApp,62880188904,Pribadi
1778141551412,2026-05-07 08:12:31,WhatsApp,628825160530,Grup
1778137424412,2026-05-07 07:03:44,WhatsApp,628801213530,Pribadi
1778117217412,2026-05-07 01:26:57,WhatsApp,628554480476,Pribadi
1778113358412,2026-05-07 00:22:38,WhatsApp,628656079468,Grup
1778138667412,2026-05-07 07:24:27,WhatsApp,628886380152,Pribadi
1778140188412,2026-05-07 07:49:48,WhatsApp,628600440842,Grup
1778123738412,2026-05-07 03:15:38,WhatsApp,628482493652,Grup
1778135374412,2026-05-07 06:29:34,WhatsApp,628438721018,Pribadi
1778158069412,2026-05-07 12:47:49,WhatsApp,628643979549,Grup
1778124497412,2026-05-07 03:28:17,WhatsApp,628662756947,Grup
1778112425412,2026-05-07 00:07:05,WhatsApp,62822339238,Pribadi
1778157857412,2026-05-07 12:44:17,WhatsApp,628977585724,Grup
1778124700412,2026-05-07 03:31:40,WhatsApp,628889732736,Grup
1778144350412,2026-05-07 08:59:10,WhatsApp,628554406772,Grup
1778167158412,2026-05-07 15:19:18,WhatsApp,628441717103,Grup
1778124941412,2026-05-07 03:35:41,WhatsApp,628281797706,Grup
1778195420412,2026-05-07 23:10:20,WhatsApp,628888832708,Grup
1778130996412,2026-05-07 05:16:36,WhatsApp,628196133254,Pribadi
1778192321412,2026-05-07 22:18:41,WhatsApp,628818266536,Pribadi
1778117080412,2026-05-07 01:24:40,WhatsApp,628245524940,Grup
1778194465412,2026-05-07 22:54:25,WhatsApp,628811797756,Grup
1778132535412,2026-05-07 05:42:15,WhatsApp,628222891944,Pribadi
1778173656412,2026-05-07 17:07:36,WhatsApp,628888906839,Grup
1778191302412,2026-05-07 22:01:42,WhatsApp,628628920618,Pribadi
1778152355412,2026-05-07 11:12:35,WhatsApp,628209827633,Grup
1778181836412,2026-05-07 19:23:56,WhatsApp,628516976171,Pribadi
1778169403412,2026-05-07 15:56:43,WhatsApp,62882997593,Grup
1778192695412,2026-05-07 22:24:55,WhatsApp,628222601759,Pribadi
1778121640412,2026-05-07 02:40:40,WhatsApp,628121055453,Pribadi
1778176189412,2026-05-07 17:49:49,WhatsApp,628252123720,Grup
1778192430412,2026-05-07 22:20:30,WhatsApp,628583649518,Pribadi
1778122063412,2026-05-07 02:47:43,WhatsApp,628825324536,Grup
1778164675412,2026-05-07 14:37:55,WhatsApp,628685585762,Grup
1778182599412,2026-05-07 19:36:39,WhatsApp,628284700941,Grup
1778138688412,2026-05-07 07:24:48,WhatsApp,628872302368,Grup
1778135550412,2026-05-07 06:32:30,WhatsApp,628847879870,Grup
1778174470412,2026-05-07 17:21:10,WhatsApp,628111250690,Grup
1778113181412,2026-05-07 00:19:41,WhatsApp,628348151296,Pribadi
1778142144412,2026-05-07 08:22:24,WhatsApp,628391863066,Grup
1778176905412,2026-05-07 18:01:45,WhatsApp,628810213768,Grup
1778188708412,2026-05-07 21:18:28,WhatsApp,628493611014,Pribadi
1778129740412,2026-05-07 04:55:40,WhatsApp,628455443533,Grup
1778173316412,2026-05-07 17:01:56,WhatsApp,628410458030,Pribadi
1778163052412,2026-05-07 14:10:52,WhatsApp,628707111365,Pribadi
1778145348412,2026-05-07 09:15:48,WhatsApp,628630222468,Pribadi
1778123492412,2026-05-07 03:11:32,WhatsApp,628508805527,Pribadi
1778118666412,2026-05-07 01:51:06,WhatsApp,628752466955,Grup
1778173864412,2026-05-07 17:11:04,WhatsApp,628156024595,Pribadi
1778145986412,2026-05-07 09:26:26,WhatsApp,628428249415,Pribadi
1778148963412,2026-05-07 10:16:03,WhatsApp,628669799359,Grup
1778154928412,2026-05-07 11:55:28,WhatsApp,628764081619,Grup
1778195213412,2026-05-07 23:06:53,WhatsApp,628462567673,Grup
1778121934412,2026-05-07 02:45:34,WhatsApp,62847002126,Grup
1778180620412,2026-05-07 19:03:40,WhatsApp,628905998461,Grup
1778116676412,2026-05-07 01:17:56,WhatsApp,62849704617,Grup
1778181819412,2026-05-07 19:23:39,WhatsApp,628559207753,Grup
1778137248412,2026-05-07 07:00:48,WhatsApp,628225699281,Pribadi
1778113012412,2026-05-07 00:16:52,WhatsApp,628729410897,Pribadi
1778189352412,2026-05-07 21:29:12,WhatsApp,62827362918,Grup
1778133071412,2026-05-07 05:51:11,WhatsApp,628874055998,Grup
1778117423412,2026-05-07 01:30:23,WhatsApp,628970171636,Pribadi
1778144517412,2026-05-07 09:01:57,WhatsApp,628724856035,Grup
1778176056412,2026-05-07 17:47:36,WhatsApp,628367054124,Grup
1778148652412,2026-05-07 10:10:52,WhatsApp,628572832459,Grup
1778131256412,2026-05-07 05:20:56,WhatsApp,62828841618,Grup
1778183217412,2026-05-07 19:46:57,WhatsApp,628407063222,Pribadi
1778126193412,2026-05-07 03:56:33,WhatsApp,628372311348,Pribadi
1778120719412,2026-05-07 02:25:19,WhatsApp,628955460433,Grup
1778141950412,2026-05-07 08:19:10,WhatsApp,628958282312,Grup
1778180302412,2026-05-07 18:58:22,WhatsApp,628563150109,Pribadi
1778183302412,2026-05-07 19:48:22,WhatsApp,628321316929,Grup
1778162936412,2026-05-07 14:08:56,WhatsApp,628375802336,Grup
1778176570412,2026-05-07 17:56:10,WhatsApp,628503046386,Pribadi
1778166414412,2026-05-07 15:06:54,WhatsApp,62863221030,Grup
1778175529412,2026-05-07 17:38:49,WhatsApp,628171025288,Grup
1778156653412,2026-05-07 12:24:13,WhatsApp,62836734239,Pribadi
1778135963412,2026-05-07 06:39:23,WhatsApp,628541804423,Pribadi
1778143383412,2026-05-07 08:43:03,WhatsApp,628374399274,Grup
1778142873412,2026-05-07 08:34:33,WhatsApp,628224787557,Pribadi
1778172102412,2026-05-07 16:41:42,WhatsApp,628579390603,Grup
1778175118412,2026-05-07 17:31:58,WhatsApp,628519675010,Grup
1778157424412,2026-05-07 12:37:04,WhatsApp,62875129972,Grup
1778196939412,2026-05-07 23:35:39,WhatsApp,628548275819,Grup
1778186758412,2026-05-07 20:45:58,WhatsApp,628767987538,Pribadi
1778177265412,2026-05-07 18:07:45,WhatsApp,628308747303,Grup
1778168291412,2026-05-07 15:38:11,WhatsApp,628539032271,Grup
1778124020412,2026-05-07 03:20:20,WhatsApp,628441406251,Pribadi
1778140941412,2026-05-07 08:02:21,WhatsApp,628182393452,Grup
1778118268412,2026-05-07 01:44:28,WhatsApp,628735040981,Pribadi
1778123066412,2026-05-07 03:04:26,WhatsApp,628535777446,Pribadi
1778151358412,2026-05-07 10:55:58,WhatsApp,628975403164,Grup
1778169391412,2026-05-07 15:56:31,WhatsApp,628728270247,Grup
1778196098412,2026-05-07 23:21:38,WhatsApp,628435207706,Pribadi
1778179987412,2026-05-07 18:53:07,WhatsApp,628769378762,Pribadi
1778120438412,2026-05-07 02:20:38,WhatsApp,628629764585,Pribadi
1778194911412,2026-05-07 23:01:51,WhatsApp,62810422959,Grup
1778156513412,2026-05-07 12:21:53,WhatsApp,628252812202,Grup
1778167081412,2026-05-07 15:18:01,WhatsApp,628239611947,Grup
1778192996412,2026-05-07 22:29:56,WhatsApp,628620107768,Grup
1778137533412,2026-05-07 07:05:33,WhatsApp,628434873724,Grup
1778167969412,2026-05-07 15:32:49,WhatsApp,628234432445,Grup
1778157693412,2026-05-07 12:41:33,WhatsApp,628784787509,Grup
1778130343412,2026-05-07 05:05:43,WhatsApp,628735075001,Pribadi
1778190971412,2026-05-07 21:56:11,WhatsApp,628946618043,Grup
1778145437412,2026-05-07 09:17:17,WhatsApp,628451097953,Grup
1778139014412,2026-05-07 07:30:14,WhatsApp,628381999705,Grup
1778124755412,2026-05-07 03:32:35,WhatsApp,628680136663,Grup
1778121392412,2026-05-07 02:36:32,WhatsApp,628523498734,Grup
1778135301412,2026-05-07 06:28:21,WhatsApp,628871632483,Grup
1778154991412,2026-05-07 11:56:31,WhatsApp,62819088959,Pribadi
1778179089412,2026-05-07 18:38:09,WhatsApp,62871363954,Pribadi
1778175559412,2026-05-07 17:39:19,WhatsApp,628874763661,Grup
1778164720412,2026-05-07 14:38:40,WhatsApp,62836142951,Grup
1778145903412,2026-05-07 09:25:03,WhatsApp,628409594467,Pribadi
1778162358412,2026-05-07 13:59:18,WhatsApp,628805480678,Pribadi
1778154258412,2026-05-07 11:44:18,WhatsApp,628696100639,Grup
1778150639412,2026-05-07 10:43:59,WhatsApp,628811393591,Grup
1778176993412,2026-05-07 18:03:13,WhatsApp,628356701196,Grup
1778134764412,2026-05-07 06:19:24,WhatsApp,628454935709,Pribadi
1778131988412,2026-05-07 05:33:08,WhatsApp,628548822576,Grup
1778152304412,2026-05-07 11:11:44,WhatsApp,628561544040,Grup
1778163080412,2026-05-07 14:11:20,WhatsApp,628162854035,Grup
1778176267412,2026-05-07 17:51:07,WhatsApp,628956600249,Pribadi
1778162504412,2026-05-07 14:01:44,WhatsApp,628607342904,Grup
1778147342412,2026-05-07 09:49:02,WhatsApp,628200111244,Grup
1778133987412,2026-05-07 06:06:27,WhatsApp,628222554815,Pribadi
1778147183412,2026-05-07 09:46:23,WhatsApp,628722434790,Grup
1778180159412,2026-05-07 18:55:59,WhatsApp,628683381810,Pribadi
1778136031412,2026-05-07 06:40:31,WhatsApp,628182163199,Pribadi
1778191205412,2026-05-07 22:00:05,WhatsApp,628451424158,Pribadi
1778119962412,2026-05-07 02:12:42,WhatsApp,628488612487,Pribadi
1778126175412,2026-05-07 03:56:15,WhatsApp,628406556863,Pribadi
1778143612412,2026-05-07 08:46:52,WhatsApp,628465727746,Grup
1778179887412,2026-05-07 18:51:27,WhatsApp,62859863342,Grup
1778146181412,2026-05-07 09:29:41,WhatsApp,628496702476,Grup
1778174879412,2026-05-07 17:27:59,WhatsApp,628604708102,Pribadi
1778121164412,2026-05-07 02:32:44,WhatsApp,6282455258,Grup
1778165800412,2026-05-07 14:56:40,WhatsApp,628411655237,Grup
1778130086412,2026-05-07 05:01:26,WhatsApp,628153611835,Pribadi
1778149689412,2026-05-07 10:28:09,WhatsApp,628327081469,Pribadi
1778173678412,2026-05-07 17:07:58,WhatsApp,628980215728,Grup
1778117219412,2026-05-07 01:26:59,WhatsApp,628611090152,Grup
1778139581412,2026-05-07 07:39:41,WhatsApp,628967245231,Pribadi
1778150772412,2026-05-07 10:46:12,WhatsApp,628267983782,Grup
1778144463412,2026-05-07 09:01:03,WhatsApp,628248262903,Pribadi
1778124577412,2026-05-07 03:29:37,WhatsApp,628491925538,Pribadi
1778139732412,2026-05-07 07:42:12,WhatsApp,62856087681,Grup
1778134580412,2026-05-07 06:16:20,WhatsApp,628587338252,Grup
1778156327412,2026-05-07 12:18:47,WhatsApp,628914175285,Pribadi
1778123772412,2026-05-07 03:16:12,WhatsApp,628274725112,Pribadi
1778130611412,2026-05-07 05:10:11,WhatsApp,628719611420,Grup
1778132950412,2026-05-07 05:49:10,WhatsApp,628813511360,Grup
1778181659412,2026-05-07 19:20:59,WhatsApp,628378397919,Pribadi
1778122271412,2026-05-07 02:51:11,WhatsApp,628459734562,Pribadi
1778137943412,2026-05-07 07:12:23,WhatsApp,628783281495,Grup
1778182430412,2026-05-07 19:33:50,WhatsApp,6283752913,Pribadi
1778166933412,2026-05-07 15:15:33,WhatsApp,628891515909,Pribadi
1778187450412,2026-05-07 20:57:30,WhatsApp,628885843439,Pribadi
1778191033412,2026-05-07 21:57:13,WhatsApp,628961600135,Pribadi
1778196884412,2026-05-07 23:34:44,WhatsApp,628212754922,Pribadi
1778193250412,2026-05-07 22:34:10,WhatsApp,628887340707,Grup
1778178372412,2026-05-07 18:26:12,WhatsApp,628386837554,Grup
1778121873412,2026-05-07 02:44:33,WhatsApp,62817594790,Pribadi
1778165262412,2026-05-07 14:47:42,WhatsApp,628456691240,Pribadi
1778123393412,2026-05-07 03:09:53,WhatsApp,6288164620,Pribadi
1778126801412,2026-05-07 04:06:41,WhatsApp,628568674501,Pribadi
1778181374412,2026-05-07 19:16:14,Discord,user90900,DM
1778172575412,2026-05-07 16:49:35,Discord,user83873,Server
1778184646412,2026-05-07 20:10:46,Discord,user68366,Server
1778155283412,2026-05-07 12:01:23,Discord,user46209,Server
1778189921412,2026-05-07 21:38:41,Discord,user28502,Server
1778187953412,2026-05-07 21:05:53,Discord,user60144,Server
1778177561412,2026-05-07 18:12:41,Discord,user11447,Server
1778197564412,2026-05-07 23:46:04,Discord,user31617,Server
1778184547412,2026-05-07 20:09:07,Discord,user30393,Server
1778113917412,2026-05-07 00:31:57,Discord,user30782,DM
1778132966412,2026-05-07 05:49:26,Discord,user47205,Server
1778116341412,2026-05-07 01:12:21,Discord,user79033,Server
1778176940412,2026-05-07 18:02:20,Discord,user72594,DM
1778167762412,2026-05-07 15:29:22,Discord,user40059,Server
1778139795412,2026-05-07 07:43:15,Discord,user5985,Server
1778134639412,2026-05-07 06:17:19,Discord,user86973,Server
1778185460412,2026-05-07 20:24:20,Discord,user67467,Server
1778139991412,2026-05-07 07:46:31,Discord,user56012,Server
1778144655412,2026-05-07 09:04:15,Discord,user54123,Server
1778165839412,2026-05-07 14:57:19,Discord,user24965,Server
1778117478412,2026-05-07 01:31:18,Discord,user7456,DM
1778142227412,2026-05-07 08:23:47,Discord,user65911,Server
1778113515412,2026-05-07 00:25:15,Discord,user63462,Server
1778120484412,2026-05-07 02:21:24,Discord,user63808,Server
1778189800412,2026-05-07 21:36:40,Discord,user42555,DM
1778142407412,2026-05-07 08:26:47,Discord,user74869,Server
1778143499412,2026-05-07 08:44:59,Discord,user46898,Server
1778187778412,2026-05-07 21:02:58,Discord,user4834,Server
1778123476412,2026-05-07 03:11:16,Discord,user3041,DM
1778182833412,2026-05-07 19:40:33,Discord,user23725,Server
1778184001412,2026-05-07 20:00:01,Discord,user17683,DM
1778165748412,2026-05-07 14:55:48,Discord,user19517,DM
1778122174412,2026-05-07 02:49:34,Discord,user98498,DM
1778120703412,2026-05-07 02:25:03,Discord,user96693,Server
1778134173412,2026-05-07 06:09:33,Discord,user24800,DM
1778183166412,2026-05-07 19:46:06,Discord,user37090,Server
1778164866412,2026-05-07 14:41:06,Discord,user35207,Server
1778148835412,2026-05-07 10:13:55,Discord,user98507,Server
1778164095412,2026-05-07 14:28:15,Discord,user45209,DM
1778169845412,2026-05-07 16:04:05,Discord,user93093,Server
1778147508412,2026-05-07 09:51:48,Discord,user35237,DM
1778151516412,2026-05-07 10:58:36,Discord,user58599,Server
1778183859412,2026-05-07 19:57:39,Discord,user90964,Server
1778145749412,2026-05-07 09:22:29,Discord,user4687,DM
1778174231412,2026-05-07 17:17:11,Discord,user40082,Server
1778139854412,2026-05-07 07:44:14,Discord,user5553,DM
1778129353412,2026-05-07 04:49:13,Discord,user22616,Server
1778183334412,2026-05-07 19:48:54,Discord,user26294,DM
1778161769412,2026-05-07 13:49:29,Discord,user32310,DM
1778168719412,2026-05-07 15:45:19,Discord,user42695,Server
1778170851412,2026-05-07 16:20:51,Discord,user75246,Server
1778121199412,2026-05-07 02:33:19,Discord,user50818,Server
1778139246412,2026-05-07 07:34:06,Discord,user10455,Server
1778176408412,2026-05-07 17:53:28,Discord,user2105,DM
1778143615412,2026-05-07 08:46:55,Discord,user15393,Server
1778181158412,2026-05-07 19:12:38,Discord,user34331,DM
1778133722412,2026-05-07 06:02:02,Discord,user2203,Server
1778243656412,2026-05-08 12:34:16,WhatsApp,628977150727,Grup
1778201110412,2026-05-08 00:45:10,WhatsApp,628921697628,Grup
1778255071412,2026-05-08 15:44:31,WhatsApp,62813453405,Grup
1778237551412,2026-05-08 10:52:31,WhatsApp,628763290018,Grup
1778250338412,2026-05-08 14:25:38,WhatsApp,628124481696,Grup
1778219662412,2026-05-08 05:54:22,WhatsApp,628845165673,Pribadi
1778238958412,2026-05-08 11:15:58,WhatsApp,628829681324,Pribadi
1778246962412,2026-05-08 13:29:22,WhatsApp,628271668912,Pribadi
1778240244412,2026-05-08 11:37:24,WhatsApp,628291155177,Grup
1778231570412,2026-05-08 09:12:50,WhatsApp,628536537133,Grup
1778256342412,2026-05-08 16:05:42,WhatsApp,628972360158,Grup
1778264135412,2026-05-08 18:15:35,WhatsApp,628396765447,Pribadi
1778281198412,2026-05-08 22:59:58,WhatsApp,628172229574,Grup
1778250333412,2026-05-08 14:25:33,WhatsApp,628667731102,Pribadi
1778280404412,2026-05-08 22:46:44,WhatsApp,628404719103,Pribadi
1778248733412,2026-05-08 13:58:53,WhatsApp,628493401819,Grup
1778247566412,2026-05-08 13:39:26,WhatsApp,62871175898,Grup
1778215965412,2026-05-08 04:52:45,WhatsApp,628115893911,Pribadi
1778271496412,2026-05-08 20:18:16,WhatsApp,628954547778,Grup
1778261419412,2026-05-08 17:30:19,WhatsApp,628523904667,Pribadi
1778242494412,2026-05-08 12:14:54,WhatsApp,628158450496,Grup
1778232272412,2026-05-08 09:24:32,WhatsApp,628657482646,Pribadi
1778282338412,2026-05-08 23:18:58,WhatsApp,628436932818,Grup
1778257405412,2026-05-08 16:23:25,WhatsApp,628504343550,Grup
1778225044412,2026-05-08 07:24:04,WhatsApp,628280515675,Pribadi
1778222669412,2026-05-08 06:44:29,WhatsApp,628381988986,Grup
1778230511412,2026-05-08 08:55:11,WhatsApp,628881376000,Pribadi
1778275553412,2026-05-08 21:25:53,WhatsApp,628970669087,Pribadi
1778255020412,2026-05-08 15:43:40,WhatsApp,628962463365,Grup
1778267330412,2026-05-08 19:08:50,WhatsApp,628722176368,Pribadi
1778233946412,2026-05-08 09:52:26,WhatsApp,628316865459,Pribadi
1778228236412,2026-05-08 08:17:16,WhatsApp,62862764307,Grup
1778218559412,2026-05-08 05:35:59,WhatsApp,628615679310,Pribadi
1778203763412,2026-05-08 01:29:23,WhatsApp,628576734943,Grup
1778240804412,2026-05-08 11:46:44,WhatsApp,628972835559,Grup
1778204414412,2026-05-08 01:40:14,WhatsApp,628182455035,Grup
1778198776412,2026-05-08 00:06:16,WhatsApp,62875536240,Grup
1778254956412,2026-05-08 15:42:36,WhatsApp,628275475282,Grup
1778211313412,2026-05-08 03:35:13,WhatsApp,628314092228,Grup
1778253941412,2026-05-08 15:25:41,WhatsApp,628626210780,Grup
1778220797412,2026-05-08 06:13:17,WhatsApp,628384830764,Pribadi
1778199170412,2026-05-08 00:12:50,WhatsApp,628812109236,Pribadi
1778243679412,2026-05-08 12:34:39,WhatsApp,628945701660,Grup
1778231760412,2026-05-08 09:16:00,WhatsApp,628271282109,Pribadi
1778247429412,2026-05-08 13:37:09,WhatsApp,62897410684,Pribadi
1778256026412,2026-05-08 16:00:26,WhatsApp,628580722488,Grup
1778272899412,2026-05-08 20:41:39,WhatsApp,628640077260,Pribadi
1778221578412,2026-05-08 06:26:18,WhatsApp,628770598848,Pribadi
1778269884412,2026-05-08 19:51:24,WhatsApp,628950500833,Grup
1778274694412,2026-05-08 21:11:34,WhatsApp,628168247646,Pribadi
1778222446412,2026-05-08 06:40:46,WhatsApp,628439576628,Grup
1778253665412,2026-05-08 15:21:05,WhatsApp,628906854966,Pribadi
1778236535412,2026-05-08 10:35:35,WhatsApp,628604593666,Pribadi
1778279299412,2026-05-08 22:28:19,WhatsApp,628857606236,Pribadi
1778253356412,2026-05-08 15:15:56,WhatsApp,628610437205,Pribadi
1778262485412,2026-05-08 17:48:05,WhatsApp,628863798014,Pribadi
1778220809412,2026-05-08 06:13:29,WhatsApp,628928910599,Grup
1778227121412,2026-05-08 07:58:41,WhatsApp,628901654154,Pribadi
1778217184412,2026-05-08 05:13:04,WhatsApp,628986103736,Pribadi
1778207865412,2026-05-08 02:37:45,WhatsApp,628628556361,Grup
1778202425412,2026-05-08 01:07:05,WhatsApp,628474576161,Pribadi
1778278504412,2026-05-08 22:15:04,WhatsApp,628719337837,Grup
1778227777412,2026-05-08 08:09:37,WhatsApp,628673440010,Pribadi
1778284606412,2026-05-08 23:56:46,WhatsApp,628299113020,Grup
1778205034412,2026-05-08 01:50:34,WhatsApp,628917061838,Pribadi
1778257970412,2026-05-08 16:32:50,WhatsApp,628656756151,Grup
1778271094412,2026-05-08 20:11:34,WhatsApp,628301371628,Grup
1778224148412,2026-05-08 07:09:08,WhatsApp,628966959303,Pribadi
1778261338412,2026-05-08 17:28:58,WhatsApp,62862678707,Grup
1778212024412,2026-05-08 03:47:04,WhatsApp,628428697611,Pribadi
1778270108412,2026-05-08 19:55:08,WhatsApp,6289727179,Pribadi
1778216797412,2026-05-08 05:06:37,WhatsApp,62845340545,Grup
1778207527412,2026-05-08 02:32:07,WhatsApp,628415422328,Grup
1778251598412,2026-05-08 14:46:38,WhatsApp,628960804404,Grup
1778260619412,2026-05-08 17:16:59,WhatsApp,628170170179,Pribadi
1778263803412,2026-05-08 18:10:03,WhatsApp,628311836578,Grup
1778219873412,2026-05-08 05:57:53,WhatsApp,628918877764,Pribadi
1778245838412,2026-05-08 13:10:38,WhatsApp,628385857532,Pribadi
1778253724412,2026-05-08 15:22:04,WhatsApp,628651154422,Grup
1778281043412,2026-05-08 22:57:23,WhatsApp,628853446918,Pribadi
1778257339412,2026-05-08 16:22:19,WhatsApp,628732120458,Pribadi
1778200695412,2026-05-08 00:38:15,WhatsApp,62817074720,Grup
1778238779412,2026-05-08 11:12:59,WhatsApp,628384414131,Grup
1778257355412,2026-05-08 16:22:35,WhatsApp,628281386994,Grup
1778273990412,2026-05-08 20:59:50,WhatsApp,6287320652,Grup
1778273194412,2026-05-08 20:46:34,WhatsApp,628208424161,Pribadi
1778248198412,2026-05-08 13:49:58,WhatsApp,62872827413,Grup
1778281228412,2026-05-08 23:00:28,WhatsApp,62836908827,Grup
1778280705412,2026-05-08 22:51:45,WhatsApp,628762322359,Grup
1778267476412,2026-05-08 19:11:16,WhatsApp,62884887983,Pribadi
1778259124412,2026-05-08 16:52:04,WhatsApp,628381595994,Pribadi
1778273120412,2026-05-08 20:45:20,WhatsApp,628570759708,Grup
1778264577412,2026-05-08 18:22:57,WhatsApp,628895421967,Grup
1778201212412,2026-05-08 00:46:52,WhatsApp,628696852541,Grup
1778228581412,2026-05-08 08:23:01,WhatsApp,628634691842,Pribadi
1778235507412,2026-05-08 10:18:27,WhatsApp,628632695660,Pribadi
1778199829412,2026-05-08 00:23:49,WhatsApp,628209480764,Grup
1778227939412,2026-05-08 08:12:19,WhatsApp,628120336423,Pribadi
1778254966412,2026-05-08 15:42:46,WhatsApp,628393687220,Grup
1778215375412,2026-05-08 04:42:55,WhatsApp,628947023098,Grup
1778275730412,2026-05-08 21:28:50,WhatsApp,628135006864,Pribadi
1778238312412,2026-05-08 11:05:12,WhatsApp,628359089170,Pribadi
1778198489412,2026-05-08 00:01:29,WhatsApp,628357421472,Grup
1778243335412,2026-05-08 12:28:55,WhatsApp,628362921415,Grup
1778217105412,2026-05-08 05:11:45,WhatsApp,628484406995,Grup
1778208990412,2026-05-08 02:56:30,WhatsApp,628616228336,Grup
1778254372412,2026-05-08 15:32:52,WhatsApp,628518781008,Grup
1778215995412,2026-05-08 04:53:15,WhatsApp,628639497691,Pribadi
1778230907412,2026-05-08 09:01:47,WhatsApp,628293192213,Pribadi
1778221103412,2026-05-08 06:18:23,WhatsApp,628826305713,Pribadi
1778245649412,2026-05-08 13:07:29,WhatsApp,62827480426,Grup
1778215476412,2026-05-08 04:44:36,WhatsApp,628419749714,Pribadi
1778245199412,2026-05-08 12:59:59,WhatsApp,628130727289,Pribadi
1778218904412,2026-05-08 05:41:44,WhatsApp,6282648561,Pribadi
1778250811412,2026-05-08 14:33:31,WhatsApp,628943119947,Grup
1778265776412,2026-05-08 18:42:56,WhatsApp,62820867223,Pribadi
1778258200412,2026-05-08 16:36:40,WhatsApp,628299239095,Grup
1778224976412,2026-05-08 07:22:56,WhatsApp,628698191493,Grup
1778263510412,2026-05-08 18:05:10,WhatsApp,628216086612,Grup
1778269611412,2026-05-08 19:46:51,WhatsApp,628393522875,Grup
1778252661412,2026-05-08 15:04:21,WhatsApp,628348524658,Grup
1778241645412,2026-05-08 12:00:45,WhatsApp,628802706263,Pribadi
1778241948412,2026-05-08 12:05:48,WhatsApp,628356975548,Pribadi
1778210989412,2026-05-08 03:29:49,WhatsApp,628953386915,Pribadi
1778277419412,2026-05-08 21:56:59,WhatsApp,628687983605,Grup
1778232749412,2026-05-08 09:32:29,WhatsApp,628475809850,Pribadi
1778207502412,2026-05-08 02:31:42,WhatsApp,628524632079,Grup
1778206627412,2026-05-08 02:17:07,WhatsApp,62843901133,Grup
1778259695412,2026-05-08 17:01:35,WhatsApp,628859135623,Grup
1778227246412,2026-05-08 08:00:46,WhatsApp,628325293150,Pribadi
1778221855412,2026-05-08 06:30:55,WhatsApp,628703485616,Pribadi
1778206720412,2026-05-08 02:18:40,WhatsApp,628325098407,Grup
1778245787412,2026-05-08 13:09:47,WhatsApp,628756451311,Grup
1778277025412,2026-05-08 21:50:25,WhatsApp,628900249769,Grup
1778276777412,2026-05-08 21:46:17,WhatsApp,628822146696,Grup
1778245938412,2026-05-08 13:12:18,WhatsApp,628864782588,Grup
1778273516412,2026-05-08 20:51:56,WhatsApp,62873472678,Pribadi
1778229651412,2026-05-08 08:40:51,WhatsApp,628424622088,Grup
1778245865412,2026-05-08 13:11:05,WhatsApp,628453918907,Grup
1778207420412,2026-05-08 02:30:20,WhatsApp,628876525766,Grup
1778246316412,2026-05-08 13:18:36,WhatsApp,628698770342,Pribadi
1778268370412,2026-05-08 19:26:10,WhatsApp,628321709887,Pribadi
1778278690412,2026-05-08 22:18:10,WhatsApp,628887159409,Pribadi
1778266182412,2026-05-08 18:49:42,WhatsApp,6288123500,Grup
1778203332412,2026-05-08 01:22:12,WhatsApp,628338280400,Grup
1778226448412,2026-05-08 07:47:28,WhatsApp,628145851452,Grup
1778265253412,2026-05-08 18:34:13,WhatsApp,628154874020,Grup
1778239594412,2026-05-08 11:26:34,WhatsApp,62835372877,Grup
1778277675412,2026-05-08 22:01:15,WhatsApp,628381617104,Grup
1778261553412,2026-05-08 17:32:33,WhatsApp,628541551682,Grup
1778281183412,2026-05-08 22:59:43,WhatsApp,628316665797,Grup
1778236536412,2026-05-08 10:35:36,WhatsApp,628479537315,Grup
1778227593412,2026-05-08 08:06:33,WhatsApp,628170198483,Grup
1778224922412,2026-05-08 07:22:02,WhatsApp,628513082355,Pribadi
1778237685412,2026-05-08 10:54:45,WhatsApp,628349973618,Grup
1778252937412,2026-05-08 15:08:57,WhatsApp,628615464686,Grup
1778238449412,2026-05-08 11:07:29,WhatsApp,628266851476,Pribadi
1778260869412,2026-05-08 17:21:09,WhatsApp,628724509745,Grup
1778203239412,2026-05-08 01:20:39,WhatsApp,628860637761,Grup
1778254384412,2026-05-08 15:33:04,WhatsApp,628785170941,Grup
1778236600412,2026-05-08 10:36:40,WhatsApp,628117811502,Pribadi
1778208342412,2026-05-08 02:45:42,WhatsApp,628167971672,Pribadi
1778260195412,2026-05-08 17:09:55,WhatsApp,628608377360,Pribadi
1778269526412,2026-05-08 19:45:26,WhatsApp,62834938967,Pribadi
1778213373412,2026-05-08 04:09:33,WhatsApp,628783919079,Grup
1778280638412,2026-05-08 22:50:38,WhatsApp,628233088035,Grup
1778257274412,2026-05-08 16:21:14,WhatsApp,628978157709,Pribadi
1778248895412,2026-05-08 14:01:35,WhatsApp,628802849668,Grup
1778267585412,2026-05-08 19:13:05,WhatsApp,628677685393,Grup
1778246505412,2026-05-08 13:21:45,WhatsApp,628616835077,Grup
1778242466412,2026-05-08 12:14:26,WhatsApp,628564823550,Grup
1778262634412,2026-05-08 17:50:34,WhatsApp,628501742097,Grup
1778235675412,2026-05-08 10:21:15,WhatsApp,628941076651,Grup
1778214358412,2026-05-08 04:25:58,WhatsApp,628661683333,Pribadi
1778267616412,2026-05-08 19:13:36,WhatsApp,628637905906,Grup
1778277682412,2026-05-08 22:01:22,WhatsApp,628372542485,Grup
1778277158412,2026-05-08 21:52:38,WhatsApp,628455811306,Grup
1778266342412,2026-05-08 18:52:22,WhatsApp,628327183326,Grup
1778270149412,2026-05-08 19:55:49,Discord,user78103,Server
1778237296412,2026-05-08 10:48:16,Discord,user21830,DM
1778202658412,2026-05-08 01:10:58,Discord,user22815,Server
1778229131412,2026-05-08 08:32:11,Discord,user91191,Server
1778210584412,2026-05-08 03:23:04,Discord,user32821,DM
1778248079412,2026-05-08 13:47:59,Discord,user55193,DM
1778273367412,2026-05-08 20:49:27,Discord,user29938,Server
1778207250412,2026-05-08 02:27:30,Discord,user25751,DM
1778200526412,2026-05-08 00:35:26,Discord,user23381,DM
1778239349412,2026-05-08 11:22:29,Discord,user35827,Server
1778275078412,2026-05-08 21:17:58,Discord,user54221,DM
1778205298412,2026-05-08 01:54:58,Discord,user6083,Server
1778276657412,2026-05-08 21:44:17,Discord,user40103,Server
1778219848412,2026-05-08 05:57:28,Discord,user62705,Server
1778203733412,2026-05-08 01:28:53,Discord,user3673,Server
1778243252412,2026-05-08 12:27:32,Discord,user13035,DM
1778239723412,2026-05-08 11:28:43,Discord,user43479,DM
1778221238412,2026-05-08 06:20:38,Discord,user89276,Server
1778239753412,2026-05-08 11:29:13,Discord,user28031,DM
1778244284412,2026-05-08 12:44:44,Discord,user69472,Server
1778204250412,2026-05-08 01:37:30,Discord,user76001,DM
1778223164412,2026-05-08 06:52:44,Discord,user51482,DM
1778231634412,2026-05-08 09:13:54,Discord,user59768,Server
1778201218412,2026-05-08 00:46:58,Discord,user3235,Server
1778266770412,2026-05-08 18:59:30,Discord,user97855,Server
1778204411412,2026-05-08 01:40:11,Discord,user93990,DM
1778265357412,2026-05-08 18:35:57,Discord,user60666,DM
1778205796412,2026-05-08 02:03:16,Discord,user99997,Server
1778270703412,2026-05-08 20:05:03,Discord,user75957,Server
1778237099412,2026-05-08 10:44:59,Discord,user30127,DM
1778270020412,2026-05-08 19:53:40,Discord,user91690,Server
1778222901412,2026-05-08 06:48:21,Discord,user24995,Server
1778230948412,2026-05-08 09:02:28,Discord,user32255,Server
1778223605412,2026-05-08 07:00:05,Discord,user9766,Server
1778198734412,2026-05-08 00:05:34,Discord,user99828,DM
1778248412412,2026-05-08 13:53:32,Discord,user600,Server
1778240322412,2026-05-08 11:38:42,Discord,user75702,Server
1778233528412,2026-05-08 09:45:28,Discord,user65600,DM
1778220598412,2026-05-08 06:09:58,Discord,user68388,DM
1778276076412,2026-05-08 21:34:36,Discord,user20613,DM
1778233835412,2026-05-08 09:50:35,Discord,user334,Server
1778250296412,2026-05-08 14:24:56,Discord,user46027,DM
1778247874412,2026-05-08 13:44:34,Discord,user82668,DM
1778238907412,2026-05-08 11:15:07,Discord,user69748,DM
1778234774412,2026-05-08 10:06:14,Discord,user40274,Server
1778228539412,2026-05-08 08:22:19,Discord,user52532,Server
1778219432412,2026-05-08 05:50:32,Discord,user82600,Server
1778234887412,2026-05-08 10:08:07,Discord,user32568,DM
1778267957412,2026-05-08 19:19:17,Discord,user76641,Server
1778255406412,2026-05-08 15:50:06,Discord,user59431,Server
1778276033412,2026-05-08 21:33:53,Discord,user76759,Server
1778204274412,2026-05-08 01:37:54,Discord,user4612,Server
1778215682412,2026-05-08 04:48:02,Discord,user50137,Server
1778241703412,2026-05-08 12:01:43,Discord,user88673,Server
1778210247412,2026-05-08 03:17:27,Discord,user1360,Server
1778205573412,2026-05-08 01:59:33,Discord,user60570,DM
1778211339412,2026-05-08 03:35:39,Discord,user9774,DM
1778207639412,2026-05-08 02:33:59,Discord,user10713,Server
1778215143412,2026-05-08 04:39:03,Discord,user8755,DM
1778336612412,2026-05-09 14:23:32,WhatsApp,628861734222,Grup
1778332300412,2026-05-09 13:11:40,WhatsApp,628761149336,Pribadi
1778366501412,2026-05-09 22:41:41,WhatsApp,6282682515,Pribadi
1778323141412,2026-05-09 10:39:01,WhatsApp,628589658263,Grup
1778288366412,2026-05-09 00:59:26,WhatsApp,628398981217,Pribadi
1778371098412,2026-05-09 23:58:18,WhatsApp,628365379631,Grup
1778314003412,2026-05-09 08:06:43,WhatsApp,628101136684,Pribadi
1778286850412,2026-05-09 00:34:10,WhatsApp,628319169038,Grup
1778312581412,2026-05-09 07:43:01,WhatsApp,628963578539,Pribadi
1778348881412,2026-05-09 17:48:01,WhatsApp,628405095799,Grup
1778339362412,2026-05-09 15:09:22,WhatsApp,628916746168,Grup
1778292781412,2026-05-09 02:13:01,WhatsApp,628295253131,Grup
1778297871412,2026-05-09 03:37:51,WhatsApp,628809692956,Grup
1778370624412,2026-05-09 23:50:24,WhatsApp,628474129024,Grup
1778364079412,2026-05-09 22:01:19,WhatsApp,628299986206,Grup
1778292579412,2026-05-09 02:09:39,WhatsApp,628543524676,Pribadi
1778343717412,2026-05-09 16:21:57,WhatsApp,628462813602,Pribadi
1778329353412,2026-05-09 12:22:33,WhatsApp,62897280205,Pribadi
1778347606412,2026-05-09 17:26:46,WhatsApp,628524561625,Grup
1778362686412,2026-05-09 21:38:06,WhatsApp,628751891194,Grup
1778354870412,2026-05-09 19:27:50,WhatsApp,628182533493,Pribadi
1778291447412,2026-05-09 01:50:47,WhatsApp,628237542253,Pribadi
1778313752412,2026-05-09 08:02:32,WhatsApp,628158371416,Pribadi
1778323452412,2026-05-09 10:44:12,WhatsApp,62848354514,Pribadi
1778307384412,2026-05-09 06:16:24,WhatsApp,628228716301,Pribadi
1778324573412,2026-05-09 11:02:53,WhatsApp,628159272413,Pribadi
1778313875412,2026-05-09 08:04:35,WhatsApp,628410719680,Grup
1778330190412,2026-05-09 12:36:30,WhatsApp,62858776105,Pribadi
1778292870412,2026-05-09 02:14:30,WhatsApp,628371590922,Pribadi
1778352057412,2026-05-09 18:40:57,WhatsApp,62835884190,Grup
1778349720412,2026-05-09 18:02:00,WhatsApp,628435022154,Pribadi
1778370099412,2026-05-09 23:41:39,WhatsApp,628711069815,Grup
1778318836412,2026-05-09 09:27:16,WhatsApp,628805112523,Grup
1778335911412,2026-05-09 14:11:51,WhatsApp,628868636529,Pribadi
1778350792412,2026-05-09 18:19:52,WhatsApp,628309978276,Grup
1778339704412,2026-05-09 15:15:04,WhatsApp,628136451139,Pribadi
1778292720412,2026-05-09 02:12:00,WhatsApp,628419955468,Grup
1778365234412,2026-05-09 22:20:34,WhatsApp,628502315757,Grup
1778325944412,2026-05-09 11:25:44,WhatsApp,628536460573,Pribadi
1778310539412,2026-05-09 07:08:59,WhatsApp,628523213452,Grup
1778318879412,2026-05-09 09:27:59,WhatsApp,628613561774,Pribadi
1778366526412,2026-05-09 22:42:06,WhatsApp,628363820237,Pribadi
1778370803412,2026-05-09 23:53:23,WhatsApp,628453112980,Pribadi
1778358639412,2026-05-09 20:30:39,WhatsApp,628251072256,Pribadi
1778327635412,2026-05-09 11:53:55,WhatsApp,628964119060,Grup
1778329499412,2026-05-09 12:24:59,WhatsApp,628757686719,Grup
1778362717412,2026-05-09 21:38:37,WhatsApp,62852925368,Grup
1778352802412,2026-05-09 18:53:22,WhatsApp,628456773341,Grup
1778360763412,2026-05-09 21:06:03,WhatsApp,628348021557,Pribadi
1778299897412,2026-05-09 04:11:37,WhatsApp,628306035031,Pribadi
1778342472412,2026-05-09 16:01:12,WhatsApp,628680346475,Grup
1778338179412,2026-05-09 14:49:39,WhatsApp,628923011291,Grup
1778313682412,2026-05-09 08:01:22,WhatsApp,628656054795,Pribadi
1778347888412,2026-05-09 17:31:28,WhatsApp,62842524529,Grup
1778291071412,2026-05-09 01:44:31,WhatsApp,628698316106,Pribadi
1778353613412,2026-05-09 19:06:53,WhatsApp,628409881312,Pribadi
1778304177412,2026-05-09 05:22:57,WhatsApp,62825684850,Grup
1778331478412,2026-05-09 12:57:58,WhatsApp,628544327020,Grup
1778357853412,2026-05-09 20:17:33,WhatsApp,62894330402,Pribadi
1778332092412,2026-05-09 13:08:12,WhatsApp,628676061082,Grup
1778293431412,2026-05-09 02:23:51,WhatsApp,628387399122,Grup
1778292474412,2026-05-09 02:07:54,WhatsApp,628703496496,Pribadi
1778293699412,2026-05-09 02:28:19,WhatsApp,628692430105,Pribadi
1778304268412,2026-05-09 05:24:28,WhatsApp,628346858292,Pribadi
1778336129412,2026-05-09 14:15:29,WhatsApp,628888504873,Grup
1778305428412,2026-05-09 05:43:48,WhatsApp,628326627462,Pribadi
1778287079412,2026-05-09 00:37:59,WhatsApp,628973546766,Pribadi
1778319156412,2026-05-09 09:32:36,WhatsApp,62866648742,Grup
1778302497412,2026-05-09 04:54:57,WhatsApp,628252479653,Pribadi
1778350633412,2026-05-09 18:17:13,WhatsApp,628762888962,Grup
1778302967412,2026-05-09 05:02:47,WhatsApp,628903234421,Pribadi
1778370779412,2026-05-09 23:52:59,WhatsApp,628487057843,Grup
1778299733412,2026-05-09 04:08:53,WhatsApp,628944474440,Grup
1778349657412,2026-05-09 18:00:57,WhatsApp,628985856398,Grup
1778345920412,2026-05-09 16:58:40,WhatsApp,628587073552,Grup
1778329211412,2026-05-09 12:20:11,WhatsApp,628331045083,Pribadi
1778364005412,2026-05-09 22:00:05,WhatsApp,628219729208,Pribadi
1778330149412,2026-05-09 12:35:49,WhatsApp,628516481614,Grup
1778355318412,2026-05-09 19:35:18,WhatsApp,628549981714,Grup
1778336741412,2026-05-09 14:25:41,WhatsApp,628521285991,Grup
1778352146412,2026-05-09 18:42:26,WhatsApp,62823938227,Pribadi
1778296402412,2026-05-09 03:13:22,WhatsApp,628496628446,Pribadi
1778312143412,2026-05-09 07:35:43,WhatsApp,628999319949,Pribadi
1778354223412,2026-05-09 19:17:03,WhatsApp,62862083052,Grup
1778294279412,2026-05-09 02:37:59,WhatsApp,628145067177,Grup
1778297214412,2026-05-09 03:26:54,WhatsApp,628198206494,Pribadi
1778329134412,2026-05-09 12:18:54,WhatsApp,628195152075,Grup
1778365368412,2026-05-09 22:22:48,WhatsApp,628419546387,Grup
1778295650412,2026-05-09 03:00:50,WhatsApp,628250955837,Grup
1778303016412,2026-05-09 05:03:36,WhatsApp,628482909422,Pribadi
1778298351412,2026-05-09 03:45:51,WhatsApp,628578918786,Grup
1778353718412,2026-05-09 19:08:38,WhatsApp,628286893841,Pribadi
1778286568412,2026-05-09 00:29:28,WhatsApp,628387516905,Grup
1778302198412,2026-05-09 04:49:58,WhatsApp,628718871320,Grup
1778300469412,2026-05-09 04:21:09,WhatsApp,628163442731,Pribadi
1778300323412,2026-05-09 04:18:43,WhatsApp,628607691113,Grup
1778331744412,2026-05-09 13:02:24,WhatsApp,628776266419,Pribadi
1778340501412,2026-05-09 15:28:21,WhatsApp,628101943262,Pribadi
1778350044412,2026-05-09 18:07:24,WhatsApp,628100561343,Grup
1778286612412,2026-05-09 00:30:12,WhatsApp,628575965236,Pribadi
1778298371412,2026-05-09 03:46:11,WhatsApp,628982613361,Grup
1778350152412,2026-05-09 18:09:12,WhatsApp,628754980225,Grup
1778349095412,2026-05-09 17:51:35,WhatsApp,628910319737,Pribadi
1778298301412,2026-05-09 03:45:01,WhatsApp,628777011451,Grup
1778334235412,2026-05-09 13:43:55,WhatsApp,628720661350,Grup
1778301951412,2026-05-09 04:45:51,WhatsApp,62877910986,Grup
1778339542412,2026-05-09 15:12:22,WhatsApp,628134382022,Grup
1778338665412,2026-05-09 14:57:45,WhatsApp,628254603096,Pribadi
1778296938412,2026-05-09 03:22:18,WhatsApp,628341325244,Grup
1778294572412,2026-05-09 02:42:52,WhatsApp,628364972423,Pribadi
1778337932412,2026-05-09 14:45:32,WhatsApp,628146673212,Grup
1778303693412,2026-05-09 05:14:53,WhatsApp,628731611277,Grup
1778339073412,2026-05-09 15:04:33,WhatsApp,628380281876,Grup
1778355124412,2026-05-09 19:32:04,WhatsApp,628180898356,Pribadi
1778361827412,2026-05-09 21:23:47,WhatsApp,628435146087,Pribadi
1778348371412,2026-05-09 17:39:31,WhatsApp,628218516893,Pribadi
1778326905412,2026-05-09 11:41:45,WhatsApp,628631909092,Grup
1778316785412,2026-05-09 08:53:05,WhatsApp,628424023780,Pribadi
1778366054412,2026-05-09 22:34:14,WhatsApp,628554393522,Pribadi
1778316457412,2026-05-09 08:47:37,WhatsApp,628908181338,Grup
1778344912412,2026-05-09 16:41:52,WhatsApp,628555403573,Grup
1778310748412,2026-05-09 07:12:28,WhatsApp,628465998476,Grup
1778343885412,2026-05-09 16:24:45,WhatsApp,628425888136,Pribadi
1778368664412,2026-05-09 23:17:44,WhatsApp,628505100539,Pribadi
1778352682412,2026-05-09 18:51:22,WhatsApp,628303090751,Grup
1778300598412,2026-05-09 04:23:18,WhatsApp,62819062689,Pribadi
1778314668412,2026-05-09 08:17:48,WhatsApp,628212961776,Pribadi
1778327618412,2026-05-09 11:53:38,WhatsApp,628790552256,Grup
1778348155412,2026-05-09 17:35:55,WhatsApp,628740064841,Grup
1778286516412,2026-05-09 00:28:36,WhatsApp,62844425719,Pribadi
1778327813412,2026-05-09 11:56:53,WhatsApp,628752345664,Grup
1778368353412,2026-05-09 23:12:33,WhatsApp,628481294069,Grup
1778322736412,2026-05-09 10:32:16,WhatsApp,628273212542,Grup
1778362595412,2026-05-09 21:36:35,WhatsApp,62851863703,Grup
1778289896412,2026-05-09 01:24:56,WhatsApp,628234616396,Pribadi
1778297983412,2026-05-09 03:39:43,WhatsApp,628882894035,Grup
1778299833412,2026-05-09 04:10:33,WhatsApp,628380071052,Grup
1778326628412,2026-05-09 11:37:08,WhatsApp,628154498624,Pribadi
1778290272412,2026-05-09 01:31:12,WhatsApp,628359841174,Grup
1778290362412,2026-05-09 01:32:42,WhatsApp,628724143971,Grup
1778328500412,2026-05-09 12:08:20,WhatsApp,628945527718,Grup
1778313151412,2026-05-09 07:52:31,WhatsApp,628350857979,Grup
1778365291412,2026-05-09 22:21:31,WhatsApp,628741812955,Pribadi
1778291419412,2026-05-09 01:50:19,WhatsApp,628529133397,Grup
1778339535412,2026-05-09 15:12:15,WhatsApp,628899141497,Pribadi
1778304066412,2026-05-09 05:21:06,WhatsApp,628491609510,Pribadi
1778341510412,2026-05-09 15:45:10,WhatsApp,628731761574,Grup
1778300206412,2026-05-09 04:16:46,WhatsApp,628711007914,Grup
1778298474412,2026-05-09 03:47:54,WhatsApp,628115621727,Grup
1778302839412,2026-05-09 05:00:39,WhatsApp,628327519668,Grup
1778311568412,2026-05-09 07:26:08,WhatsApp,628812321825,Grup
1778295497412,2026-05-09 02:58:17,WhatsApp,628272629938,Grup
1778365239412,2026-05-09 22:20:39,WhatsApp,628862296905,Grup
1778309465412,2026-05-09 06:51:05,WhatsApp,62862179933,Pribadi
1778300720412,2026-05-09 04:25:20,WhatsApp,628947398572,Grup
1778329378412,2026-05-09 12:22:58,WhatsApp,628922172283,Grup
1778316738412,2026-05-09 08:52:18,WhatsApp,628784412231,Pribadi
1778363037412,2026-05-09 21:43:57,WhatsApp,628387154671,Pribadi
1778347547412,2026-05-09 17:25:47,WhatsApp,628985913305,Pribadi
1778314216412,2026-05-09 08:10:16,WhatsApp,628187640861,Grup
1778335040412,2026-05-09 13:57:20,WhatsApp,628950137503,Grup
1778364020412,2026-05-09 22:00:20,WhatsApp,628410865393,Grup
1778293427412,2026-05-09 02:23:47,WhatsApp,628831312389,Grup
1778300103412,2026-05-09 04:15:03,WhatsApp,628522637846,Grup
1778344043412,2026-05-09 16:27:23,WhatsApp,62819915698,Grup
1778298956412,2026-05-09 03:55:56,WhatsApp,628396052197,Pribadi
1778351534412,2026-05-09 18:32:14,WhatsApp,628293380825,Grup
1778350535412,2026-05-09 18:15:35,WhatsApp,628428664796,Pribadi
1778294864412,2026-05-09 02:47:44,WhatsApp,628934573953,Grup
1778285758412,2026-05-09 00:15:58,WhatsApp,62879725627,Grup
1778334208412,2026-05-09 13:43:28,WhatsApp,628736033551,Pribadi
1778319177412,2026-05-09 09:32:57,WhatsApp,628379927152,Grup
1778294982412,2026-05-09 02:49:42,WhatsApp,62848532001,Pribadi
1778367419412,2026-05-09 22:56:59,WhatsApp,628344328866,Pribadi
1778339584412,2026-05-09 15:13:04,Discord,user56898,Server
1778320504412,2026-05-09 09:55:04,Discord,user99253,Server
1778319411412,2026-05-09 09:36:51,Discord,user17657,DM
1778360438412,2026-05-09 21:00:38,Discord,user66246,DM
1778295214412,2026-05-09 02:53:34,Discord,user66760,DM
1778324561412,2026-05-09 11:02:41,Discord,user67129,DM
1778314187412,2026-05-09 08:09:47,Discord,user20192,Server
1778367823412,2026-05-09 23:03:43,Discord,user64308,DM
1778310355412,2026-05-09 07:05:55,Discord,user42134,DM
1778299443412,2026-05-09 04:04:03,Discord,user5361,DM
1778323114412,2026-05-09 10:38:34,Discord,user79386,Server
1778314721412,2026-05-09 08:18:41,Discord,user45192,DM
1778295129412,2026-05-09 02:52:09,Discord,user67536,DM
1778360001412,2026-05-09 20:53:21,Discord,user92425,DM
1778341374412,2026-05-09 15:42:54,Discord,user87338,Server
1778335104412,2026-05-09 13:58:24,Discord,user74857,Server
1778288292412,2026-05-09 00:58:12,Discord,user26211,DM
1778355174412,2026-05-09 19:32:54,Discord,user69123,Server
1778354949412,2026-05-09 19:29:09,Discord,user73394,DM
1778309482412,2026-05-09 06:51:22,Discord,user18883,DM
1778292848412,2026-05-09 02:14:08,Discord,user18441,Server
1778357427412,2026-05-09 20:10:27,Discord,user527,Server
1778314061412,2026-05-09 08:07:41,Discord,user76841,DM
1778323860412,2026-05-09 10:51:00,Discord,user6760,Server
1778289147412,2026-05-09 01:12:27,Discord,user61844,Server
1778335735412,2026-05-09 14:08:55,Discord,user27376,Server
1778332512412,2026-05-09 13:15:12,Discord,user34279,Server
1778359969412,2026-05-09 20:52:49,Discord,user28283,Server
1778369189412,2026-05-09 23:26:29,Discord,user91044,DM
1778333121412,2026-05-09 13:25:21,Discord,user96049,Server
1778363984412,2026-05-09 21:59:44,Discord,user83096,DM
1778359357412,2026-05-09 20:42:37,Discord,user8652,Server
1778294437412,2026-05-09 02:40:37,Discord,user87560,DM
1778370223412,2026-05-09 23:43:43,Discord,user80914,DM
1778333678412,2026-05-09 13:34:38,Discord,user5558,Server
1778289619412,2026-05-09 01:20:19,Discord,user82138,DM
1778311306412,2026-05-09 07:21:46,Discord,user97823,Server
1778294813412,2026-05-09 02:46:53,Discord,user96747,Server
1778347334412,2026-05-09 17:22:14,Discord,user18164,DM
1778318817412,2026-05-09 09:26:57,Discord,user40666,DM
1778290096412,2026-05-09 01:28:16,Discord,user67612,DM
1778307778412,2026-05-09 06:22:58,Discord,user90301,Server
1778327753412,2026-05-09 11:55:53,Discord,user62718,DM
1778286364412,2026-05-09 00:26:04,Discord,user52990,Server
1778330669412,2026-05-09 12:44:29,Discord,user26634,DM
1778366064412,2026-05-09 22:34:24,Discord,user51965,DM
1778319158412,2026-05-09 09:32:38,Discord,user57772,DM
1778331419412,2026-05-09 12:56:59,Discord,user50706,Server
1778351078412,2026-05-09 18:24:38,Discord,user25233,DM
1778310853412,2026-05-09 07:14:13,Discord,user94566,DM
1778346883412,2026-05-09 17:14:43,Discord,user91831,DM
1778309292412,2026-05-09 06:48:12,Discord,user31540,DM
1778296006412,2026-05-09 03:06:46,Discord,user94248,DM
1778312738412,2026-05-09 07:45:38,Discord,user96445,Server
1778354316412,2026-05-09 19:18:36,Discord,user87753,DM
1778352888412,2026-05-09 18:54:48,Discord,user70691,DM
1778333643412,2026-05-09 13:34:03,Discord,user18851,DM
1778364511412,2026-05-09 22:08:31,Discord,user77563,DM
1778365492412,2026-05-09 22:24:52,Discord,user18954,Server
1778290448412,2026-05-09 01:34:08,Discord,user33909,DM
1778366479412,2026-05-09 22:41:19,Discord,user14916,Server
1778394580412,2026-05-10 06:29:40,WhatsApp,628256231737,Grup
1778380568412,2026-05-10 02:36:08,WhatsApp,628371708112,Grup
1778448661412,2026-05-10 21:31:01,WhatsApp,628743633247,Grup
1778439594412,2026-05-10 18:59:54,WhatsApp,628645198829,Pribadi
1778375448412,2026-05-10 01:10:48,WhatsApp,628233034670,Grup
1778395046412,2026-05-10 06:37:26,WhatsApp,62856011887,Grup
1778391913412,2026-05-10 05:45:13,WhatsApp,628291821861,Pribadi
1778389261412,2026-05-10 05:01:01,WhatsApp,62817189504,Pribadi
1778396819412,2026-05-10 07:06:59,WhatsApp,628740090536,Pribadi
1778443911412,2026-05-10 20:11:51,WhatsApp,628730510435,Grup
1778434600412,2026-05-10 17:36:40,WhatsApp,628528783183,Grup
1778382893412,2026-05-10 03:14:53,WhatsApp,628891685741,Pribadi
1778418682412,2026-05-10 13:11:22,WhatsApp,62874471291,Pribadi
1778432350412,2026-05-10 16:59:10,WhatsApp,62836308443,Grup
1778401904412,2026-05-10 08:31:44,WhatsApp,628296256087,Grup
1778374113412,2026-05-10 00:48:33,WhatsApp,628370143432,Grup
1778396611412,2026-05-10 07:03:31,WhatsApp,628111087163,Pribadi
1778391545412,2026-05-10 05:39:05,WhatsApp,628659693129,Grup
1778390127412,2026-05-10 05:15:27,WhatsApp,628179734437,Pribadi
1778385245412,2026-05-10 03:54:05,WhatsApp,628373846407,Grup
1778375051412,2026-05-10 01:04:11,WhatsApp,628349782969,Pribadi
1778443111412,2026-05-10 19:58:31,WhatsApp,628581448503,Grup
1778403150412,2026-05-10 08:52:30,WhatsApp,628288112189,Grup
1778375409412,2026-05-10 01:10:09,WhatsApp,628227462056,Pribadi
1778440797412,2026-05-10 19:19:57,WhatsApp,628510438012,Pribadi
1778405490412,2026-05-10 09:31:30,WhatsApp,628366255347,Pribadi
1778410278412,2026-05-10 10:51:18,WhatsApp,628208455107,Pribadi
1778376079412,2026-05-10 01:21:19,WhatsApp,628180942241,Grup
1778403759412,2026-05-10 09:02:39,WhatsApp,628668779744,Pribadi
1778388343412,2026-05-10 04:45:43,WhatsApp,628723022309,Grup
1778447267412,2026-05-10 21:07:47,WhatsApp,628677769311,Grup
1778450221412,2026-05-10 21:57:01,WhatsApp,628548049959,Grup
1778375756412,2026-05-10 01:15:56,WhatsApp,628500645472,Grup
1778452986412,2026-05-10 22:43:06,WhatsApp,628225375338,Grup
1778411877412,2026-05-10 11:17:57,WhatsApp,628207088936,Pribadi
1778385892412,2026-05-10 04:04:52,WhatsApp,628697149175,Pribadi
1778388165412,2026-05-10 04:42:45,WhatsApp,62897002088,Grup
1778408003412,2026-05-10 10:13:23,WhatsApp,628865564229,Grup
1778385993412,2026-05-10 04:06:33,WhatsApp,628914971191,Grup
1778437421412,2026-05-10 18:23:41,WhatsApp,628740434904,Pribadi
1778376583412,2026-05-10 01:29:43,WhatsApp,628485760346,Grup
1778372362412,2026-05-10 00:19:22,WhatsApp,628376366239,Grup
1778381316412,2026-05-10 02:48:36,WhatsApp,628377655892,Grup
1778377441412,2026-05-10 01:44:01,WhatsApp,628410106596,Pribadi
1778402883412,2026-05-10 08:48:03,WhatsApp,628195651464,Pribadi
1778441055412,2026-05-10 19:24:15,WhatsApp,628264611647,Pribadi
1778372325412,2026-05-10 00:18:45,WhatsApp,628916280700,Grup
1778395430412,2026-05-10 06:43:50,WhatsApp,628926658509,Grup
1778457152412,2026-05-10 23:52:32,WhatsApp,628927771587,Pribadi
1778417532412,2026-05-10 12:52:12,WhatsApp,628355760235,Pribadi
1778444369412,2026-05-10 20:19:29,WhatsApp,628705376027,Pribadi
1778451737412,2026-05-10 22:22:17,WhatsApp,628527691727,Grup
1778388176412,2026-05-10 04:42:56,WhatsApp,628280876185,Grup
1778394779412,2026-05-10 06:32:59,WhatsApp,628862700542,Grup
1778385324412,2026-05-10 03:55:24,WhatsApp,62856228601,Grup
1778400281412,2026-05-10 08:04:41,WhatsApp,628247466234,Grup
1778377985412,2026-05-10 01:53:05,WhatsApp,628502377975,Grup
1778372847412,2026-05-10 00:27:27,WhatsApp,628708056144,Grup
1778423348412,2026-05-10 14:29:08,WhatsApp,62836615033,Pribadi
1778430108412,2026-05-10 16:21:48,WhatsApp,628702545838,Grup
1778421582412,2026-05-10 13:59:42,WhatsApp,628427277506,Pribadi
1778375160412,2026-05-10 01:06:00,WhatsApp,628314288575,Grup
1778371968412,2026-05-10 00:12:48,WhatsApp,628290368550,Grup
1778395624412,2026-05-10 06:47:04,WhatsApp,628189652334,Pribadi
1778414163412,2026-05-10 11:56:03,WhatsApp,628701913966,Grup
1778398914412,2026-05-10 07:41:54,WhatsApp,628975272355,Pribadi
1778410327412,2026-05-10 10:52:07,WhatsApp,628782101031,Pribadi
1778429474412,2026-05-10 16:11:14,WhatsApp,62838653500,Pribadi
1778450988412,2026-05-10 22:09:48,WhatsApp,628597927368,Pribadi
1778375478412,2026-05-10 01:11:18,WhatsApp,628387789191,Grup
1778438031412,2026-05-10 18:33:51,WhatsApp,628454703233,Grup
1778376133412,2026-05-10 01:22:13,WhatsApp,628297506725,Pribadi
1778411347412,2026-05-10 11:09:07,WhatsApp,628141139655,Pribadi
1778430766412,2026-05-10 16:32:46,WhatsApp,62836449064,Pribadi
1778435278412,2026-05-10 17:47:58,WhatsApp,628467367655,Grup
1778395918412,2026-05-10 06:51:58,WhatsApp,628885458499,Pribadi
1778427073412,2026-05-10 15:31:13,WhatsApp,628478464043,Pribadi
1778446108412,2026-05-10 20:48:28,WhatsApp,628476624049,Pribadi
1778372596412,2026-05-10 00:23:16,WhatsApp,628952303933,Grup
1778382775412,2026-05-10 03:12:55,WhatsApp,628851885421,Grup
1778448285412,2026-05-10 21:24:45,WhatsApp,628341727878,Grup
1778439831412,2026-05-10 19:03:51,WhatsApp,628333647762,Grup
1778423880412,2026-05-10 14:38:00,WhatsApp,628834085919,Grup
1778391213412,2026-05-10 05:33:33,WhatsApp,628918619699,Grup
1778442136412,2026-05-10 19:42:16,WhatsApp,628174478539,Grup
1778422979412,2026-05-10 14:22:59,WhatsApp,628371857425,Grup
1778390350412,2026-05-10 05:19:10,WhatsApp,628907014932,Grup
1778444421412,2026-05-10 20:20:21,WhatsApp,62883722807,Grup
1778438405412,2026-05-10 18:40:05,WhatsApp,628266894869,Pribadi
1778399977412,2026-05-10 07:59:37,WhatsApp,628454899564,Grup
1778418977412,2026-05-10 13:16:17,WhatsApp,628729760002,Grup
1778421672412,2026-05-10 14:01:12,WhatsApp,628596504099,Grup
1778437185412,2026-05-10 18:19:45,WhatsApp,628147098233,Grup
1778418046412,2026-05-10 13:00:46,WhatsApp,628240991760,Grup
1778373641412,2026-05-10 00:40:41,WhatsApp,628357134012,Grup
1778389195412,2026-05-10 04:59:55,WhatsApp,628251080755,Pribadi
1778415223412,2026-05-10 12:13:43,WhatsApp,628958106902,Grup
1778394311412,2026-05-10 06:25:11,WhatsApp,628129956617,Pribadi
1778401783412,2026-05-10 08:29:43,WhatsApp,628379340650,Grup
1778434331412,2026-05-10 17:32:11,WhatsApp,628236709980,Pribadi
1778421148412,2026-05-10 13:52:28,WhatsApp,628702542678,Grup
1778385451412,2026-05-10 03:57:31,WhatsApp,628145150804,Grup
1778417928412,2026-05-10 12:58:48,WhatsApp,628224438891,Pribadi
1778383358412,2026-05-10 03:22:38,WhatsApp,628580797642,Grup
1778421010412,2026-05-10 13:50:10,WhatsApp,628774873340,Pribadi
1778457086412,2026-05-10 23:51:26,WhatsApp,628346189052,Grup
1778426759412,2026-05-10 15:25:59,WhatsApp,628811328126,Grup
1778383221412,2026-05-10 03:20:21,WhatsApp,62810395138,Grup
1778412567412,2026-05-10 11:29:27,WhatsApp,628208623764,Grup
1778441941412,2026-05-10 19:39:01,WhatsApp,628333957009,Pribadi
1778404695412,2026-05-10 09:18:15,WhatsApp,62835477666,Grup
1778434090412,2026-05-10 17:28:10,WhatsApp,628410529845,Grup
1778408487412,2026-05-10 10:21:27,WhatsApp,628553648346,Pribadi
1778377076412,2026-05-10 01:37:56,WhatsApp,628249215766,Grup
1778407670412,2026-05-10 10:07:50,WhatsApp,628942775056,Pribadi
1778441456412,2026-05-10 19:30:56,WhatsApp,628371473170,Grup
1778382163412,2026-05-10 03:02:43,WhatsApp,628527045655,Pribadi
1778437167412,2026-05-10 18:19:27,WhatsApp,62834499797,Pribadi
1778416160412,2026-05-10 12:29:20,WhatsApp,628372286603,Grup
1778374935412,2026-05-10 01:02:15,WhatsApp,62869474106,Pribadi
1778389491412,2026-05-10 05:04:51,WhatsApp,628223680072,Grup
1778402112412,2026-05-10 08:35:12,WhatsApp,628415916490,Pribadi
1778411477412,2026-05-10 11:11:17,WhatsApp,628594969755,Grup
1778409198412,2026-05-10 10:33:18,WhatsApp,628701226652,Grup
1778444181412,2026-05-10 20:16:21,WhatsApp,628749677015,Grup
1778385352412,2026-05-10 03:55:52,WhatsApp,628124065258,Pribadi
1778427397412,2026-05-10 15:36:37,WhatsApp,628616076428,Grup
1778424487412,2026-05-10 14:48:07,WhatsApp,628210832415,Grup
1778440580412,2026-05-10 19:16:20,WhatsApp,628722672759,Grup
1778417979412,2026-05-10 12:59:39,WhatsApp,628946350292,Grup
1778393423412,2026-05-10 06:10:23,WhatsApp,628703535624,Pribadi
1778375626412,2026-05-10 01:13:46,WhatsApp,628192463768,Grup
1778428492412,2026-05-10 15:54:52,WhatsApp,62815866754,Pribadi
1778436844412,2026-05-10 18:14:04,WhatsApp,628282824142,Grup
1778389079412,2026-05-10 04:57:59,WhatsApp,628940595997,Pribadi
1778395683412,2026-05-10 06:48:03,WhatsApp,628136732107,Pribadi
1778453064412,2026-05-10 22:44:24,WhatsApp,628771618437,Pribadi
1778452060412,2026-05-10 22:27:40,WhatsApp,628128734606,Grup
1778423579412,2026-05-10 14:32:59,WhatsApp,628708152142,Grup
1778451464412,2026-05-10 22:17:44,WhatsApp,628861809720,Grup
1778438485412,2026-05-10 18:41:25,WhatsApp,628196399135,Pribadi
1778422644412,2026-05-10 14:17:24,WhatsApp,6284826775,Grup
1778411023412,2026-05-10 11:03:43,WhatsApp,628688515633,Grup
1778432334412,2026-05-10 16:58:54,WhatsApp,628111836213,Grup
1778403950412,2026-05-10 09:05:50,WhatsApp,628770789058,Pribadi
1778429132412,2026-05-10 16:05:32,WhatsApp,628905154488,Pribadi
1778400888412,2026-05-10 08:14:48,WhatsApp,628285568787,Grup
1778409626412,2026-05-10 10:40:26,WhatsApp,628779797514,Pribadi
1778434539412,2026-05-10 17:35:39,WhatsApp,628453700824,Grup
1778455484412,2026-05-10 23:24:44,WhatsApp,628496557241,Grup
1778442078412,2026-05-10 19:41:18,WhatsApp,628159716162,Pribadi
1778433845412,2026-05-10 17:24:05,WhatsApp,628401899258,Pribadi
1778408559412,2026-05-10 10:22:39,WhatsApp,628341196708,Grup
1778439345412,2026-05-10 18:55:45,WhatsApp,62842500573,Grup
1778426672412,2026-05-10 15:24:32,WhatsApp,62811384793,Pribadi
1778397714412,2026-05-10 07:21:54,WhatsApp,628357367320,Grup
1778426974412,2026-05-10 15:29:34,WhatsApp,628976897501,Pribadi
1778413109412,2026-05-10 11:38:29,WhatsApp,628393448508,Pribadi
1778427418412,2026-05-10 15:36:58,WhatsApp,628867625437,Grup
1778407449412,2026-05-10 10:04:09,WhatsApp,628601089816,Grup
1778411924412,2026-05-10 11:18:44,WhatsApp,628526972457,Grup
1778425003412,2026-05-10 14:56:43,WhatsApp,628682082169,Grup
1778395700412,2026-05-10 06:48:20,WhatsApp,628888976311,Grup
1778425747412,2026-05-10 15:09:07,WhatsApp,628537923790,Pribadi
1778383973412,2026-05-10 03:32:53,WhatsApp,628972631871,Pribadi
1778406621412,2026-05-10 09:50:21,WhatsApp,628666611085,Grup
1778416063412,2026-05-10 12:27:43,WhatsApp,628251260799,Grup
1778392588412,2026-05-10 05:56:28,WhatsApp,628586081812,Grup
1778397285412,2026-05-10 07:14:45,WhatsApp,628482279545,Grup
1778409417412,2026-05-10 10:36:57,WhatsApp,628703859218,Pribadi
1778428874412,2026-05-10 16:01:14,WhatsApp,628155640655,Grup
1778389755412,2026-05-10 05:09:15,WhatsApp,628309595717,Pribadi
1778409525412,2026-05-10 10:38:45,WhatsApp,628729439905,Pribadi
1778447865412,2026-05-10 21:17:45,WhatsApp,62834745021,Grup
1778429691412,2026-05-10 16:14:51,WhatsApp,628707756535,Pribadi
1778407413412,2026-05-10 10:03:33,WhatsApp,628828483035,Pribadi
1778393110412,2026-05-10 06:05:10,WhatsApp,62878419386,Pribadi
1778418454412,2026-05-10 13:07:34,WhatsApp,628968630799,Grup
1778401906412,2026-05-10 08:31:46,WhatsApp,628995703541,Grup
1778373036412,2026-05-10 00:30:36,WhatsApp,628448083655,Grup
1778421759412,2026-05-10 14:02:39,WhatsApp,628823021766,Grup
1778413069412,2026-05-10 11:37:49,WhatsApp,628430676912,Grup
1778449553412,2026-05-10 21:45:53,WhatsApp,628589948385,Grup
1778383605412,2026-05-10 03:26:45,WhatsApp,628622716372,Grup
1778384869412,2026-05-10 03:47:49,WhatsApp,628751184045,Grup
1778427576412,2026-05-10 15:39:36,WhatsApp,628749206733,Grup
1778437733412,2026-05-10 18:28:53,WhatsApp,628443513137,Pribadi
1778393228412,2026-05-10 06:07:08,Discord,user99248,Server
1778398618412,2026-05-10 07:36:58,Discord,user79977,Server
1778420934412,2026-05-10 13:48:54,Discord,user32772,Server
1778401253412,2026-05-10 08:20:53,Discord,user99290,Server
1778382467412,2026-05-10 03:07:47,Discord,user26680,Server
1778379362412,2026-05-10 02:16:02,Discord,user18000,DM
1778404602412,2026-05-10 09:16:42,Discord,user3672,DM
1778384955412,2026-05-10 03:49:15,Discord,user2135,DM
1778413851412,2026-05-10 11:50:51,Discord,user78157,Server
1778410093412,2026-05-10 10:48:13,Discord,user45806,Server
1778430843412,2026-05-10 16:34:03,Discord,user82172,DM
1778394164412,2026-05-10 06:22:44,Discord,user93274,DM
1778417458412,2026-05-10 12:50:58,Discord,user24046,DM
1778396310412,2026-05-10 06:58:30,Discord,user79551,DM
1778417019412,2026-05-10 12:43:39,Discord,user93132,DM
1778400289412,2026-05-10 08:04:49,Discord,user49999,Server
1778402344412,2026-05-10 08:39:04,Discord,user70072,DM
1778408194412,2026-05-10 10:16:34,Discord,user83422,Server
1778438817412,2026-05-10 18:46:57,Discord,user81044,DM
1778398141412,2026-05-10 07:29:01,Discord,user48044,DM
1778444426412,2026-05-10 20:20:26,Discord,user4840,Server
1778384323412,2026-05-10 03:38:43,Discord,user25844,DM
1778400440412,2026-05-10 08:07:20,Discord,user80274,DM
1778406996412,2026-05-10 09:56:36,Discord,user23798,Server
1778457431412,2026-05-10 23:57:11,Discord,user37795,DM
1778424095412,2026-05-10 14:41:35,Discord,user59114,DM
1778446052412,2026-05-10 20:47:32,Discord,user1964,DM
1778456248412,2026-05-10 23:37:28,Discord,user31422,DM
1778404739412,2026-05-10 09:18:59,Discord,user40052,Server
1778425761412,2026-05-10 15:09:21,Discord,user91411,DM
1778419087412,2026-05-10 13:18:07,Discord,user18945,DM
1778411997412,2026-05-10 11:19:57,Discord,user40749,DM
1778411320412,2026-05-10 11:08:40,Discord,user32201,Server
1778407092412,2026-05-10 09:58:12,Discord,user53600,DM
1778402938412,2026-05-10 08:48:58,Discord,user29240,DM
1778449427412,2026-05-10 21:43:47,Discord,user76385,Server
1778430329412,2026-05-10 16:25:29,Discord,user34934,DM
1778437852412,2026-05-10 18:30:52,Discord,user63064,Server
1778444609412,2026-05-10 20:23:29,Discord,user99661,DM
1778452261412,2026-05-10 22:31:01,Discord,user82708,Server
1778407100412,2026-05-10 09:58:20,Discord,user1907,DM
1778371369412,2026-05-10 00:02:49,Discord,user43073,DM
1778447414412,2026-05-10 21:10:14,Discord,user99323,Server
1778456072412,2026-05-10 23:34:32,Discord,user46424,Server
1778417315412,2026-05-10 12:48:35,Discord,user97017,DM
1778426920412,2026-05-10 15:28:40,Discord,user54673,Server
1778395509412,2026-05-10 06:45:09,Discord,user44777,Server
1778427481412,2026-05-10 15:38:01,Discord,user28946,DM
1778396809412,2026-05-10 07:06:49,Discord,user77376,DM
1778441576412,2026-05-10 19:32:56,Discord,user27477,DM
1778413299412,2026-05-10 11:41:39,Discord,user38402,Server
1778384949412,2026-05-10 03:49:09,Discord,user86381,Server
1778451583412,2026-05-10 22:19:43,Discord,user65320,Server
1778406143412,2026-05-10 09:42:23,Discord,user47336,Server
1778404794412,2026-05-10 09:19:54,Discord,user99069,DM
1778446024412,2026-05-10 20:47:04,Discord,user91267,Server
1778391007412,2026-05-10 05:30:07,Discord,user22506,DM
1778543905412,2026-05-11 23:58:25,WhatsApp,628559076794,Grup
1778509200412,2026-05-11 14:20:00,WhatsApp,628666865076,Pribadi
1778522216412,2026-05-11 17:56:56,WhatsApp,628574800773,Pribadi
1778519520412,2026-05-11 17:12:00,WhatsApp,628787537179,Pribadi
1778531890412,2026-05-11 20:38:10,WhatsApp,628302359062,Grup
1778528770412,2026-05-11 19:46:10,WhatsApp,62818547745,Grup
1778468745412,2026-05-11 03:05:45,WhatsApp,628930031384,Grup
1778459379412,2026-05-11 00:29:39,WhatsApp,628224983556,Pribadi
1778514740412,2026-05-11 15:52:20,WhatsApp,628132970299,Grup
1778528940412,2026-05-11 19:49:00,WhatsApp,628435679956,Pribadi
1778511957412,2026-05-11 15:05:57,WhatsApp,628516364812,Grup
1778519150412,2026-05-11 17:05:50,WhatsApp,628306179033,Grup
1778495039412,2026-05-11 10:23:59,WhatsApp,628763440962,Grup
1778485858412,2026-05-11 07:50:58,WhatsApp,628757113956,Pribadi
1778461763412,2026-05-11 01:09:23,WhatsApp,628604994767,Pribadi
1778473933412,2026-05-11 04:32:13,WhatsApp,628487703484,Pribadi
1778466557412,2026-05-11 02:29:17,WhatsApp,628574589844,Pribadi
1778479474412,2026-05-11 06:04:34,WhatsApp,628375696111,Pribadi
1778467733412,2026-05-11 02:48:53,WhatsApp,628411658487,Pribadi
1778479371412,2026-05-11 06:02:51,WhatsApp,628586232639,Grup
1778495847412,2026-05-11 10:37:27,WhatsApp,628293683524,Grup
1778487954412,2026-05-11 08:25:54,WhatsApp,628953994381,Grup
1778526711412,2026-05-11 19:11:51,WhatsApp,628369351844,Pribadi
1778470540412,2026-05-11 03:35:40,WhatsApp,628356480345,Pribadi
1778496942412,2026-05-11 10:55:42,WhatsApp,628365591361,Grup
1778531632412,2026-05-11 20:33:52,WhatsApp,628606230582,Grup
1778460911412,2026-05-11 00:55:11,WhatsApp,628131190249,Grup
1778538339412,2026-05-11 22:25:39,WhatsApp,628243003270,Grup
1778530898412,2026-05-11 20:21:38,WhatsApp,62848312137,Pribadi
1778538296412,2026-05-11 22:24:56,WhatsApp,628671582431,Grup
1778509747412,2026-05-11 14:29:07,WhatsApp,628101510158,Grup
1778479226412,2026-05-11 06:00:26,WhatsApp,628986251315,Pribadi
1778533248412,2026-05-11 21:00:48,WhatsApp,628307247281,Grup
1778471467412,2026-05-11 03:51:07,WhatsApp,628176793954,Pribadi
1778525629412,2026-05-11 18:53:49,WhatsApp,628391612900,Grup
1778480008412,2026-05-11 06:13:28,WhatsApp,628192753743,Grup
1778499270412,2026-05-11 11:34:30,WhatsApp,628643187382,Grup
1778524609412,2026-05-11 18:36:49,WhatsApp,628872938919,Grup
1778492003412,2026-05-11 09:33:23,WhatsApp,628513386636,Grup
1778458076412,2026-05-11 00:07:56,WhatsApp,62824273642,Grup
1778458587412,2026-05-11 00:16:27,WhatsApp,628368633983,Grup
1778490276412,2026-05-11 09:04:36,WhatsApp,628367464399,Pribadi
1778459462412,2026-05-11 00:31:02,WhatsApp,628354690161,Grup
1778475676412,2026-05-11 05:01:16,WhatsApp,628123922218,Grup
1778488025412,2026-05-11 08:27:05,WhatsApp,628829301725,Grup
1778527157412,2026-05-11 19:19:17,WhatsApp,628942516845,Grup
1778527068412,2026-05-11 19:17:48,WhatsApp,62887847575,Pribadi
1778501365412,2026-05-11 12:09:25,WhatsApp,628765673925,Grup
1778502355412,2026-05-11 12:25:55,WhatsApp,628973729254,Pribadi
1778541382412,2026-05-11 23:16:22,WhatsApp,62879327834,Grup
1778467119412,2026-05-11 02:38:39,WhatsApp,628719677928,Pribadi
1778483106412,2026-05-11 07:05:06,WhatsApp,628177545928,Pribadi
1778507290412,2026-05-11 13:48:10,WhatsApp,628947701897,Pribadi
1778458216412,2026-05-11 00:10:16,WhatsApp,628820191146,Grup
1778478085412,2026-05-11 05:41:25,WhatsApp,628833534375,Grup
1778518225412,2026-05-11 16:50:25,WhatsApp,628635179266,Pribadi
1778541128412,2026-05-11 23:12:08,WhatsApp,628887946431,Pribadi
1778518286412,2026-05-11 16:51:26,WhatsApp,628289818737,Grup
1778514612412,2026-05-11 15:50:12,WhatsApp,628368028152,Grup
1778485610412,2026-05-11 07:46:50,WhatsApp,628571126587,Pribadi
1778483745412,2026-05-11 07:15:45,WhatsApp,628988131803,Pribadi
1778470630412,2026-05-11 03:37:10,WhatsApp,628221205155,Pribadi
1778469064412,2026-05-11 03:11:04,WhatsApp,628286565955,Pribadi
1778500076412,2026-05-11 11:47:56,WhatsApp,628614417642,Grup
1778506614412,2026-05-11 13:36:54,WhatsApp,628911232837,Pribadi
1778492338412,2026-05-11 09:38:58,WhatsApp,628350755675,Grup
1778497093412,2026-05-11 10:58:13,WhatsApp,628251241300,Grup
1778528749412,2026-05-11 19:45:49,WhatsApp,628729034869,Grup
1778528670412,2026-05-11 19:44:30,WhatsApp,628571689824,Pribadi
1778487048412,2026-05-11 08:10:48,WhatsApp,628816580395,Grup
1778499842412,2026-05-11 11:44:02,WhatsApp,628334039319,Grup
1778532110412,2026-05-11 20:41:50,WhatsApp,628649253920,Grup
1778496858412,2026-05-11 10:54:18,WhatsApp,628975748437,Grup
1778478401412,2026-05-11 05:46:41,WhatsApp,628893857969,Pribadi
1778498309412,2026-05-11 11:18:29,WhatsApp,628865509667,Grup
1778498796412,2026-05-11 11:26:36,WhatsApp,628348222837,Pribadi
1778465557412,2026-05-11 02:12:37,WhatsApp,628593378811,Pribadi
1778503693412,2026-05-11 12:48:13,WhatsApp,628425192,Grup
1778527036412,2026-05-11 19:17:16,WhatsApp,628859730342,Pribadi
1778457856412,2026-05-11 00:04:16,WhatsApp,628295472350,Grup
1778526501412,2026-05-11 19:08:21,WhatsApp,628261929429,Pribadi
1778489337412,2026-05-11 08:48:57,WhatsApp,6285942987,Grup
1778506472412,2026-05-11 13:34:32,WhatsApp,628239320798,Grup
1778509019412,2026-05-11 14:16:59,WhatsApp,628676754496,Grup
1778532633412,2026-05-11 20:50:33,WhatsApp,628708391267,Grup
1778530680412,2026-05-11 20:18:00,WhatsApp,628114474574,Pribadi
1778493252412,2026-05-11 09:54:12,WhatsApp,628208693014,Grup
1778480080412,2026-05-11 06:14:40,WhatsApp,628508016671,Grup
1778473669412,2026-05-11 04:27:49,WhatsApp,62843140914,Grup
1778469594412,2026-05-11 03:19:54,WhatsApp,628786330657,Grup
1778500918412,2026-05-11 12:01:58,WhatsApp,628985206726,Pribadi
1778494725412,2026-05-11 10:18:45,WhatsApp,628706728559,Grup
1778490875412,2026-05-11 09:14:35,WhatsApp,628466054703,Grup
1778535004412,2026-05-11 21:30:04,WhatsApp,628890787411,Grup
1778494171412,2026-05-11 10:09:31,WhatsApp,628279247800,Grup
1778508954412,2026-05-11 14:15:54,WhatsApp,628412035390,Grup
1778463030412,2026-05-11 01:30:30,WhatsApp,628228614272,Pribadi
1778485158412,2026-05-11 07:39:18,WhatsApp,628115579999,Pribadi
1778469056412,2026-05-11 03:10:56,WhatsApp,628530788766,Grup
1778541695412,2026-05-11 23:21:35,WhatsApp,628201277994,Grup
1778500284412,2026-05-11 11:51:24,WhatsApp,628762090146,Grup
1778499171412,2026-05-11 11:32:51,WhatsApp,628518382255,Grup
1778508102412,2026-05-11 14:01:42,WhatsApp,628826021170,Grup
1778500094412,2026-05-11 11:48:14,WhatsApp,628756981682,Grup
1778469068412,2026-05-11 03:11:08,WhatsApp,628525519362,Pribadi
1778534019412,2026-05-11 21:13:39,WhatsApp,628625257739,Pribadi
1778499656412,2026-05-11 11:40:56,WhatsApp,628403307805,Grup
1778531102412,2026-05-11 20:25:02,WhatsApp,628383493106,Pribadi
1778488277412,2026-05-11 08:31:17,WhatsApp,628199463752,Pribadi
1778517430412,2026-05-11 16:37:10,WhatsApp,628254363744,Grup
1778493899412,2026-05-11 10:04:59,WhatsApp,628438121308,Pribadi
1778520673412,2026-05-11 17:31:13,WhatsApp,628114483441,Grup
1778496688412,2026-05-11 10:51:28,WhatsApp,628495541523,Grup
1778537153412,2026-05-11 22:05:53,WhatsApp,628667504305,Grup
1778535071412,2026-05-11 21:31:11,WhatsApp,628267378801,Grup
1778469659412,2026-05-11 03:20:59,WhatsApp,628697196747,Grup
1778509381412,2026-05-11 14:23:01,WhatsApp,628811356609,Pribadi
1778533796412,2026-05-11 21:09:56,WhatsApp,628904224776,Pribadi
1778490139412,2026-05-11 09:02:19,WhatsApp,628905350140,Grup
1778538894412,2026-05-11 22:34:54,WhatsApp,628484514533,Grup
1778501913412,2026-05-11 12:18:33,WhatsApp,628970856081,Pribadi
1778478854412,2026-05-11 05:54:14,WhatsApp,628309615210,Grup
1778527629412,2026-05-11 19:27:09,WhatsApp,628223198765,Grup
1778541492412,2026-05-11 23:18:12,WhatsApp,628325646214,Pribadi
1778528767412,2026-05-11 19:46:07,WhatsApp,628974950370,Grup
1778517705412,2026-05-11 16:41:45,WhatsApp,628541233645,Grup
1778500275412,2026-05-11 11:51:15,WhatsApp,628217151094,Pribadi
1778499827412,2026-05-11 11:43:47,WhatsApp,628385769620,Grup
1778531512412,2026-05-11 20:31:52,WhatsApp,628698462965,Pribadi
1778470764412,2026-05-11 03:39:24,WhatsApp,628578235698,Grup
1778508896412,2026-05-11 14:14:56,WhatsApp,628962129076,Grup
1778528088412,2026-05-11 19:34:48,WhatsApp,628885177745,Pribadi
1778510774412,2026-05-11 14:46:14,WhatsApp,628504714476,Pribadi
1778523909412,2026-05-11 18:25:09,WhatsApp,628836396017,Grup
1778541639412,2026-05-11 23:20:39,WhatsApp,628659723538,Pribadi
1778543999412,2026-05-11 23:59:59,WhatsApp,628986027972,Pribadi
1778488855412,2026-05-11 08:40:55,WhatsApp,628302926032,Pribadi
1778528388412,2026-05-11 19:39:48,WhatsApp,628618203961,Grup
1778478730412,2026-05-11 05:52:10,WhatsApp,628614447315,Pribadi
1778470960412,2026-05-11 03:42:40,WhatsApp,628687582635,Pribadi
1778480290412,2026-05-11 06:18:10,WhatsApp,62876997699,Grup
1778530322412,2026-05-11 20:12:02,WhatsApp,628489603401,Grup
1778512333412,2026-05-11 15:12:13,WhatsApp,628652266041,Grup
1778543346412,2026-05-11 23:49:06,WhatsApp,628159975945,Pribadi
1778458726412,2026-05-11 00:18:46,WhatsApp,628228890807,Grup
1778495723412,2026-05-11 10:35:23,WhatsApp,628697051206,Grup
1778512905412,2026-05-11 15:21:45,WhatsApp,628357126905,Pribadi
1778496796412,2026-05-11 10:53:16,WhatsApp,628117410467,Pribadi
1778485650412,2026-05-11 07:47:30,WhatsApp,628650083701,Grup
1778497258412,2026-05-11 11:00:58,WhatsApp,628464794943,Pribadi
1778507877412,2026-05-11 13:57:57,WhatsApp,628395913456,Pribadi
1778467560412,2026-05-11 02:46:00,WhatsApp,62814129140,Grup
1778476928412,2026-05-11 05:22:08,WhatsApp,628986603785,Grup
1778495318412,2026-05-11 10:28:38,WhatsApp,628565705865,Grup
1778469598412,2026-05-11 03:19:58,WhatsApp,628309900734,Grup
1778501307412,2026-05-11 12:08:27,WhatsApp,628962229735,Grup
1778542290412,2026-05-11 23:31:30,WhatsApp,628134708834,Pribadi
1778494452412,2026-05-11 10:14:12,WhatsApp,628803961739,Pribadi
1778469322412,2026-05-11 03:15:22,WhatsApp,628974205469,Pribadi
1778461447412,2026-05-11 01:04:07,WhatsApp,628317724640,Pribadi
1778508288412,2026-05-11 14:04:48,WhatsApp,628864380731,Pribadi
1778492946412,2026-05-11 09:49:06,WhatsApp,628999259504,Grup
1778538084412,2026-05-11 22:21:24,WhatsApp,628287754465,Pribadi
1778538575412,2026-05-11 22:29:35,WhatsApp,628194391148,Grup
1778536932412,2026-05-11 22:02:12,WhatsApp,628857088726,Grup
1778537318412,2026-05-11 22:08:38,WhatsApp,628215545286,Grup
1778481984412,2026-05-11 06:46:24,WhatsApp,628840339112,Grup
1778504212412,2026-05-11 12:56:52,WhatsApp,628156313562,Grup
1778458322412,2026-05-11 00:12:02,WhatsApp,628576937364,Grup
1778498195412,2026-05-11 11:16:35,WhatsApp,628426685385,Grup
1778532570412,2026-05-11 20:49:30,WhatsApp,628595958597,Pribadi
1778497108412,2026-05-11 10:58:28,WhatsApp,628255516639,Grup
1778496984412,2026-05-11 10:56:24,WhatsApp,628199353331,Grup
1778506601412,2026-05-11 13:36:41,WhatsApp,628819922512,Grup
1778499997412,2026-05-11 11:46:37,WhatsApp,628158372158,Pribadi
1778467730412,2026-05-11 02:48:50,WhatsApp,628759274154,Pribadi
1778460987412,2026-05-11 00:56:27,WhatsApp,628641594575,Grup
1778459217412,2026-05-11 00:26:57,WhatsApp,628855590104,Grup
1778480507412,2026-05-11 06:21:47,WhatsApp,628287273766,Grup
1778517473412,2026-05-11 16:37:53,WhatsApp,628207159292,Grup
1778500383412,2026-05-11 11:53:03,WhatsApp,62884340446,Grup
1778541294412,2026-05-11 23:14:54,WhatsApp,62811369158,Grup
1778543089412,2026-05-11 23:44:49,WhatsApp,628551914872,Grup
1778484585412,2026-05-11 07:29:45,WhatsApp,628566322343,Grup
1778487993412,2026-05-11 08:26:33,WhatsApp,628206339663,Pribadi
1778519062412,2026-05-11 17:04:22,WhatsApp,628633228056,Pribadi
1778517125412,2026-05-11 16:32:05,WhatsApp,628658201831,Grup
1778489932412,2026-05-11 08:58:52,Discord,user18814,Server
1778513219412,2026-05-11 15:26:59,Discord,user91024,Server
1778530366412,2026-05-11 20:12:46,Discord,user60424,Server
1778522601412,2026-05-11 18:03:21,Discord,user45807,DM
1778463182412,2026-05-11 01:33:02,Discord,user98536,DM
1778492627412,2026-05-11 09:43:47,Discord,user25066,DM
1778475597412,2026-05-11 04:59:57,Discord,user63666,Server
1778459299412,2026-05-11 00:28:19,Discord,user81931,Server
1778485381412,2026-05-11 07:43:01,Discord,user93600,DM
1778532205412,2026-05-11 20:43:25,Discord,user46013,DM
1778474775412,2026-05-11 04:46:15,Discord,user47857,DM
1778499996412,2026-05-11 11:46:36,Discord,user43166,DM
1778526776412,2026-05-11 19:12:56,Discord,user54563,Server
1778467549412,2026-05-11 02:45:49,Discord,user52100,Server
1778504050412,2026-05-11 12:54:10,Discord,user84629,DM
1778502233412,2026-05-11 12:23:53,Discord,user24106,DM
1778543448412,2026-05-11 23:50:48,Discord,user52083,Server
1778511963412,2026-05-11 15:06:03,Discord,user87178,Server
1778536662412,2026-05-11 21:57:42,Discord,user94772,Server
1778506684412,2026-05-11 13:38:04,Discord,user5823,DM
1778499249412,2026-05-11 11:34:09,Discord,user96980,DM
1778475254412,2026-05-11 04:54:14,Discord,user69368,DM
1778475892412,2026-05-11 05:04:52,Discord,user39762,Server
1778518732412,2026-05-11 16:58:52,Discord,user7142,DM
1778543900412,2026-05-11 23:58:20,Discord,user40678,Server
1778541422412,2026-05-11 23:17:02,Discord,user8661,DM
1778503880412,2026-05-11 12:51:20,Discord,user77902,Server
1778471289412,2026-05-11 03:48:09,Discord,user11063,DM
1778519590412,2026-05-11 17:13:10,Discord,user38304,Server
1778530790412,2026-05-11 20:19:50,Discord,user78199,Server
1778512410412,2026-05-11 15:13:30,Discord,user80075,DM
1778501349412,2026-05-11 12:09:09,Discord,user6373,Server
1778497711412,2026-05-11 11:08:31,Discord,user12037,Server
1778543746412,2026-05-11 23:55:46,Discord,user14267,Server
1778467872412,2026-05-11 02:51:12,Discord,user78734,Server
1778538696412,2026-05-11 22:31:36,Discord,user34052,Server
1778472122412,2026-05-11 04:02:02,Discord,user87595,DM
1778538475412,2026-05-11 22:27:55,Discord,user18196,DM
1778479553412,2026-05-11 06:05:53,Discord,user46082,Server
1778470390412,2026-05-11 03:33:10,Discord,user62501,Server
1778514166412,2026-05-11 15:42:46,Discord,user32737,DM
1778483116412,2026-05-11 07:05:16,Discord,user82303,DM
1778481767412,2026-05-11 06:42:47,Discord,user86845,Server
1778537243412,2026-05-11 22:07:23,Discord,user13432,DM
1778495766412,2026-05-11 10:36:06,Discord,user97883,DM
1778483245412,2026-05-11 07:07:25,Discord,user27236,DM
1778490864412,2026-05-11 09:14:24,Discord,user25768,DM
1778490421412,2026-05-11 09:07:01,Discord,user25660,Server
1778542133412,2026-05-11 23:28:53,Discord,user33650,DM
1778465143412,2026-05-11 02:05:43,Discord,user34677,Server
1778525136412,2026-05-11 18:45:36,Discord,user98134,DM
1778508037412,2026-05-11 14:00:37,Discord,user76212,Server
1778524633412,2026-05-11 18:37:13,Discord,user32393,Server
1778533813412,2026-05-11 21:10:13,Discord,user55728,Server
1778468429412,2026-05-11 03:00:29,Discord,user6279,Server
1778461471412,2026-05-11 01:04:31,Discord,user5199,DM
1778487081412,2026-05-11 08:11:21,Discord,user84508,Server
1778523975412,2026-05-11 18:26:15,Discord,user9059,Server
1778527107412,2026-05-11 19:18:27,Discord,user88405,Server
1778503265412,2026-05-11 12:41:05,Discord,user58454,Server
1778469970412,2026-05-11 03:26:10,Discord,user88786,Server
1778612810412,2026-05-12 19:06:50,WhatsApp,628591853819,Grup
1778569905412,2026-05-12 07:11:45,WhatsApp,628856699728,Pribadi
1778595610412,2026-05-12 14:20:10,WhatsApp,628311298740,Grup
1778562460412,2026-05-12 05:07:40,WhatsApp,628586877963,Pribadi
1778630316412,2026-05-12 23:58:36,WhatsApp,628817709609,Pribadi
1778614153412,2026-05-12 19:29:13,WhatsApp,628262602337,Pribadi
1778562425412,2026-05-12 05:07:05,WhatsApp,628138182433,Grup
1778586755412,2026-05-12 11:52:35,WhatsApp,62848230721,Pribadi
1778567847412,2026-05-12 06:37:27,WhatsApp,62864373858,Grup
1778573652412,2026-05-12 08:14:12,WhatsApp,628950294091,Pribadi
1778595369412,2026-05-12 14:16:09,WhatsApp,628960627722,Grup
1778615128412,2026-05-12 19:45:28,WhatsApp,628988277002,Grup
1778598636412,2026-05-12 15:10:36,WhatsApp,628629694946,Pribadi
1778616238412,2026-05-12 20:03:58,WhatsApp,628163573824,Pribadi
1778623768412,2026-05-12 22:09:28,WhatsApp,628743391077,Grup
1778602144412,2026-05-12 16:09:04,WhatsApp,628758083302,Grup
1778572969412,2026-05-12 08:02:49,WhatsApp,628141255524,Grup
1778590402412,2026-05-12 12:53:22,WhatsApp,628873822161,Pribadi
1778630140412,2026-05-12 23:55:40,WhatsApp,628814894218,Pribadi
1778626800412,2026-05-12 23:00:00,WhatsApp,628641500312,Pribadi
1778548062412,2026-05-12 01:07:42,WhatsApp,628234407757,Pribadi
1778575935412,2026-05-12 08:52:15,WhatsApp,628153027558,Pribadi
1778552632412,2026-05-12 02:23:52,WhatsApp,628708985338,Grup
1778616079412,2026-05-12 20:01:19,WhatsApp,628460252073,Pribadi
1778592955412,2026-05-12 13:35:55,WhatsApp,628629695674,Pribadi
1778589820412,2026-05-12 12:43:40,WhatsApp,628387327891,Pribadi
1778559705412,2026-05-12 04:21:45,WhatsApp,628451501380,Grup
1778600026412,2026-05-12 15:33:46,WhatsApp,628922979530,Pribadi
1778623221412,2026-05-12 22:00:21,WhatsApp,628400083935,Grup
1778591448412,2026-05-12 13:10:48,WhatsApp,628330147098,Pribadi
1778552642412,2026-05-12 02:24:02,WhatsApp,628498730050,Grup
1778591187412,2026-05-12 13:06:27,WhatsApp,628223616830,Grup
1778598760412,2026-05-12 15:12:40,WhatsApp,62843355225,Pribadi
1778582379412,2026-05-12 10:39:39,WhatsApp,628329833006,Pribadi
1778589694412,2026-05-12 12:41:34,WhatsApp,628897759568,Grup
1778593143412,2026-05-12 13:39:03,WhatsApp,628910458884,Pribadi
1778596344412,2026-05-12 14:32:24,WhatsApp,628603278744,Pribadi
1778604179412,2026-05-12 16:42:59,WhatsApp,628368655310,Pribadi
1778619373412,2026-05-12 20:56:13,WhatsApp,628728278445,Grup
1778582400412,2026-05-12 10:40:00,WhatsApp,628952444259,Grup
1778592566412,2026-05-12 13:29:26,WhatsApp,628426001426,Grup
1778546359412,2026-05-12 00:39:19,WhatsApp,628317989120,Pribadi
1778601996412,2026-05-12 16:06:36,WhatsApp,628622682470,Pribadi
1778550695412,2026-05-12 01:51:35,WhatsApp,628171587154,Grup
1778566420412,2026-05-12 06:13:40,WhatsApp,628247650940,Pribadi
1778550011412,2026-05-12 01:40:11,WhatsApp,628176142893,Grup
1778620912412,2026-05-12 21:21:52,WhatsApp,628755853008,Grup
1778608399412,2026-05-12 17:53:19,WhatsApp,628520069740,Grup
1778587954412,2026-05-12 12:12:34,WhatsApp,628835719255,Grup
1778630322412,2026-05-12 23:58:42,WhatsApp,628719381534,Grup
1778567302412,2026-05-12 06:28:22,WhatsApp,628781342445,Grup
1778603797412,2026-05-12 16:36:37,WhatsApp,62816876662,Pribadi
1778570930412,2026-05-12 07:28:50,WhatsApp,628225201397,Grup
1778571240412,2026-05-12 07:34:00,WhatsApp,628178085932,Pribadi
1778598896412,2026-05-12 15:14:56,WhatsApp,628457134006,Grup
1778592028412,2026-05-12 13:20:28,WhatsApp,628261006852,Pribadi
1778599016412,2026-05-12 15:16:56,WhatsApp,628865629589,Pribadi
1778587527412,2026-05-12 12:05:27,WhatsApp,628459909204,Pribadi
1778568959412,2026-05-12 06:55:59,WhatsApp,628572727811,Grup
1778548517412,2026-05-12 01:15:17,WhatsApp,628204337770,Pribadi
1778565139412,2026-05-12 05:52:19,WhatsApp,628328456812,Grup
1778544430412,2026-05-12 00:07:10,WhatsApp,628879767522,Pribadi
1778622129412,2026-05-12 21:42:09,WhatsApp,628565950871,Grup
1778626343412,2026-05-12 22:52:23,WhatsApp,628602956914,Pribadi
1778565635412,2026-05-12 06:00:35,WhatsApp,62856059008,Grup
1778618213412,2026-05-12 20:36:53,WhatsApp,628241204342,Grup
1778605657412,2026-05-12 17:07:37,WhatsApp,628909743463,Pribadi
1778592875412,2026-05-12 13:34:35,WhatsApp,628737815799,Grup
1778565587412,2026-05-12 05:59:47,WhatsApp,628799376608,Pribadi
1778567496412,2026-05-12 06:31:36,WhatsApp,628930842830,Grup
1778596441412,2026-05-12 14:34:01,WhatsApp,628769165205,Grup
1778562079412,2026-05-12 05:01:19,WhatsApp,628632571364,Grup
1778603218412,2026-05-12 16:26:58,WhatsApp,628821499757,Pribadi
1778629005412,2026-05-12 23:36:45,WhatsApp,628782811891,Pribadi
1778549905412,2026-05-12 01:38:25,WhatsApp,62826662549,Grup
1778581386412,2026-05-12 10:23:06,WhatsApp,628391344753,Grup
1778610459412,2026-05-12 18:27:39,WhatsApp,628662655845,Pribadi
1778572009412,2026-05-12 07:46:49,WhatsApp,628529337470,Grup
1778618174412,2026-05-12 20:36:14,WhatsApp,628748336000,Grup
1778560475412,2026-05-12 04:34:35,WhatsApp,628528964626,Grup
1778563913412,2026-05-12 05:31:53,WhatsApp,628482177952,Pribadi
1778582400412,2026-05-12 10:40:00,WhatsApp,62840241938,Grup
1778578748412,2026-05-12 09:39:08,WhatsApp,628171503166,Grup
1778608471412,2026-05-12 17:54:31,WhatsApp,628862822548,Grup
1778549432412,2026-05-12 01:30:32,WhatsApp,62855407737,Pribadi
1778590439412,2026-05-12 12:53:59,WhatsApp,628884428677,Pribadi
1778603338412,2026-05-12 16:28:58,WhatsApp,628462693368,Grup
1778565159412,2026-05-12 05:52:39,WhatsApp,628140546211,Grup
1778594564412,2026-05-12 14:02:44,WhatsApp,628190864498,Grup
1778628057412,2026-05-12 23:20:57,WhatsApp,628942956876,Grup
1778544917412,2026-05-12 00:15:17,WhatsApp,62819693812,Grup
1778616134412,2026-05-12 20:02:14,WhatsApp,628529110809,Grup
1778622729412,2026-05-12 21:52:09,WhatsApp,628118754274,Pribadi
1778584574412,2026-05-12 11:16:14,WhatsApp,628228376272,Pribadi
1778590845412,2026-05-12 13:00:45,WhatsApp,628834138182,Pribadi
1778587406412,2026-05-12 12:03:26,WhatsApp,628489200585,Grup
1778577096412,2026-05-12 09:11:36,WhatsApp,628961147268,Grup
1778558140412,2026-05-12 03:55:40,WhatsApp,628477455201,Pribadi
1778588937412,2026-05-12 12:28:57,WhatsApp,628166723293,Grup
1778604047412,2026-05-12 16:40:47,WhatsApp,628341883369,Pribadi
1778546224412,2026-05-12 00:37:04,WhatsApp,628469264408,Pribadi
1778611291412,2026-05-12 18:41:31,WhatsApp,628300163872,Grup
1778579639412,2026-05-12 09:53:59,WhatsApp,628385105841,Grup
1778606660412,2026-05-12 17:24:20,WhatsApp,628655422722,Grup
1778557751412,2026-05-12 03:49:11,WhatsApp,628110809629,Grup
1778627418412,2026-05-12 23:10:18,WhatsApp,628145068310,Pribadi
1778591265412,2026-05-12 13:07:45,WhatsApp,628932087677,Pribadi
1778616443412,2026-05-12 20:07:23,WhatsApp,628550190476,Grup
1778578985412,2026-05-12 09:43:05,WhatsApp,628164597681,Pribadi
1778556195412,2026-05-12 03:23:15,WhatsApp,628119126660,Grup
1778601355412,2026-05-12 15:55:55,WhatsApp,628172016025,Grup
1778561654412,2026-05-12 04:54:14,WhatsApp,628718940808,Pribadi
1778619011412,2026-05-12 20:50:11,WhatsApp,628648024851,Grup
1778607803412,2026-05-12 17:43:23,WhatsApp,628618522849,Pribadi
1778569540412,2026-05-12 07:05:40,WhatsApp,628603484110,Grup
1778547462412,2026-05-12 00:57:42,WhatsApp,62826452008,Pribadi
1778623933412,2026-05-12 22:12:13,WhatsApp,62830382238,Grup
1778593449412,2026-05-12 13:44:09,WhatsApp,628361932999,Grup
1778595083412,2026-05-12 14:11:23,WhatsApp,628189878546,Grup
1778597949412,2026-05-12 14:59:09,WhatsApp,628802728722,Grup
1778619500412,2026-05-12 20:58:20,WhatsApp,628233542569,Grup
1778607195412,2026-05-12 17:33:15,WhatsApp,628207673862,Grup
1778558669412,2026-05-12 04:04:29,WhatsApp,628232912006,Grup
1778550181412,2026-05-12 01:43:01,WhatsApp,628198954716,Pribadi
1778568338412,2026-05-12 06:45:38,WhatsApp,628459941230,Grup
1778562260412,2026-05-12 05:04:20,WhatsApp,628410781451,Grup
1778604885412,2026-05-12 16:54:45,WhatsApp,628323495886,Grup
1778574382412,2026-05-12 08:26:22,WhatsApp,62890753800,Pribadi
1778629546412,2026-05-12 23:45:46,WhatsApp,628376116798,Grup
1778594503412,2026-05-12 14:01:43,WhatsApp,628339203397,Grup
1778580155412,2026-05-12 10:02:35,WhatsApp,628683281543,Pribadi
1778606102412,2026-05-12 17:15:02,WhatsApp,628788597028,Grup
1778585138412,2026-05-12 11:25:38,WhatsApp,62844657314,Pribadi
1778622409412,2026-05-12 21:46:49,WhatsApp,62813405230,Grup
1778581725412,2026-05-12 10:28:45,WhatsApp,62835608126,Pribadi
1778557592412,2026-05-12 03:46:32,WhatsApp,628835589070,Grup
1778616110412,2026-05-12 20:01:50,WhatsApp,628624129997,Grup
1778563553412,2026-05-12 05:25:53,WhatsApp,628809926399,Pribadi
1778554854412,2026-05-12 03:00:54,WhatsApp,628378123248,Pribadi
1778583319412,2026-05-12 10:55:19,WhatsApp,628570310083,Grup
1778581194412,2026-05-12 10:19:54,WhatsApp,628413460455,Pribadi
1778563776412,2026-05-12 05:29:36,WhatsApp,6288486046,Grup
1778590891412,2026-05-12 13:01:31,WhatsApp,628118855499,Grup
1778550862412,2026-05-12 01:54:22,WhatsApp,628859286228,Grup
1778595496412,2026-05-12 14:18:16,WhatsApp,628308251869,Pribadi
1778613571412,2026-05-12 19:19:31,WhatsApp,628341572078,Grup
1778569573412,2026-05-12 07:06:13,WhatsApp,628117050891,Pribadi
1778605939412,2026-05-12 17:12:19,WhatsApp,628339301741,Pribadi
1778613610412,2026-05-12 19:20:10,WhatsApp,628635501728,Grup
1778572398412,2026-05-12 07:53:18,WhatsApp,628196704696,Grup
1778598430412,2026-05-12 15:07:10,WhatsApp,628838671805,Grup
1778564916412,2026-05-12 05:48:36,WhatsApp,628404065841,Pribadi
1778548670412,2026-05-12 01:17:50,WhatsApp,628998449782,Grup
1778566435412,2026-05-12 06:13:55,WhatsApp,628137239587,Grup
1778574117412,2026-05-12 08:21:57,WhatsApp,628203105845,Grup
1778604434412,2026-05-12 16:47:14,WhatsApp,628100188319,Grup
1778580973412,2026-05-12 10:16:13,WhatsApp,628524753853,Grup
1778619730412,2026-05-12 21:02:10,WhatsApp,628253315434,Grup
1778557537412,2026-05-12 03:45:37,WhatsApp,628493643294,Grup
1778558518412,2026-05-12 04:01:58,WhatsApp,628909509525,Grup
1778575425412,2026-05-12 08:43:45,WhatsApp,628807192552,Grup
1778600638412,2026-05-12 15:43:58,WhatsApp,628310840542,Grup
1778568872412,2026-05-12 06:54:32,WhatsApp,628107422046,Grup
1778551262412,2026-05-12 02:01:02,WhatsApp,628765344962,Pribadi
1778627483412,2026-05-12 23:11:23,WhatsApp,628824958907,Pribadi
1778609178412,2026-05-12 18:06:18,WhatsApp,62883543632,Grup
1778589484412,2026-05-12 12:38:04,WhatsApp,628980132786,Pribadi
1778618132412,2026-05-12 20:35:32,WhatsApp,628428228554,Grup
1778602616412,2026-05-12 16:16:56,WhatsApp,628331718631,Pribadi
1778576652412,2026-05-12 09:04:12,WhatsApp,628882388481,Grup
1778544484412,2026-05-12 00:08:04,WhatsApp,628383649231,Grup
1778619428412,2026-05-12 20:57:08,WhatsApp,628226692207,Pribadi
1778623568412,2026-05-12 22:06:08,WhatsApp,628427342725,Grup
1778547558412,2026-05-12 00:59:18,WhatsApp,628984082699,Grup
1778574983412,2026-05-12 08:36:23,WhatsApp,628431273773,Grup
1778565963412,2026-05-12 06:06:03,WhatsApp,628375003993,Grup
1778577222412,2026-05-12 09:13:42,WhatsApp,628871729929,Grup
1778591991412,2026-05-12 13:19:51,WhatsApp,628978055214,Grup
1778586956412,2026-05-12 11:55:56,WhatsApp,628919849370,Pribadi
1778579676412,2026-05-12 09:54:36,WhatsApp,628345688906,Grup
1778566270412,2026-05-12 06:11:10,WhatsApp,628238033359,Grup
1778571486412,2026-05-12 07:38:06,WhatsApp,628746434000,Grup
1778617568412,2026-05-12 20:26:08,Discord,user68940,DM
1778554273412,2026-05-12 02:51:13,Discord,user42494,DM
1778607902412,2026-05-12 17:45:02,Discord,user91856,DM
1778620698412,2026-05-12 21:18:18,Discord,user8309,DM
1778619659412,2026-05-12 21:00:59,Discord,user44670,DM
1778599624412,2026-05-12 15:27:04,Discord,user45368,DM
1778582976412,2026-05-12 10:49:36,Discord,user58179,Server
1778589370412,2026-05-12 12:36:10,Discord,user45801,DM
1778614117412,2026-05-12 19:28:37,Discord,user18112,Server
1778556125412,2026-05-12 03:22:05,Discord,user13581,Server
1778592934412,2026-05-12 13:35:34,Discord,user2473,Server
1778620700412,2026-05-12 21:18:20,Discord,user86555,Server
1778579471412,2026-05-12 09:51:11,Discord,user61743,Server
1778555222412,2026-05-12 03:07:02,Discord,user8652,Server
1778609841412,2026-05-12 18:17:21,Discord,user70555,DM
1778546814412,2026-05-12 00:46:54,Discord,user77420,DM
1778588821412,2026-05-12 12:27:01,Discord,user91878,DM
1778626372412,2026-05-12 22:52:52,Discord,user9345,Server
1778623787412,2026-05-12 22:09:47,Discord,user49265,DM
1778567034412,2026-05-12 06:23:54,Discord,user70497,Server
1778588387412,2026-05-12 12:19:47,Discord,user27609,DM
1778598975412,2026-05-12 15:16:15,Discord,user17886,DM
1778544467412,2026-05-12 00:07:47,Discord,user70409,Server
1778628422412,2026-05-12 23:27:02,Discord,user43835,DM
1778596079412,2026-05-12 14:27:59,Discord,user96547,DM
1778605697412,2026-05-12 17:08:17,Discord,user12848,Server
1778554478412,2026-05-12 02:54:38,Discord,user21535,Server
1778616606412,2026-05-12 20:10:06,Discord,user94850,DM
1778549234412,2026-05-12 01:27:14,Discord,user452,DM
1778591831412,2026-05-12 13:17:11,Discord,user17123,Server
1778587590412,2026-05-12 12:06:30,Discord,user12481,Server
1778612272412,2026-05-12 18:57:52,Discord,user33259,DM
1778589923412,2026-05-12 12:45:23,Discord,user28752,Server
1778626712412,2026-05-12 22:58:32,Discord,user44935,DM
1778578533412,2026-05-12 09:35:33,Discord,user58962,DM
1778603420412,2026-05-12 16:30:20,Discord,user73207,DM
1778577148412,2026-05-12 09:12:28,Discord,user44839,DM
1778618640412,2026-05-12 20:44:00,Discord,user89409,DM
1778624889412,2026-05-12 22:28:09,Discord,user839,DM
1778562850412,2026-05-12 05:14:10,Discord,user21769,DM
1778555149412,2026-05-12 03:05:49,Discord,user85668,DM
1778577855412,2026-05-12 09:24:15,Discord,user16738,DM
1778563942412,2026-05-12 05:32:22,Discord,user64338,DM
1778616385412,2026-05-12 20:06:25,Discord,user33716,Server
1778567557412,2026-05-12 06:32:37,Discord,user317,Server
1778555961412,2026-05-12 03:19:21,Discord,user38553,DM
1778593331412,2026-05-12 13:42:11,Discord,user16307,Server
1778592774412,2026-05-12 13:32:54,Discord,user91183,Server
1778624691412,2026-05-12 22:24:51,Discord,user67838,Server
1778582722412,2026-05-12 10:45:22,Discord,user97308,Server
1778607187412,2026-05-12 17:33:07,Discord,user79563,Server
1778589013412,2026-05-12 12:30:13,Discord,user89002,Server
1778588900412,2026-05-12 12:28:20,Discord,user35587,DM
1778570517412,2026-05-12 07:21:57,Discord,user65923,Server
1778612970412,2026-05-12 19:09:30,Discord,user74178,Server
1778568747412,2026-05-12 06:52:27,Discord,user53191,DM
1778550577412,2026-05-12 01:49:37,Discord,user76736,DM
1778606251412,2026-05-12 17:17:31,Discord,user28782,DM
1778615092412,2026-05-12 19:44:52,Discord,user57342,Server
1778619022412,2026-05-12 20:50:22,Discord,user93910,DM
1778589155412,2026-05-12 12:32:35,Discord,user61368,Server
1778589794412,2026-05-12 12:43:14,Discord,user12450,DM
1778569660412,2026-05-12 07:07:40,Discord,user39270,DM
1778587802412,2026-05-12 12:10:02,Discord,user88450,DM
1778706056412,2026-05-13 21:00:56,WhatsApp,628192385406,Pribadi
1778690427412,2026-05-13 16:40:27,WhatsApp,628732126997,Grup
1778683800412,2026-05-13 14:50:00,WhatsApp,628961509969,Grup
1778692358412,2026-05-13 17:12:38,WhatsApp,628144009650,Pribadi
1778639530412,2026-05-13 02:32:10,WhatsApp,628859242394,Pribadi
1778679218412,2026-05-13 13:33:38,WhatsApp,628286836099,Grup
1778655460412,2026-05-13 06:57:40,WhatsApp,628638745343,Pribadi
1778681738412,2026-05-13 14:15:38,WhatsApp,628748532753,Grup
1778697661412,2026-05-13 18:41:01,WhatsApp,628836042714,Pribadi
1778654460412,2026-05-13 06:41:00,WhatsApp,628912854485,Grup
1778715436412,2026-05-13 23:37:16,WhatsApp,628348081412,Grup
1778692863412,2026-05-13 17:21:03,WhatsApp,628498479270,Pribadi
1778631351412,2026-05-13 00:15:51,WhatsApp,628600186573,Grup
1778705398412,2026-05-13 20:49:58,WhatsApp,628571158760,Grup
1778646263412,2026-05-13 04:24:23,WhatsApp,62889727572,Pribadi
1778683718412,2026-05-13 14:48:38,WhatsApp,628888287264,Grup
1778716091412,2026-05-13 23:48:11,WhatsApp,628387777039,Grup
1778682311412,2026-05-13 14:25:11,WhatsApp,628958052084,Grup
1778668607412,2026-05-13 10:36:47,WhatsApp,628133359062,Pribadi
1778648756412,2026-05-13 05:05:56,WhatsApp,628754816458,Pribadi
1778661587412,2026-05-13 08:39:47,WhatsApp,628982446689,Pribadi
1778685795412,2026-05-13 15:23:15,WhatsApp,628720786853,Grup
1778633721412,2026-05-13 00:55:21,WhatsApp,628670741799,Grup
1778710313412,2026-05-13 22:11:53,WhatsApp,628306142315,Grup
1778665939412,2026-05-13 09:52:19,WhatsApp,62817715264,Pribadi
1778685092412,2026-05-13 15:11:32,WhatsApp,628321050736,Pribadi
1778665229412,2026-05-13 09:40:29,WhatsApp,628877464131,Pribadi
1778639721412,2026-05-13 02:35:21,WhatsApp,62898034079,Pribadi
1778640651412,2026-05-13 02:50:51,WhatsApp,628933136865,Pribadi
1778703749412,2026-05-13 20:22:29,WhatsApp,62850497288,Grup
1778687449412,2026-05-13 15:50:49,WhatsApp,62846622912,Grup
1778710362412,2026-05-13 22:12:42,WhatsApp,628840903817,Pribadi
1778633983412,2026-05-13 00:59:43,WhatsApp,628256166423,Pribadi
1778663745412,2026-05-13 09:15:45,WhatsApp,628666827356,Pribadi
1778715349412,2026-05-13 23:35:49,WhatsApp,628914724392,Pribadi
1778640695412,2026-05-13 02:51:35,WhatsApp,628146923825,Grup
1778660752412,2026-05-13 08:25:52,WhatsApp,628798721987,Grup
1778638536412,2026-05-13 02:15:36,WhatsApp,628434351335,Grup
1778654531412,2026-05-13 06:42:11,WhatsApp,628593700125,Pribadi
1778683888412,2026-05-13 14:51:28,WhatsApp,628649765041,Grup
1778709768412,2026-05-13 22:02:48,WhatsApp,628446878554,Grup
1778703111412,2026-05-13 20:11:51,WhatsApp,628925592894,Grup
1778700170412,2026-05-13 19:22:50,WhatsApp,628249408602,Pribadi
1778691176412,2026-05-13 16:52:56,WhatsApp,628606515793,Pribadi
1778686311412,2026-05-13 15:31:51,WhatsApp,62858782898,Pribadi
1778705794412,2026-05-13 20:56:34,WhatsApp,628266907787,Pribadi
1778694898412,2026-05-13 17:54:58,WhatsApp,628440490445,Pribadi
1778707841412,2026-05-13 21:30:41,WhatsApp,62810547064,Grup
1778646915412,2026-05-13 04:35:15,WhatsApp,628809651484,Pribadi
1778712866412,2026-05-13 22:54:26,WhatsApp,628844997924,Grup
1778671397412,2026-05-13 11:23:17,WhatsApp,628667769596,Grup
1778703294412,2026-05-13 20:14:54,WhatsApp,628295133449,Pribadi
1778699551412,2026-05-13 19:12:31,WhatsApp,628808857066,Grup
1778642218412,2026-05-13 03:16:58,WhatsApp,628356619402,Grup
1778643622412,2026-05-13 03:40:22,WhatsApp,628378173412,Grup
1778711347412,2026-05-13 22:29:07,WhatsApp,628234732452,Grup
1778644022412,2026-05-13 03:47:02,WhatsApp,628600530581,Pribadi
1778634088412,2026-05-13 01:01:28,WhatsApp,628959072376,Grup
1778691608412,2026-05-13 17:00:08,WhatsApp,628665732153,Grup
1778674343412,2026-05-13 12:12:23,WhatsApp,628612800660,Grup
1778646989412,2026-05-13 04:36:29,WhatsApp,628665879774,Grup
1778707243412,2026-05-13 21:20:43,WhatsApp,628844340310,Grup
1778632810412,2026-05-13 00:40:10,WhatsApp,628446109628,Grup
1778667931412,2026-05-13 10:25:31,WhatsApp,628393648091,Grup
1778662727412,2026-05-13 08:58:47,WhatsApp,628345177214,Grup
1778663417412,2026-05-13 09:10:17,WhatsApp,628658396624,Grup
1778692403412,2026-05-13 17:13:23,WhatsApp,628819128341,Pribadi
1778661783412,2026-05-13 08:43:03,WhatsApp,628171268780,Grup
1778665809412,2026-05-13 09:50:09,WhatsApp,628853438657,Grup
1778677553412,2026-05-13 13:05:53,WhatsApp,628735697753,Pribadi
1778709417412,2026-05-13 21:56:57,WhatsApp,628938930034,Pribadi
1778671382412,2026-05-13 11:23:02,WhatsApp,628366192622,Pribadi
1778700684412,2026-05-13 19:31:24,WhatsApp,62851759922,Grup
1778710318412,2026-05-13 22:11:58,WhatsApp,628573969172,Pribadi
1778677126412,2026-05-13 12:58:46,WhatsApp,628334584140,Grup
1778644092412,2026-05-13 03:48:12,WhatsApp,628995977201,Grup
1778700593412,2026-05-13 19:29:53,WhatsApp,628457764926,Pribadi
1778640863412,2026-05-13 02:54:23,WhatsApp,628211641768,Grup
1778640391412,2026-05-13 02:46:31,WhatsApp,628147354854,Grup
1778652956412,2026-05-13 06:15:56,WhatsApp,628762547122,Grup
1778636381412,2026-05-13 01:39:41,WhatsApp,628592320194,Grup
1778641120412,2026-05-13 02:58:40,WhatsApp,628987820713,Grup
1778665669412,2026-05-13 09:47:49,WhatsApp,628864905460,Grup
1778692075412,2026-05-13 17:07:55,WhatsApp,628871688648,Grup
1778651461412,2026-05-13 05:51:01,WhatsApp,628260287550,Grup
1778677803412,2026-05-13 13:10:03,WhatsApp,62878955274,Grup
1778680073412,2026-05-13 13:47:53,WhatsApp,628985816153,Pribadi
1778685384412,2026-05-13 15:16:24,WhatsApp,628671299110,Grup
1778697500412,2026-05-13 18:38:20,WhatsApp,628379556601,Grup
1778704661412,2026-05-13 20:37:41,WhatsApp,628215570882,Pribadi
1778669418412,2026-05-13 10:50:18,WhatsApp,628374022681,Grup
1778635871412,2026-05-13 01:31:11,WhatsApp,628821831451,Pribadi
1778653444412,2026-05-13 06:24:04,WhatsApp,628464478230,Grup
1778674601412,2026-05-13 12:16:41,WhatsApp,628135280990,Grup
1778644362412,2026-05-13 03:52:42,WhatsApp,628575886490,Pribadi
1778660042412,2026-05-13 08:14:02,WhatsApp,628976766068,Pribadi
1778676153412,2026-05-13 12:42:33,WhatsApp,628883103685,Grup
1778694084412,2026-05-13 17:41:24,WhatsApp,628720834719,Pribadi
1778711592412,2026-05-13 22:33:12,WhatsApp,628357386817,Pribadi
1778688234412,2026-05-13 16:03:54,WhatsApp,628231839103,Grup
1778653198412,2026-05-13 06:19:58,WhatsApp,628292906501,Pribadi
1778654895412,2026-05-13 06:48:15,WhatsApp,628481824172,Pribadi
1778644374412,2026-05-13 03:52:54,WhatsApp,628556432821,Grup
1778669891412,2026-05-13 10:58:11,WhatsApp,628352410566,Grup
1778670954412,2026-05-13 11:15:54,WhatsApp,628577343919,Grup
1778698612412,2026-05-13 18:56:52,WhatsApp,628747098788,Grup
1778641281412,2026-05-13 03:01:21,WhatsApp,628641461362,Pribadi
1778710452412,2026-05-13 22:14:12,WhatsApp,62813436962,Pribadi
1778640436412,2026-05-13 02:47:16,WhatsApp,628571319799,Pribadi
1778706824412,2026-05-13 21:13:44,WhatsApp,628137751209,Grup
1778652779412,2026-05-13 06:12:59,WhatsApp,628221342772,Grup
1778651917412,2026-05-13 05:58:37,WhatsApp,628917682643,Pribadi
1778667569412,2026-05-13 10:19:29,WhatsApp,628999171769,Grup
1778692414412,2026-05-13 17:13:34,WhatsApp,628342163070,Pribadi
1778668601412,2026-05-13 10:36:41,WhatsApp,628334368799,Pribadi
1778668240412,2026-05-13 10:30:40,WhatsApp,62851829577,Grup
1778701598412,2026-05-13 19:46:38,WhatsApp,628371465058,Pribadi
1778648894412,2026-05-13 05:08:14,WhatsApp,628817066421,Pribadi
1778684994412,2026-05-13 15:09:54,WhatsApp,628575131059,Grup
1778685453412,2026-05-13 15:17:33,WhatsApp,628949686108,Pribadi
1778658155412,2026-05-13 07:42:35,WhatsApp,628634313323,Grup
1778698558412,2026-05-13 18:55:58,WhatsApp,628461664440,Grup
1778695479412,2026-05-13 18:04:39,WhatsApp,62813643085,Grup
1778684058412,2026-05-13 14:54:18,WhatsApp,628997863416,Grup
1778650272412,2026-05-13 05:31:12,WhatsApp,628813927292,Pribadi
1778699058412,2026-05-13 19:04:18,WhatsApp,628298159758,Pribadi
1778713927412,2026-05-13 23:12:07,WhatsApp,628486906272,Grup
1778667047412,2026-05-13 10:10:47,WhatsApp,628754016836,Grup
1778702686412,2026-05-13 20:04:46,WhatsApp,628528852013,Grup
1778686837412,2026-05-13 15:40:37,WhatsApp,628157915074,Pribadi
1778702988412,2026-05-13 20:09:48,WhatsApp,628472901823,Grup
1778694827412,2026-05-13 17:53:47,WhatsApp,628780978538,Grup
1778665814412,2026-05-13 09:50:14,WhatsApp,628878763921,Grup
1778634502412,2026-05-13 01:08:22,WhatsApp,628172805316,Grup
1778650969412,2026-05-13 05:42:49,WhatsApp,628521857269,Pribadi
1778649431412,2026-05-13 05:17:11,WhatsApp,62847436585,Grup
1778645765412,2026-05-13 04:16:05,WhatsApp,628709752188,Pribadi
1778651188412,2026-05-13 05:46:28,WhatsApp,628281767464,Grup
1778712212412,2026-05-13 22:43:32,WhatsApp,628624920314,Grup
1778686002412,2026-05-13 15:26:42,WhatsApp,628198548008,Grup
1778663069412,2026-05-13 09:04:29,WhatsApp,628572834927,Pribadi
1778647361412,2026-05-13 04:42:41,WhatsApp,628487588161,Pribadi
1778716015412,2026-05-13 23:46:55,WhatsApp,62870828490,Grup
1778649226412,2026-05-13 05:13:46,WhatsApp,628623422307,Pribadi
1778659081412,2026-05-13 07:58:01,WhatsApp,628577413561,Grup
1778677774412,2026-05-13 13:09:34,WhatsApp,628111156433,Pribadi
1778711746412,2026-05-13 22:35:46,WhatsApp,628660299772,Grup
1778696582412,2026-05-13 18:23:02,WhatsApp,628749009365,Pribadi
1778633105412,2026-05-13 00:45:05,WhatsApp,628544747711,Grup
1778714849412,2026-05-13 23:27:29,WhatsApp,628638465961,Grup
1778666682412,2026-05-13 10:04:42,WhatsApp,628760967102,Grup
1778715087412,2026-05-13 23:31:27,WhatsApp,628697065692,Pribadi
1778694527412,2026-05-13 17:48:47,WhatsApp,628751410440,Grup
1778661264412,2026-05-13 08:34:24,WhatsApp,628174512,Grup
1778689913412,2026-05-13 16:31:53,WhatsApp,628651060737,Pribadi
1778636879412,2026-05-13 01:47:59,WhatsApp,628393828845,Pribadi
1778702940412,2026-05-13 20:09:00,WhatsApp,628598876878,Grup
1778637733412,2026-05-13 02:02:13,WhatsApp,628624505652,Grup
1778690174412,2026-05-13 16:36:14,WhatsApp,628324417799,Grup
1778675790412,2026-05-13 12:36:30,WhatsApp,628856004272,Pribadi
1778641158412,2026-05-13 02:59:18,WhatsApp,628457229589,Grup
1778716329412,2026-05-13 23:52:09,WhatsApp,628577253193,Grup
1778716542412,2026-05-13 23:55:42,WhatsApp,628898719899,Grup
1778671472412,2026-05-13 11:24:32,WhatsApp,628940380766,Grup
1778702168412,2026-05-13 19:56:08,WhatsApp,628954687982,Grup
1778688947412,2026-05-13 16:15:47,WhatsApp,62853196289,Pribadi
1778680191412,2026-05-13 13:49:51,WhatsApp,628475068797,Pribadi
1778681435412,2026-05-13 14:10:35,WhatsApp,62817740840,Grup
1778712920412,2026-05-13 22:55:20,WhatsApp,628181829389,Pribadi
1778691264412,2026-05-13 16:54:24,WhatsApp,628321289505,Grup
1778641978412,2026-05-13 03:12:58,WhatsApp,628518143280,Grup
1778685108412,2026-05-13 15:11:48,WhatsApp,628688329028,Pribadi
1778632708412,2026-05-13 00:38:28,WhatsApp,628241798078,Pribadi
1778641244412,2026-05-13 03:00:44,WhatsApp,628856163860,Pribadi
1778688152412,2026-05-13 16:02:32,WhatsApp,628660584546,Grup
1778677879412,2026-05-13 13:11:19,WhatsApp,628149585000,Grup
1778632636412,2026-05-13 00:37:16,WhatsApp,628879083935,Pribadi
1778673863412,2026-05-13 12:04:23,WhatsApp,628166446552,Grup
1778643533412,2026-05-13 03:38:53,WhatsApp,628911906696,Grup
1778634439412,2026-05-13 01:07:19,WhatsApp,628736706379,Grup
1778709077412,2026-05-13 21:51:17,WhatsApp,628666876488,Grup
1778714558412,2026-05-13 23:22:38,WhatsApp,628855591336,Pribadi
1778690286412,2026-05-13 16:38:06,WhatsApp,628992976942,Grup
1778673904412,2026-05-13 12:05:04,WhatsApp,628103821220,Grup
1778669907412,2026-05-13 10:58:27,WhatsApp,628883852109,Grup
1778645574412,2026-05-13 04:12:54,WhatsApp,62819692513,Pribadi
1778700319412,2026-05-13 19:25:19,WhatsApp,628215554285,Pribadi
1778634519412,2026-05-13 01:08:39,WhatsApp,628756936095,Pribadi
1778671366412,2026-05-13 11:22:46,WhatsApp,628957591211,Grup
1778660557412,2026-05-13 08:22:37,WhatsApp,628508819607,Pribadi
1778689868412,2026-05-13 16:31:08,WhatsApp,628768517026,Grup
1778688627412,2026-05-13 16:10:27,WhatsApp,628278381938,Grup
1778651248412,2026-05-13 05:47:28,WhatsApp,628652627684,Pribadi
1778652875412,2026-05-13 06:14:35,Discord,user77622,Server
1778660849412,2026-05-13 08:27:29,Discord,user66532,DM
1778713817412,2026-05-13 23:10:17,Discord,user74106,Server
1778641240412,2026-05-13 03:00:40,Discord,user16972,DM
1778714772412,2026-05-13 23:26:12,Discord,user26902,Server
1778692442412,2026-05-13 17:14:02,Discord,user47791,Server
1778687445412,2026-05-13 15:50:45,Discord,user29253,Server
1778689115412,2026-05-13 16:18:35,Discord,user6624,Server
1778670760412,2026-05-13 11:12:40,Discord,user79274,Server
1778681467412,2026-05-13 14:11:07,Discord,user96029,Server
1778665876412,2026-05-13 09:51:16,Discord,user93842,Server
1778687885412,2026-05-13 15:58:05,Discord,user7997,DM
1778704143412,2026-05-13 20:29:03,Discord,user88036,DM
1778658988412,2026-05-13 07:56:28,Discord,user68960,DM
1778630768412,2026-05-13 00:06:08,Discord,user93808,Server
1778682406412,2026-05-13 14:26:46,Discord,user91801,DM
1778674003412,2026-05-13 12:06:43,Discord,user68523,DM
1778705437412,2026-05-13 20:50:37,Discord,user43045,Server
1778671652412,2026-05-13 11:27:32,Discord,user6417,DM
1778656519412,2026-05-13 07:15:19,Discord,user70483,DM
1778681186412,2026-05-13 14:06:26,Discord,user25873,Server
1778663876412,2026-05-13 09:17:56,Discord,user62494,DM
1778651008412,2026-05-13 05:43:28,Discord,user14540,Server
1778710058412,2026-05-13 22:07:38,Discord,user15217,DM
1778636415412,2026-05-13 01:40:15,Discord,user16033,DM
1778685227412,2026-05-13 15:13:47,Discord,user38472,Server
1778696116412,2026-05-13 18:15:16,Discord,user89166,Server
1778654615412,2026-05-13 06:43:35,Discord,user40436,Server
1778708080412,2026-05-13 21:34:40,Discord,user44997,DM
1778709847412,2026-05-13 22:04:07,Discord,user12283,Server
1778691778412,2026-05-13 17:02:58,Discord,user49669,DM
1778637480412,2026-05-13 01:58:00,Discord,user84543,Server
1778677955412,2026-05-13 13:12:35,Discord,user22821,Server
1778685176412,2026-05-13 15:12:56,Discord,user57966,DM
1778699391412,2026-05-13 19:09:51,Discord,user47010,DM
1778695537412,2026-05-13 18:05:37,Discord,user50854,DM
1778670986412,2026-05-13 11:16:26,Discord,user45435,DM
1778647507412,2026-05-13 04:45:07,Discord,user41129,Server
1778702258412,2026-05-13 19:57:38,Discord,user17174,DM
1778691647412,2026-05-13 17:00:47,Discord,user87703,Server
1778692690412,2026-05-13 17:18:10,Discord,user83275,DM
1778667986412,2026-05-13 10:26:26,Discord,user94381,Server
1778676636412,2026-05-13 12:50:36,Discord,user70844,DM
1778674503412,2026-05-13 12:15:03,Discord,user54747,Server
1778682335412,2026-05-13 14:25:35,Discord,user27116,Server
1778657652412,2026-05-13 07:34:12,Discord,user85356,DM
1778700735412,2026-05-13 19:32:15,Discord,user15483,DM
1778631139412,2026-05-13 00:12:19,Discord,user71796,DM
1778647799412,2026-05-13 04:49:59,Discord,user6297,Server
1778636636412,2026-05-13 01:43:56,Discord,user3331,Server
1778640313412,2026-05-13 02:45:13,Discord,user50675,Server
1778711745412,2026-05-13 22:35:45,Discord,user23308,Server
1778668793412,2026-05-13 10:39:53,Discord,user24246,DM
1778689305412,2026-05-13 16:21:45,Discord,user48326,Server
1778633782412,2026-05-13 00:56:22,Discord,user99504,Server
1778639740412,2026-05-13 02:35:40,Discord,user55328,DM
1778683482412,2026-05-13 14:44:42,Discord,user21139,Server
1778668459412,2026-05-13 10:34:19,Discord,user13445,DM
1778703060412,2026-05-13 20:11:00,Discord,user46147,DM
1778763768412,2026-05-14 13:02:48,WhatsApp,628269832616,Grup
1778740295412,2026-05-14 06:31:35,WhatsApp,628426706741,Grup
1778735271412,2026-05-14 05:07:51,WhatsApp,628318490644,Grup
1778779607412,2026-05-14 17:26:47,WhatsApp,628854982786,Pribadi
1778773083412,2026-05-14 15:38:03,WhatsApp,628282937136,Grup
1778771506412,2026-05-14 15:11:46,WhatsApp,628229660398,Grup
1778774208412,2026-05-14 15:56:48,WhatsApp,628324197448,Grup
1778737946412,2026-05-14 05:52:26,WhatsApp,628364850149,Grup
1778758618412,2026-05-14 11:36:58,WhatsApp,628734571836,Pribadi
1778755038412,2026-05-14 10:37:18,WhatsApp,628128920498,Grup
1778770744412,2026-05-14 14:59:04,WhatsApp,628493377312,Grup
1778781809412,2026-05-14 18:03:29,WhatsApp,62859164295,Pribadi
1778767270412,2026-05-14 14:01:10,WhatsApp,628956814958,Grup
1778794278412,2026-05-14 21:31:18,WhatsApp,62821675885,Grup
1778748615412,2026-05-14 08:50:15,WhatsApp,628254276275,Pribadi
1778781113412,2026-05-14 17:51:53,WhatsApp,628984057882,Grup
1778798879412,2026-05-14 22:47:59,WhatsApp,628835120946,Grup
1778741201412,2026-05-14 06:46:41,WhatsApp,628517773232,Grup
1778784443412,2026-05-14 18:47:23,WhatsApp,628955869928,Grup
1778733954412,2026-05-14 04:45:54,WhatsApp,628357614548,Grup
1778775876412,2026-05-14 16:24:36,WhatsApp,628506917345,Grup
1778758426412,2026-05-14 11:33:46,WhatsApp,628342308456,Grup
1778739463412,2026-05-14 06:17:43,WhatsApp,628310405059,Grup
1778800248412,2026-05-14 23:10:48,WhatsApp,628141210394,Pribadi
1778737618412,2026-05-14 05:46:58,WhatsApp,628204370879,Grup
1778742802412,2026-05-14 07:13:22,WhatsApp,628394643084,Pribadi
1778724008412,2026-05-14 02:00:08,WhatsApp,628986867752,Pribadi
1778789816412,2026-05-14 20:16:56,WhatsApp,628577513427,Grup
1778749729412,2026-05-14 09:08:49,WhatsApp,628427393778,Pribadi
1778764096412,2026-05-14 13:08:16,WhatsApp,628778125472,Pribadi
1778788351412,2026-05-14 19:52:31,WhatsApp,628423412056,Pribadi
1778762145412,2026-05-14 12:35:45,WhatsApp,628710198764,Grup
1778751449412,2026-05-14 09:37:29,WhatsApp,628334401739,Pribadi
1778800991412,2026-05-14 23:23:11,WhatsApp,628851314242,Grup
1778737007412,2026-05-14 05:36:47,WhatsApp,628691647563,Pribadi
1778753390412,2026-05-14 10:09:50,WhatsApp,628972936599,Grup
1778740312412,2026-05-14 06:31:52,WhatsApp,628717452444,Pribadi
1778762807412,2026-05-14 12:46:47,WhatsApp,628322116183,Grup
1778732199412,2026-05-14 04:16:39,WhatsApp,628972028552,Pribadi
1778769966412,2026-05-14 14:46:06,WhatsApp,628419577045,Pribadi
1778720159412,2026-05-14 00:55:59,WhatsApp,628440453509,Pribadi
1778757660412,2026-05-14 11:21:00,WhatsApp,628216928422,Pribadi
1778775824412,2026-05-14 16:23:44,WhatsApp,628230965286,Grup
1778794172412,2026-05-14 21:29:32,WhatsApp,62867755507,Grup
1778729165412,2026-05-14 03:26:05,WhatsApp,628474399124,Pribadi
1778752005412,2026-05-14 09:46:45,WhatsApp,628549959010,Grup
1778774757412,2026-05-14 16:05:57,WhatsApp,628827184314,Grup
1778795037412,2026-05-14 21:43:57,WhatsApp,628180053389,Grup
1778776470412,2026-05-14 16:34:30,WhatsApp,628308202081,Grup
1778790580412,2026-05-14 20:29:40,WhatsApp,628340014996,Grup
1778738279412,2026-05-14 05:57:59,WhatsApp,628693815447,Grup
1778752951412,2026-05-14 10:02:31,WhatsApp,628845447242,Grup
1778732629412,2026-05-14 04:23:49,WhatsApp,628497960177,Pribadi
1778794119412,2026-05-14 21:28:39,WhatsApp,628903786736,Grup
1778731517412,2026-05-14 04:05:17,WhatsApp,62843472441,Pribadi
1778723282412,2026-05-14 01:48:02,WhatsApp,628655238009,Pribadi
1778794085412,2026-05-14 21:28:05,WhatsApp,628517644507,Pribadi
1778757252412,2026-05-14 11:14:12,WhatsApp,628838378099,Grup
1778716903412,2026-05-14 00:01:43,WhatsApp,628489239351,Grup
1778785489412,2026-05-14 19:04:49,WhatsApp,628179752461,Pribadi
1778757162412,2026-05-14 11:12:42,WhatsApp,628364553974,Grup
1778750906412,2026-05-14 09:28:26,WhatsApp,62835253510,Grup
1778790254412,2026-05-14 20:24:14,WhatsApp,628777624281,Grup
1778775122412,2026-05-14 16:12:02,WhatsApp,628974117161,Grup
1778763306412,2026-05-14 12:55:06,WhatsApp,62882384583,Grup
1778800955412,2026-05-14 23:22:35,WhatsApp,628697842708,Grup
1778745705412,2026-05-14 08:01:45,WhatsApp,628990912569,Pribadi
1778739201412,2026-05-14 06:13:21,WhatsApp,628161650539,Grup
1778739603412,2026-05-14 06:20:03,WhatsApp,628914234076,Grup
1778720537412,2026-05-14 01:02:17,WhatsApp,628106099300,Pribadi
1778802420412,2026-05-14 23:47:00,WhatsApp,628833995074,Pribadi
1778762838412,2026-05-14 12:47:18,WhatsApp,628724862547,Pribadi
1778786545412,2026-05-14 19:22:25,WhatsApp,628785291811,Grup
1778729631412,2026-05-14 03:33:51,WhatsApp,628223016835,Pribadi
1778730541412,2026-05-14 03:49:01,WhatsApp,628241125231,Pribadi
1778763512412,2026-05-14 12:58:32,WhatsApp,628499209554,Grup
1778736512412,2026-05-14 05:28:32,WhatsApp,628482128807,Grup
1778770968412,2026-05-14 15:02:48,WhatsApp,6287237294,Pribadi
1778737078412,2026-05-14 05:37:58,WhatsApp,628919222464,Grup
1778737692412,2026-05-14 05:48:12,WhatsApp,628855847540,Grup
1778761337412,2026-05-14 12:22:17,WhatsApp,628292418241,Pribadi
1778795724412,2026-05-14 21:55:24,WhatsApp,628974889393,Grup
1778728905412,2026-05-14 03:21:45,WhatsApp,628173534069,Grup
1778788428412,2026-05-14 19:53:48,WhatsApp,628366075628,Grup
1778788635412,2026-05-14 19:57:15,WhatsApp,628732060723,Grup
1778782472412,2026-05-14 18:14:32,WhatsApp,628846928012,Pribadi
1778730455412,2026-05-14 03:47:35,WhatsApp,628246263377,Pribadi
1778767182412,2026-05-14 13:59:42,WhatsApp,628685493215,Grup
1778756916412,2026-05-14 11:08:36,WhatsApp,628267319814,Grup
1778717352412,2026-05-14 00:09:12,WhatsApp,628160930297,Grup
1778737419412,2026-05-14 05:43:39,WhatsApp,628482941121,Pribadi
1778741931412,2026-05-14 06:58:51,WhatsApp,628175437423,Pribadi
1778742971412,2026-05-14 07:16:11,WhatsApp,628608540437,Grup
1778763998412,2026-05-14 13:06:38,WhatsApp,628764507736,Grup
1778763515412,2026-05-14 12:58:35,WhatsApp,628831200204,Grup
1778727913412,2026-05-14 03:05:13,WhatsApp,628289831379,Grup
1778750333412,2026-05-14 09:18:53,WhatsApp,628393569399,Grup
1778786659412,2026-05-14 19:24:19,WhatsApp,628290416537,Pribadi
1778720142412,2026-05-14 00:55:42,WhatsApp,628891757481,Grup
1778754894412,2026-05-14 10:34:54,WhatsApp,628730959927,Pribadi
1778796190412,2026-05-14 22:03:10,WhatsApp,628666860999,Pribadi
1778740278412,2026-05-14 06:31:18,WhatsApp,628505645126,Pribadi
1778740755412,2026-05-14 06:39:15,WhatsApp,628705494353,Pribadi
1778771210412,2026-05-14 15:06:50,WhatsApp,628181233454,Grup
1778735220412,2026-05-14 05:07:00,WhatsApp,628374577135,Grup
1778773329412,2026-05-14 15:42:09,WhatsApp,628471648458,Pribadi
1778720432412,2026-05-14 01:00:32,WhatsApp,628334319359,Grup
1778791598412,2026-05-14 20:46:38,WhatsApp,628299567486,Grup
1778735274412,2026-05-14 05:07:54,WhatsApp,628717869633,Grup
1778767224412,2026-05-14 14:00:24,WhatsApp,628173469724,Grup
1778776622412,2026-05-14 16:37:02,WhatsApp,628904077798,Grup
1778778347412,2026-05-14 17:05:47,WhatsApp,628914212277,Pribadi
1778722133412,2026-05-14 01:28:53,WhatsApp,628463248,Grup
1778742963412,2026-05-14 07:16:03,WhatsApp,62861322462,Pribadi
1778721299412,2026-05-14 01:14:59,WhatsApp,628816246119,Grup
1778756064412,2026-05-14 10:54:24,WhatsApp,628299981863,Grup
1778725491412,2026-05-14 02:24:51,WhatsApp,628949803495,Pribadi
1778763906412,2026-05-14 13:05:06,WhatsApp,62886089720,Grup
1778777999412,2026-05-14 16:59:59,WhatsApp,628961649822,Grup
1778775754412,2026-05-14 16:22:34,WhatsApp,628906568325,Pribadi
1778776968412,2026-05-14 16:42:48,WhatsApp,628757914884,Grup
1778771629412,2026-05-14 15:13:49,WhatsApp,628927931123,Pribadi
1778768394412,2026-05-14 14:19:54,WhatsApp,628563347963,Pribadi
1778753999412,2026-05-14 10:19:59,WhatsApp,628688610806,Pribadi
1778750454412,2026-05-14 09:20:54,WhatsApp,628987011724,Grup
1778766393412,2026-05-14 13:46:33,WhatsApp,628979194199,Pribadi
1778755503412,2026-05-14 10:45:03,WhatsApp,628185373660,Grup
1778730560412,2026-05-14 03:49:20,WhatsApp,628351118895,Grup
1778785699412,2026-05-14 19:08:19,WhatsApp,628396181424,Grup
1778730811412,2026-05-14 03:53:31,WhatsApp,628333852458,Grup
1778749038412,2026-05-14 08:57:18,WhatsApp,628658507832,Grup
1778737652412,2026-05-14 05:47:32,WhatsApp,628795947259,Grup
1778720047412,2026-05-14 00:54:07,WhatsApp,628968751752,Grup
1778769142412,2026-05-14 14:32:22,WhatsApp,628784450923,Grup
1778748128412,2026-05-14 08:42:08,WhatsApp,628703676578,Grup
1778773671412,2026-05-14 15:47:51,WhatsApp,628332707397,Grup
1778720564412,2026-05-14 01:02:44,WhatsApp,628889367695,Grup
1778769722412,2026-05-14 14:42:02,WhatsApp,628401913426,Pribadi
1778799099412,2026-05-14 22:51:39,WhatsApp,628820834264,Grup
1778756838412,2026-05-14 11:07:18,WhatsApp,628616200860,Grup
1778799751412,2026-05-14 23:02:31,WhatsApp,628990602444,Pribadi
1778720717412,2026-05-14 01:05:17,WhatsApp,628530321011,Grup
1778786955412,2026-05-14 19:29:15,WhatsApp,628363440027,Grup
1778756202412,2026-05-14 10:56:42,WhatsApp,628349698885,Pribadi
1778781345412,2026-05-14 17:55:45,WhatsApp,628949136582,Grup
1778723898412,2026-05-14 01:58:18,WhatsApp,628120542752,Grup
1778792629412,2026-05-14 21:03:49,WhatsApp,628927243668,Grup
1778764078412,2026-05-14 13:07:58,WhatsApp,628374486636,Pribadi
1778793646412,2026-05-14 21:20:46,WhatsApp,628694192515,Grup
1778717297412,2026-05-14 00:08:17,WhatsApp,628112623243,Grup
1778753638412,2026-05-14 10:13:58,WhatsApp,628166363352,Pribadi
1778717779412,2026-05-14 00:16:19,WhatsApp,62848001227,Pribadi
1778774398412,2026-05-14 15:59:58,WhatsApp,628696031699,Pribadi
1778780308412,2026-05-14 17:38:28,WhatsApp,628495990379,Grup
1778773761412,2026-05-14 15:49:21,WhatsApp,628948142822,Grup
1778763510412,2026-05-14 12:58:30,WhatsApp,628576259865,Pribadi
1778794755412,2026-05-14 21:39:15,WhatsApp,628941048198,Grup
1778781669412,2026-05-14 18:01:09,WhatsApp,628905416078,Pribadi
1778789622412,2026-05-14 20:13:42,WhatsApp,628780288063,Grup
1778722692412,2026-05-14 01:38:12,WhatsApp,628176467823,Grup
1778755932412,2026-05-14 10:52:12,WhatsApp,628636755956,Grup
1778786014412,2026-05-14 19:13:34,WhatsApp,628737761807,Grup
1778732213412,2026-05-14 04:16:53,WhatsApp,628613221950,Grup
1778733132412,2026-05-14 04:32:12,WhatsApp,628669138246,Grup
1778720590412,2026-05-14 01:03:10,WhatsApp,628565344377,Grup
1778798998412,2026-05-14 22:49:58,WhatsApp,628705053685,Grup
1778794375412,2026-05-14 21:32:55,WhatsApp,628785858673,Grup
1778739039412,2026-05-14 06:10:39,WhatsApp,628497351564,Grup
1778740806412,2026-05-14 06:40:06,WhatsApp,628577002047,Grup
1778733965412,2026-05-14 04:46:05,WhatsApp,628948918103,Pribadi
1778750508412,2026-05-14 09:21:48,WhatsApp,62855608310,Grup
1778752552412,2026-05-14 09:55:52,WhatsApp,628719016366,Pribadi
1778730124412,2026-05-14 03:42:04,WhatsApp,628979415841,Grup
1778734771412,2026-05-14 04:59:31,WhatsApp,628738482776,Grup
1778721578412,2026-05-14 01:19:38,WhatsApp,628983537528,Grup
1778787867412,2026-05-14 19:44:27,WhatsApp,628461210550,Grup
1778782678412,2026-05-14 18:17:58,WhatsApp,628834941314,Pribadi
1778780450412,2026-05-14 17:40:50,WhatsApp,628932081737,Grup
1778797685412,2026-05-14 22:28:05,WhatsApp,6289984657,Grup
1778790618412,2026-05-14 20:30:18,WhatsApp,628708012353,Grup
1778797430412,2026-05-14 22:23:50,WhatsApp,62831685954,Grup
1778795461412,2026-05-14 21:51:01,WhatsApp,628848886681,Pribadi
1778763008412,2026-05-14 12:50:08,WhatsApp,628366871146,Pribadi
1778738696412,2026-05-14 06:04:56,WhatsApp,62899435132,Grup
1778796943412,2026-05-14 22:15:43,WhatsApp,628317603074,Pribadi
1778759013412,2026-05-14 11:43:33,WhatsApp,628897346017,Grup
1778790908412,2026-05-14 20:35:08,WhatsApp,628716374796,Grup
1778765476412,2026-05-14 13:31:16,WhatsApp,628822603126,Grup
1778784827412,2026-05-14 18:53:47,WhatsApp,628498345905,Grup
1778784079412,2026-05-14 18:41:19,WhatsApp,628936876569,Grup
1778727831412,2026-05-14 03:03:51,WhatsApp,628390948616,Pribadi
1778795051412,2026-05-14 21:44:11,WhatsApp,628887389286,Pribadi
1778722331412,2026-05-14 01:32:11,WhatsApp,628783929438,Pribadi
1778726696412,2026-05-14 02:44:56,WhatsApp,628806185350,Grup
1778729859412,2026-05-14 03:37:39,Discord,user60135,DM
1778736030412,2026-05-14 05:20:30,Discord,user28329,Server
1778775845412,2026-05-14 16:24:05,Discord,user72395,Server
1778748928412,2026-05-14 08:55:28,Discord,user22923,Server
1778749433412,2026-05-14 09:03:53,Discord,user44830,Server
1778757858412,2026-05-14 11:24:18,Discord,user88078,Server
1778727541412,2026-05-14 02:59:01,Discord,user46115,DM
1778785434412,2026-05-14 19:03:54,Discord,user73526,DM
1778784602412,2026-05-14 18:50:02,Discord,user32777,Server
1778726767412,2026-05-14 02:46:07,Discord,user24095,DM
1778774138412,2026-05-14 15:55:38,Discord,user31627,DM
1778768187412,2026-05-14 14:16:27,Discord,user89792,DM
1778721125412,2026-05-14 01:12:05,Discord,user32753,Server
1778759892412,2026-05-14 11:58:12,Discord,user91608,DM
1778745625412,2026-05-14 08:00:25,Discord,user22913,DM
1778730438412,2026-05-14 03:47:18,Discord,user53601,DM
1778794106412,2026-05-14 21:28:26,Discord,user40851,DM
1778740160412,2026-05-14 06:29:20,Discord,user23100,Server
1778762200412,2026-05-14 12:36:40,Discord,user30967,DM
1778795929412,2026-05-14 21:58:49,Discord,user95392,DM
1778755017412,2026-05-14 10:36:57,Discord,user67389,Server
1778774014412,2026-05-14 15:53:34,Discord,user68924,Server
1778774577412,2026-05-14 16:02:57,Discord,user59751,Server
1778792574412,2026-05-14 21:02:54,Discord,user96709,Server
1778800510412,2026-05-14 23:15:10,Discord,user93252,Server
1778755999412,2026-05-14 10:53:19,Discord,user18831,Server
1778770544412,2026-05-14 14:55:44,Discord,user76445,DM
1778781542412,2026-05-14 17:59:02,Discord,user47724,DM
1778758144412,2026-05-14 11:29:04,Discord,user15291,Server
1778775978412,2026-05-14 16:26:18,Discord,user5433,Server
1778775594412,2026-05-14 16:19:54,Discord,user70545,DM
1778786555412,2026-05-14 19:22:35,Discord,user62306,DM
1778788927412,2026-05-14 20:02:07,Discord,user81971,DM
1778800881412,2026-05-14 23:21:21,Discord,user63463,DM
1778769766412,2026-05-14 14:42:46,Discord,user90446,DM
1778736047412,2026-05-14 05:20:47,Discord,user41149,DM
1778800693412,2026-05-14 23:18:13,Discord,user94887,DM
1778775297412,2026-05-14 16:14:57,Discord,user82011,DM
1778791473412,2026-05-14 20:44:33,Discord,user23310,DM
1778720288412,2026-05-14 00:58:08,Discord,user2570,DM
1778790660412,2026-05-14 20:31:00,Discord,user93425,Server
1778802875412,2026-05-14 23:54:35,Discord,user55474,Server
1778790388412,2026-05-14 20:26:28,Discord,user64037,Server
1778748387412,2026-05-14 08:46:27,Discord,user8909,Server
1778758387412,2026-05-14 11:33:07,Discord,user783,DM
1778733851412,2026-05-14 04:44:11,Discord,user47525,Server
1778738512412,2026-05-14 06:01:52,Discord,user60113,Server
1778762828412,2026-05-14 12:47:08,Discord,user79794,DM
1778793561412,2026-05-14 21:19:21,Discord,user21223,Server
1778779755412,2026-05-14 17:29:15,Discord,user83688,DM
1778752885412,2026-05-14 10:01:25,Discord,user95395,Server
1778743585412,2026-05-14 07:26:25,Discord,user94380,Server
1778798717412,2026-05-14 22:45:17,Discord,user81915,Server
1778739006412,2026-05-14 06:10:06,Discord,user42839,DM
1778778674412,2026-05-14 17:11:14,Discord,user93662,DM
1778796342412,2026-05-14 22:05:42,Discord,user58731,Server
1778755360412,2026-05-14 10:42:40,Discord,user16324,Server
1778729220412,2026-05-14 03:27:00,Discord,user53792,Server
1778719381412,2026-05-14 00:43:01,Discord,user78410,Server
1778802659412,2026-05-14 23:50:59,Discord,user18310,Server
1778801472412,2026-05-14 23:31:12,Discord,user87030,Server
1778855425412,2026-05-15 14:30:25,WhatsApp,628221915982,Pribadi
1778887901412,2026-05-15 23:31:41,WhatsApp,628787270428,Grup
1778827474412,2026-05-15 06:44:34,WhatsApp,628295146101,Pribadi
1778821581412,2026-05-15 05:06:21,WhatsApp,628188435704,Pribadi
1778805817412,2026-05-15 00:43:37,WhatsApp,628164805620,Pribadi
1778880929412,2026-05-15 21:35:29,WhatsApp,628897820452,Pribadi
1778807072412,2026-05-15 01:04:32,WhatsApp,628578979731,Pribadi
1778807284412,2026-05-15 01:08:04,WhatsApp,628337348939,Pribadi
1778863071412,2026-05-15 16:37:51,WhatsApp,628671839778,Grup
1778850366412,2026-05-15 13:06:06,WhatsApp,62815247971,Pribadi
1778829444412,2026-05-15 07:17:24,WhatsApp,628154604598,Pribadi
1778875079412,2026-05-15 19:57:59,WhatsApp,628754321752,Pribadi
1778814501412,2026-05-15 03:08:21,WhatsApp,628520688631,Pribadi
1778858268412,2026-05-15 15:17:48,WhatsApp,628741987472,Grup
1778814070412,2026-05-15 03:01:10,WhatsApp,628923075155,Pribadi
1778848879412,2026-05-15 12:41:19,WhatsApp,628913274757,Pribadi
1778825136412,2026-05-15 06:05:36,WhatsApp,628392820388,Grup
1778853813412,2026-05-15 14:03:33,WhatsApp,628333188765,Pribadi
1778844360412,2026-05-15 11:26:00,WhatsApp,628321217654,Grup
1778811234412,2026-05-15 02:13:54,WhatsApp,628948510867,Grup
1778826687412,2026-05-15 06:31:27,WhatsApp,628214025849,Grup
1778889558412,2026-05-15 23:59:18,WhatsApp,628808928736,Grup
1778850416412,2026-05-15 13:06:56,WhatsApp,62879916667,Grup
1778843880412,2026-05-15 11:18:00,WhatsApp,628881725686,Grup
1778831214412,2026-05-15 07:46:54,WhatsApp,628347958333,Grup
1778858399412,2026-05-15 15:19:59,WhatsApp,628930016067,Pribadi
1778815527412,2026-05-15 03:25:27,WhatsApp,628495417050,Pribadi
1778839979412,2026-05-15 10:12:59,WhatsApp,628161736994,Grup
1778880197412,2026-05-15 21:23:17,WhatsApp,628332339489,Grup
1778874642412,2026-05-15 19:50:42,WhatsApp,6282730781,Grup
1778821701412,2026-05-15 05:08:21,WhatsApp,628376718961,Grup
1778821835412,2026-05-15 05:10:35,WhatsApp,628467566379,Grup
1778821478412,2026-05-15 05:04:38,WhatsApp,628940444568,Grup
1778882562412,2026-05-15 22:02:42,WhatsApp,628425464444,Grup
1778833845412,2026-05-15 08:30:45,WhatsApp,628567325129,Pribadi
1778861139412,2026-05-15 16:05:39,WhatsApp,628708666452,Pribadi
1778869897412,2026-05-15 18:31:37,WhatsApp,628656710214,Grup
1778844227412,2026-05-15 11:23:47,WhatsApp,628954671040,Pribadi
1778883486412,2026-05-15 22:18:06,WhatsApp,628301075843,Grup
1778884135412,2026-05-15 22:28:55,WhatsApp,628457322097,Pribadi
1778819916412,2026-05-15 04:38:36,WhatsApp,628258565651,Pribadi
1778817857412,2026-05-15 04:04:17,WhatsApp,628380494382,Pribadi
1778864437412,2026-05-15 17:00:37,WhatsApp,628290241382,Grup
1778848437412,2026-05-15 12:33:57,WhatsApp,628437639987,Grup
1778832968412,2026-05-15 08:16:08,WhatsApp,628579752864,Pribadi
1778834940412,2026-05-15 08:49:00,WhatsApp,628431914408,Grup
1778861615412,2026-05-15 16:13:35,WhatsApp,628336984156,Pribadi
1778841784412,2026-05-15 10:43:04,WhatsApp,628425715761,Grup
1778853354412,2026-05-15 13:55:54,WhatsApp,628320931103,Grup
1778856442412,2026-05-15 14:47:22,WhatsApp,628264344772,Grup
1778854990412,2026-05-15 14:23:10,WhatsApp,628488204585,Grup
1778860396412,2026-05-15 15:53:16,WhatsApp,628659942021,Pribadi
1778808190412,2026-05-15 01:23:10,WhatsApp,628839347228,Pribadi
1778852219412,2026-05-15 13:36:59,WhatsApp,628900353787,Grup
1778869328412,2026-05-15 18:22:08,WhatsApp,628816994461,Grup
1778865466412,2026-05-15 17:17:46,WhatsApp,628230853796,Grup
1778820010412,2026-05-15 04:40:10,WhatsApp,628298485452,Pribadi
1778843610412,2026-05-15 11:13:30,WhatsApp,628134877308,Grup
1778812696412,2026-05-15 02:38:16,WhatsApp,628842611844,Grup
1778854289412,2026-05-15 14:11:29,WhatsApp,628335443419,Grup
1778815222412,2026-05-15 03:20:22,WhatsApp,628277307142,Grup
1778850168412,2026-05-15 13:02:48,WhatsApp,628153850581,Grup
1778864012412,2026-05-15 16:53:32,WhatsApp,628191609246,Pribadi
1778828658412,2026-05-15 07:04:18,WhatsApp,628568535006,Grup
1778835145412,2026-05-15 08:52:25,WhatsApp,628826364677,Grup
1778833655412,2026-05-15 08:27:35,WhatsApp,628357116029,Grup
1778873160412,2026-05-15 19:26:00,WhatsApp,628372373886,Grup
1778855035412,2026-05-15 14:23:55,WhatsApp,628789184325,Grup
1778829439412,2026-05-15 07:17:19,WhatsApp,628334451882,Grup
1778833156412,2026-05-15 08:19:16,WhatsApp,628173522032,Pribadi
1778828565412,2026-05-15 07:02:45,WhatsApp,628377153221,Pribadi
1778808934412,2026-05-15 01:35:34,WhatsApp,628560478545,Grup
1778869301412,2026-05-15 18:21:41,WhatsApp,62833598967,Pribadi
1778814128412,2026-05-15 03:02:08,WhatsApp,628466860142,Grup
1778884070412,2026-05-15 22:27:50,WhatsApp,628587636589,Grup
1778875255412,2026-05-15 20:00:55,WhatsApp,628533514909,Pribadi
1778866470412,2026-05-15 17:34:30,WhatsApp,62894175480,Grup
1778843675412,2026-05-15 11:14:35,WhatsApp,628703581953,Pribadi
1778805236412,2026-05-15 00:33:56,WhatsApp,628695557269,Pribadi
1778824053412,2026-05-15 05:47:33,WhatsApp,628363635768,Pribadi
1778805144412,2026-05-15 00:32:24,WhatsApp,628967120968,Pribadi
1778857014412,2026-05-15 14:56:54,WhatsApp,628302977317,Pribadi
1778871078412,2026-05-15 18:51:18,WhatsApp,628801564002,Grup
1778828922412,2026-05-15 07:08:42,WhatsApp,628410316756,Grup
1778880295412,2026-05-15 21:24:55,WhatsApp,62864289931,Grup
1778807307412,2026-05-15 01:08:27,WhatsApp,628563997046,Grup
1778866359412,2026-05-15 17:32:39,WhatsApp,628865777637,Pribadi
1778866925412,2026-05-15 17:42:05,WhatsApp,628208860391,Grup
1778808040412,2026-05-15 01:20:40,WhatsApp,628849646785,Grup
1778805019412,2026-05-15 00:30:19,WhatsApp,628753321336,Grup
1778886156412,2026-05-15 23:02:36,WhatsApp,628681942741,Pribadi
1778829991412,2026-05-15 07:26:31,WhatsApp,62867982621,Pribadi
1778829229412,2026-05-15 07:13:49,WhatsApp,628423012363,Pribadi
1778860197412,2026-05-15 15:49:57,WhatsApp,628179635617,Pribadi
1778847294412,2026-05-15 12:14:54,WhatsApp,628250601645,Pribadi
1778881430412,2026-05-15 21:43:50,WhatsApp,628470169961,Pribadi
1778868323412,2026-05-15 18:05:23,WhatsApp,62864332536,Pribadi
1778849062412,2026-05-15 12:44:22,WhatsApp,628747451147,Pribadi
1778872179412,2026-05-15 19:09:39,WhatsApp,628147532714,Grup
1778832022412,2026-05-15 08:00:22,WhatsApp,628806509351,Pribadi
1778845190412,2026-05-15 11:39:50,WhatsApp,628575671805,Pribadi
1778820677412,2026-05-15 04:51:17,WhatsApp,628459215450,Pribadi
1778887997412,2026-05-15 23:33:17,WhatsApp,628918893635,Pribadi
1778807628412,2026-05-15 01:13:48,WhatsApp,628258835535,Pribadi
1778851910412,2026-05-15 13:31:50,WhatsApp,62839286322,Pribadi
1778827380412,2026-05-15 06:43:00,WhatsApp,628136624807,Grup
1778823226412,2026-05-15 05:33:46,WhatsApp,628659971655,Grup
1778864580412,2026-05-15 17:03:00,WhatsApp,628274235803,Grup
1778837338412,2026-05-15 09:28:58,WhatsApp,628665973025,Grup
1778839092412,2026-05-15 09:58:12,WhatsApp,628215222583,Grup
1778845170412,2026-05-15 11:39:30,WhatsApp,628469290394,Grup
1778859505412,2026-05-15 15:38:25,WhatsApp,628675708988,Pribadi
1778880696412,2026-05-15 21:31:36,WhatsApp,62852459175,Grup
1778851013412,2026-05-15 13:16:53,WhatsApp,62824910024,Grup
1778876920412,2026-05-15 20:28:40,WhatsApp,628383560562,Grup
1778869585412,2026-05-15 18:26:25,WhatsApp,628641032190,Grup
1778818269412,2026-05-15 04:11:09,WhatsApp,628823384974,Pribadi
1778839923412,2026-05-15 10:12:03,WhatsApp,628653309141,Grup
1778880953412,2026-05-15 21:35:53,WhatsApp,628812039580,Grup
1778863136412,2026-05-15 16:38:56,WhatsApp,628430454030,Grup
1778852361412,2026-05-15 13:39:21,WhatsApp,628384296370,Grup
1778834680412,2026-05-15 08:44:40,WhatsApp,62817021781,Grup
1778828659412,2026-05-15 07:04:19,WhatsApp,628734200636,Grup
1778856759412,2026-05-15 14:52:39,WhatsApp,628241175099,Grup
1778887220412,2026-05-15 23:20:20,WhatsApp,62839956743,Pribadi
1778853674412,2026-05-15 14:01:14,WhatsApp,628420214880,Grup
1778839051412,2026-05-15 09:57:31,WhatsApp,628541110406,Pribadi
1778852716412,2026-05-15 13:45:16,WhatsApp,628251585761,Pribadi
1778816678412,2026-05-15 03:44:38,WhatsApp,628812020413,Grup
1778835469412,2026-05-15 08:57:49,WhatsApp,628421319372,Grup
1778845361412,2026-05-15 11:42:41,WhatsApp,628233153752,Grup
1778853659412,2026-05-15 14:00:59,WhatsApp,628532821943,Pribadi
1778825040412,2026-05-15 06:04:00,WhatsApp,628598339230,Grup
1778854319412,2026-05-15 14:11:59,WhatsApp,628584147496,Pribadi
1778864872412,2026-05-15 17:07:52,WhatsApp,628119066806,Pribadi
1778821526412,2026-05-15 05:05:26,WhatsApp,628691705125,Grup
1778833878412,2026-05-15 08:31:18,WhatsApp,628723780198,Grup
1778828383412,2026-05-15 06:59:43,WhatsApp,628451266132,Grup
1778827416412,2026-05-15 06:43:36,WhatsApp,628584585285,Grup
1778856148412,2026-05-15 14:42:28,WhatsApp,628872580540,Grup
1778804433412,2026-05-15 00:20:33,WhatsApp,628963679687,Pribadi
1778880691412,2026-05-15 21:31:31,WhatsApp,628572011716,Pribadi
1778810113412,2026-05-15 01:55:13,WhatsApp,628850460068,Grup
1778881604412,2026-05-15 21:46:44,WhatsApp,628403149159,Grup
1778826174412,2026-05-15 06:22:54,WhatsApp,628621093256,Grup
1778846780412,2026-05-15 12:06:20,WhatsApp,628688090459,Grup
1778876109412,2026-05-15 20:15:09,WhatsApp,628241781087,Grup
1778877786412,2026-05-15 20:43:06,WhatsApp,62896074744,Pribadi
1778869761412,2026-05-15 18:29:21,WhatsApp,628467964152,Grup
1778842959412,2026-05-15 11:02:39,WhatsApp,628212971091,Grup
1778863875412,2026-05-15 16:51:15,WhatsApp,628462555485,Grup
1778854346412,2026-05-15 14:12:26,WhatsApp,628792243008,Grup
1778816771412,2026-05-15 03:46:11,WhatsApp,628288153258,Grup
1778865848412,2026-05-15 17:24:08,WhatsApp,628704596901,Grup
1778866425412,2026-05-15 17:33:45,WhatsApp,628237449458,Grup
1778848319412,2026-05-15 12:31:59,WhatsApp,628148525629,Grup
1778847531412,2026-05-15 12:18:51,WhatsApp,628384386348,Grup
1778804422412,2026-05-15 00:20:22,WhatsApp,628760780846,Grup
1778828674412,2026-05-15 07:04:34,WhatsApp,628388026401,Grup
1778840048412,2026-05-15 10:14:08,WhatsApp,628937257048,Pribadi
1778873270412,2026-05-15 19:27:50,WhatsApp,628339594368,Grup
1778835906412,2026-05-15 09:05:06,WhatsApp,628599689714,Grup
1778843928412,2026-05-15 11:18:48,WhatsApp,628125762349,Grup
1778844812412,2026-05-15 11:33:32,WhatsApp,628395046415,Grup
1778835655412,2026-05-15 09:00:55,WhatsApp,628769787395,Grup
1778862454412,2026-05-15 16:27:34,WhatsApp,628141020619,Pribadi
1778868920412,2026-05-15 18:15:20,WhatsApp,628307595011,Grup
1778824315412,2026-05-15 05:51:55,WhatsApp,628568303944,Grup
1778814532412,2026-05-15 03:08:52,WhatsApp,628505810019,Grup
1778843536412,2026-05-15 11:12:16,WhatsApp,628753916910,Grup
1778808497412,2026-05-15 01:28:17,WhatsApp,62861414850,Pribadi
1778846990412,2026-05-15 12:09:50,WhatsApp,628501116867,Grup
1778823076412,2026-05-15 05:31:16,WhatsApp,628956224450,Grup
1778816334412,2026-05-15 03:38:54,WhatsApp,628590255394,Pribadi
1778858255412,2026-05-15 15:17:35,WhatsApp,628712943312,Grup
1778839983412,2026-05-15 10:13:03,WhatsApp,628574179552,Grup
1778808806412,2026-05-15 01:33:26,WhatsApp,628241345718,Grup
1778876886412,2026-05-15 20:28:06,WhatsApp,628187994305,Grup
1778840670412,2026-05-15 10:24:30,WhatsApp,628736926955,Grup
1778824952412,2026-05-15 06:02:32,WhatsApp,628819200346,Grup
1778867073412,2026-05-15 17:44:33,WhatsApp,628840350997,Pribadi
1778880082412,2026-05-15 21:21:22,WhatsApp,628471572541,Pribadi
1778874241412,2026-05-15 19:44:01,WhatsApp,628168297574,Pribadi
1778832489412,2026-05-15 08:08:09,WhatsApp,628419091320,Grup
1778820046412,2026-05-15 04:40:46,WhatsApp,628872330741,Grup
1778883237412,2026-05-15 22:13:57,WhatsApp,62894252069,Pribadi
1778818472412,2026-05-15 04:14:32,WhatsApp,628921144137,Grup
1778806139412,2026-05-15 00:48:59,WhatsApp,628427825077,Pribadi
1778812259412,2026-05-15 02:30:59,Discord,user80276,DM
1778865544412,2026-05-15 17:19:04,Discord,user49748,DM
1778887767412,2026-05-15 23:29:27,Discord,user57333,DM
1778826282412,2026-05-15 06:24:42,Discord,user34542,Server
1778880535412,2026-05-15 21:28:55,Discord,user7023,Server
1778816463412,2026-05-15 03:41:03,Discord,user23678,DM
1778836173412,2026-05-15 09:09:33,Discord,user89232,Server
1778859550412,2026-05-15 15:39:10,Discord,user36389,Server
1778859132412,2026-05-15 15:32:12,Discord,user49701,Server
1778820902412,2026-05-15 04:55:02,Discord,user54951,DM
1778853322412,2026-05-15 13:55:22,Discord,user50763,DM
1778816675412,2026-05-15 03:44:35,Discord,user70466,Server
1778870737412,2026-05-15 18:45:37,Discord,user61800,DM
1778822145412,2026-05-15 05:15:45,Discord,user29509,Server
1778882271412,2026-05-15 21:57:51,Discord,user4572,DM
1778836659412,2026-05-15 09:17:39,Discord,user90800,DM
1778887007412,2026-05-15 23:16:47,Discord,user68694,DM
1778839850412,2026-05-15 10:10:50,Discord,user19350,Server
1778866677412,2026-05-15 17:37:57,Discord,user77701,DM
1778833321412,2026-05-15 08:22:01,Discord,user64164,DM
1778878638412,2026-05-15 20:57:18,Discord,user79667,DM
1778886786412,2026-05-15 23:13:06,Discord,user11046,DM
1778840696412,2026-05-15 10:24:56,Discord,user9684,DM
1778851994412,2026-05-15 13:33:14,Discord,user98248,Server
1778849950412,2026-05-15 12:59:10,Discord,user79368,DM
1778812261412,2026-05-15 02:31:01,Discord,user49813,Server
1778853641412,2026-05-15 14:00:41,Discord,user24058,DM
1778828757412,2026-05-15 07:05:57,Discord,user66218,DM
1778809451412,2026-05-15 01:44:11,Discord,user97027,DM
1778885899412,2026-05-15 22:58:19,Discord,user66341,DM
1778858958412,2026-05-15 15:29:18,Discord,user54974,DM
1778848658412,2026-05-15 12:37:38,Discord,user18056,Server
1778840566412,2026-05-15 10:22:46,Discord,user47667,Server
1778812940412,2026-05-15 02:42:20,Discord,user73128,DM
1778807019412,2026-05-15 01:03:39,Discord,user57716,DM
1778887239412,2026-05-15 23:20:39,Discord,user80682,DM
1778824907412,2026-05-15 06:01:47,Discord,user37762,Server
1778837583412,2026-05-15 09:33:03,Discord,user4501,DM
1778822471412,2026-05-15 05:21:11,Discord,user54291,Server
1778821728412,2026-05-15 05:08:48,Discord,user90417,Server
1778835811412,2026-05-15 09:03:31,Discord,user89277,Server
1778839992412,2026-05-15 10:13:12,Discord,user38095,Server
1778859112412,2026-05-15 15:31:52,Discord,user26810,Server
1778868358412,2026-05-15 18:05:58,Discord,user85979,DM
1778847978412,2026-05-15 12:26:18,Discord,user1856,DM
1778847839412,2026-05-15 12:23:59,Discord,user82597,Server
1778823147412,2026-05-15 05:32:27,Discord,user91168,DM
1778814167412,2026-05-15 03:02:47,Discord,user73679,DM
1778889192412,2026-05-15 23:53:12,Discord,user37800,Server
1778833517412,2026-05-15 08:25:17,Discord,user91042,DM
1778862908412,2026-05-15 16:35:08,Discord,user99020,DM
1778835786412,2026-05-15 09:03:06,Discord,user22690,Server
1778852697412,2026-05-15 13:44:57,Discord,user24547,Server
1778830232412,2026-05-15 07:30:32,Discord,user3724,Server
1778816013412,2026-05-15 03:33:33,Discord,user47870,DM
1778887603412,2026-05-15 23:26:43,Discord,user73051,DM
1778828018412,2026-05-15 06:53:38,Discord,user36341,DM
1778876006412,2026-05-15 20:13:26,Discord,user34339,DM
1778805212412,2026-05-15 00:33:32,Discord,user3688,DM
1778854496412,2026-05-15 14:14:56,Discord,user4430,DM
1778939761412,2026-05-16 13:56:01,WhatsApp,628818980472,Grup
1778967102412,2026-05-16 21:31:42,WhatsApp,628832327278,Pribadi
1778929242412,2026-05-16 11:00:42,WhatsApp,62861255334,Pribadi
1778934748412,2026-05-16 12:32:28,WhatsApp,628296561873,Grup
1778939128412,2026-05-16 13:45:28,WhatsApp,628866141905,Pribadi
1778966666412,2026-05-16 21:24:26,WhatsApp,628396795318,Grup
1778967395412,2026-05-16 21:36:35,WhatsApp,628196679815,Pribadi
1778933477412,2026-05-16 12:11:17,WhatsApp,628620027256,Pribadi
1778912098412,2026-05-16 06:14:58,WhatsApp,628469432795,Pribadi
1778924201412,2026-05-16 09:36:41,WhatsApp,628664247121,Grup
1778924586412,2026-05-16 09:43:06,WhatsApp,628569994325,Grup
1778971312412,2026-05-16 22:41:52,WhatsApp,62880605855,Pribadi
1778899478412,2026-05-16 02:44:38,WhatsApp,628421647725,Grup
1778956662412,2026-05-16 18:37:42,WhatsApp,628144043012,Grup
1778949581412,2026-05-16 16:39:41,WhatsApp,628574126542,Grup
1778952122412,2026-05-16 17:22:02,WhatsApp,628390220562,Pribadi
1778951423412,2026-05-16 17:10:23,WhatsApp,628182586146,Grup
1778905130412,2026-05-16 04:18:50,WhatsApp,62842247407,Pribadi
1778957537412,2026-05-16 18:52:17,WhatsApp,628176913578,Grup
1778959724412,2026-05-16 19:28:44,WhatsApp,628512246191,Grup
1778922562412,2026-05-16 09:09:22,WhatsApp,628348258518,Pribadi
1778894241412,2026-05-16 01:17:21,WhatsApp,628156375533,Grup
1778892499412,2026-05-16 00:48:19,WhatsApp,628517447890,Pribadi
1778928713412,2026-05-16 10:51:53,WhatsApp,628202859308,Grup
1778902138412,2026-05-16 03:28:58,WhatsApp,628968161741,Pribadi
1778960402412,2026-05-16 19:40:02,WhatsApp,62857320359,Pribadi
1778910870412,2026-05-16 05:54:30,WhatsApp,628982794763,Grup
1778971630412,2026-05-16 22:47:10,WhatsApp,628280428487,Grup
1778907895412,2026-05-16 05:04:55,WhatsApp,628563439401,Pribadi
1778971413412,2026-05-16 22:43:33,WhatsApp,628652034712,Grup
1778914794412,2026-05-16 06:59:54,WhatsApp,628534105619,Grup
1778963667412,2026-05-16 20:34:27,WhatsApp,628615589944,Pribadi
1778897613412,2026-05-16 02:13:33,WhatsApp,628339168803,Grup
1778912494412,2026-05-16 06:21:34,WhatsApp,628268801080,Grup
1778912369412,2026-05-16 06:19:29,WhatsApp,628779020101,Grup
1778951975412,2026-05-16 17:19:35,WhatsApp,628614593706,Grup
1778921225412,2026-05-16 08:47:05,WhatsApp,628201143126,Grup
1778923153412,2026-05-16 09:19:13,WhatsApp,628544711147,Grup
1778962062412,2026-05-16 20:07:42,WhatsApp,628147967931,Grup
1778903040412,2026-05-16 03:44:00,WhatsApp,6284261381,Pribadi
1778950876412,2026-05-16 17:01:16,WhatsApp,628458094027,Pribadi
1778961643412,2026-05-16 20:00:43,WhatsApp,62831894320,Pribadi
1778957055412,2026-05-16 18:44:15,WhatsApp,628834351331,Grup
1778950999412,2026-05-16 17:03:19,WhatsApp,628565311643,Pribadi
1778949998412,2026-05-16 16:46:38,WhatsApp,628131845128,Grup
1778890315412,2026-05-16 00:11:55,WhatsApp,628542663548,Grup
1778928402412,2026-05-16 10:46:42,WhatsApp,628168885568,Pribadi
1778898667412,2026-05-16 02:31:07,WhatsApp,628323603203,Pribadi
1778968415412,2026-05-16 21:53:35,WhatsApp,628147903675,Pribadi
1778910982412,2026-05-16 05:56:22,WhatsApp,628852608161,Pribadi
1778965373412,2026-05-16 21:02:53,WhatsApp,628460264105,Grup
1778917246412,2026-05-16 07:40:46,WhatsApp,628370701063,Grup
1778952139412,2026-05-16 17:22:19,WhatsApp,628454854672,Grup
1778975157412,2026-05-16 23:45:57,WhatsApp,628336789681,Pribadi
1778929623412,2026-05-16 11:07:03,WhatsApp,628587455275,Grup
1778961147412,2026-05-16 19:52:27,WhatsApp,628556334414,Grup
1778905653412,2026-05-16 04:27:33,WhatsApp,628572614045,Grup
1778972357412,2026-05-16 22:59:17,WhatsApp,628234535737,Pribadi
1778949478412,2026-05-16 16:37:58,WhatsApp,628487931987,Grup
1778921874412,2026-05-16 08:57:54,WhatsApp,628253905731,Pribadi
1778941562412,2026-05-16 14:26:02,WhatsApp,62811501854,Grup
1778929751412,2026-05-16 11:09:11,WhatsApp,628400667024,Grup
1778944381412,2026-05-16 15:13:01,WhatsApp,628492403034,Grup
1778908585412,2026-05-16 05:16:25,WhatsApp,628859410534,Grup
1778902955412,2026-05-16 03:42:35,WhatsApp,628351653546,Pribadi
1778941514412,2026-05-16 14:25:14,WhatsApp,628240524343,Grup
1778924989412,2026-05-16 09:49:49,WhatsApp,628711284810,Pribadi
1778968033412,2026-05-16 21:47:13,WhatsApp,628447345907,Pribadi
1778905087412,2026-05-16 04:18:07,WhatsApp,628967988462,Pribadi
1778932080412,2026-05-16 11:48:00,WhatsApp,628298748770,Pribadi
1778920143412,2026-05-16 08:29:03,WhatsApp,628266377854,Pribadi
1778973997412,2026-05-16 23:26:37,WhatsApp,628784793584,Grup
1778945807412,2026-05-16 15:36:47,WhatsApp,628620877488,Grup
1778930731412,2026-05-16 11:25:31,WhatsApp,628842604521,Pribadi
1778909828412,2026-05-16 05:37:08,WhatsApp,628479593577,Grup
1778923289412,2026-05-16 09:21:29,WhatsApp,628687055499,Grup
1778914370412,2026-05-16 06:52:50,WhatsApp,628598469725,Grup
1778943097412,2026-05-16 14:51:37,WhatsApp,628225237079,Pribadi
1778895957412,2026-05-16 01:45:57,WhatsApp,628350030629,Pribadi
1778943668412,2026-05-16 15:01:08,WhatsApp,628569190385,Grup
1778919417412,2026-05-16 08:16:57,WhatsApp,628185085887,Pribadi
1778902428412,2026-05-16 03:33:48,WhatsApp,628322555929,Grup
1778935966412,2026-05-16 12:52:46,WhatsApp,628155486306,Pribadi
1778972575412,2026-05-16 23:02:55,WhatsApp,628913092455,Grup
1778938685412,2026-05-16 13:38:05,WhatsApp,628244859791,Grup
1778920220412,2026-05-16 08:30:20,WhatsApp,628619731423,Pribadi
1778967024412,2026-05-16 21:30:24,WhatsApp,628784096875,Grup
1778940890412,2026-05-16 14:14:50,WhatsApp,628627240409,Grup
1778928025412,2026-05-16 10:40:25,WhatsApp,628100935086,Grup
1778960219412,2026-05-16 19:36:59,WhatsApp,628219141025,Grup
1778973110412,2026-05-16 23:11:50,WhatsApp,628694951428,Grup
1778937185412,2026-05-16 13:13:05,WhatsApp,62885913598,Grup
1778962245412,2026-05-16 20:10:45,WhatsApp,628708560314,Grup
1778934161412,2026-05-16 12:22:41,WhatsApp,628131838197,Grup
1778908788412,2026-05-16 05:19:48,WhatsApp,628465305763,Pribadi
1778938478412,2026-05-16 13:34:38,WhatsApp,628754007510,Pribadi
1778960459412,2026-05-16 19:40:59,WhatsApp,62821986696,Pribadi
1778895453412,2026-05-16 01:37:33,WhatsApp,628345532263,Grup
1778908528412,2026-05-16 05:15:28,WhatsApp,62897313382,Grup
1778891784412,2026-05-16 00:36:24,WhatsApp,628702709626,Pribadi
1778964032412,2026-05-16 20:40:32,WhatsApp,628956162161,Grup
1778960591412,2026-05-16 19:43:11,WhatsApp,628833519961,Grup
1778967586412,2026-05-16 21:39:46,WhatsApp,628253519670,Grup
1778955396412,2026-05-16 18:16:36,WhatsApp,628397990116,Grup
1778963575412,2026-05-16 20:32:55,WhatsApp,628883235114,Pribadi
1778941447412,2026-05-16 14:24:07,WhatsApp,628237095287,Pribadi
1778900043412,2026-05-16 02:54:03,WhatsApp,628992064201,Pribadi
1778905392412,2026-05-16 04:23:12,WhatsApp,628987232978,Grup
1778939044412,2026-05-16 13:44:04,WhatsApp,628116994874,Pribadi
1778932273412,2026-05-16 11:51:13,WhatsApp,628999302179,Grup
1778961607412,2026-05-16 20:00:07,WhatsApp,628469443029,Grup
1778924897412,2026-05-16 09:48:17,WhatsApp,628683827670,Grup
1778955824412,2026-05-16 18:23:44,WhatsApp,628741568173,Grup
1778949610412,2026-05-16 16:40:10,WhatsApp,628661945283,Pribadi
1778915087412,2026-05-16 07:04:47,WhatsApp,628991926002,Pribadi
1778907499412,2026-05-16 04:58:19,WhatsApp,628585633218,Pribadi
1778929339412,2026-05-16 11:02:19,WhatsApp,628421617793,Pribadi
1778919472412,2026-05-16 08:17:52,WhatsApp,628346894981,Grup
1778944554412,2026-05-16 15:15:54,WhatsApp,62825833776,Grup
1778913755412,2026-05-16 06:42:35,WhatsApp,628999095449,Grup
1778958213412,2026-05-16 19:03:33,WhatsApp,628639359180,Grup
1778948721412,2026-05-16 16:25:21,WhatsApp,628573956087,Grup
1778967661412,2026-05-16 21:41:01,WhatsApp,628992092226,Pribadi
1778941587412,2026-05-16 14:26:27,WhatsApp,628415940047,Pribadi
1778965840412,2026-05-16 21:10:40,WhatsApp,628557913254,Grup
1778896200412,2026-05-16 01:50:00,WhatsApp,628491331291,Grup
1778934219412,2026-05-16 12:23:39,WhatsApp,62834062730,Pribadi
1778908723412,2026-05-16 05:18:43,WhatsApp,628930002408,Grup
1778919735412,2026-05-16 08:22:15,WhatsApp,628779264017,Grup
1778913948412,2026-05-16 06:45:48,WhatsApp,628599542494,Grup
1778897558412,2026-05-16 02:12:38,WhatsApp,628793250305,Grup
1778928608412,2026-05-16 10:50:08,WhatsApp,628115923761,Grup
1778912426412,2026-05-16 06:20:26,WhatsApp,628560323693,Pribadi
1778971815412,2026-05-16 22:50:15,WhatsApp,628640810489,Pribadi
1778962027412,2026-05-16 20:07:07,WhatsApp,628479269355,Grup
1778942111412,2026-05-16 14:35:11,WhatsApp,628384979507,Pribadi
1778932082412,2026-05-16 11:48:02,WhatsApp,628782916922,Grup
1778903072412,2026-05-16 03:44:32,WhatsApp,628501688864,Pribadi
1778938006412,2026-05-16 13:26:46,WhatsApp,628495785055,Grup
1778893406412,2026-05-16 01:03:26,WhatsApp,628808866437,Grup
1778921337412,2026-05-16 08:48:57,WhatsApp,628491144661,Grup
1778950716412,2026-05-16 16:58:36,WhatsApp,628227163304,Pribadi
1778907170412,2026-05-16 04:52:50,WhatsApp,628259008189,Grup
1778968594412,2026-05-16 21:56:34,WhatsApp,628184558429,Grup
1778911729412,2026-05-16 06:08:49,WhatsApp,628806467107,Grup
1778955553412,2026-05-16 18:19:13,WhatsApp,6284000515,Grup
1778912088412,2026-05-16 06:14:48,WhatsApp,628858183187,Pribadi
1778951598412,2026-05-16 17:13:18,WhatsApp,628621718599,Pribadi
1778936274412,2026-05-16 12:57:54,WhatsApp,628479131576,Pribadi
1778889618412,2026-05-16 00:00:18,WhatsApp,628844427497,Grup
1778961729412,2026-05-16 20:02:09,WhatsApp,628916167085,Pribadi
1778939124412,2026-05-16 13:45:24,WhatsApp,628707612796,Grup
1778959525412,2026-05-16 19:25:25,WhatsApp,628319556491,Pribadi
1778961205412,2026-05-16 19:53:25,WhatsApp,628141489527,Pribadi
1778928479412,2026-05-16 10:47:59,WhatsApp,62895588957,Grup
1778916481412,2026-05-16 07:28:01,WhatsApp,628947845326,Pribadi
1778967502412,2026-05-16 21:38:22,WhatsApp,628149327843,Grup
1778946359412,2026-05-16 15:45:59,WhatsApp,628738954771,Grup
1778945561412,2026-05-16 15:32:41,WhatsApp,628754807658,Grup
1778942620412,2026-05-16 14:43:40,WhatsApp,628828777067,Grup
1778960752412,2026-05-16 19:45:52,WhatsApp,628586334857,Pribadi
1778948168412,2026-05-16 16:16:08,WhatsApp,628530232715,Pribadi
1778899785412,2026-05-16 02:49:45,WhatsApp,628741734100,Grup
1778927624412,2026-05-16 10:33:44,WhatsApp,628989972511,Pribadi
1778954479412,2026-05-16 18:01:19,WhatsApp,628636422125,Pribadi
1778953760412,2026-05-16 17:49:20,WhatsApp,628407438686,Pribadi
1778932130412,2026-05-16 11:48:50,WhatsApp,628212160389,Grup
1778955705412,2026-05-16 18:21:45,WhatsApp,628948204027,Grup
1778891086412,2026-05-16 00:24:46,WhatsApp,628616077030,Grup
1778935168412,2026-05-16 12:39:28,WhatsApp,62899240147,Grup
1778889825412,2026-05-16 00:03:45,WhatsApp,628366673401,Grup
1778908447412,2026-05-16 05:14:07,WhatsApp,628103928908,Grup
1778953915412,2026-05-16 17:51:55,WhatsApp,628382786070,Grup
1778963097412,2026-05-16 20:24:57,WhatsApp,628793423031,Grup
1778905687412,2026-05-16 04:28:07,WhatsApp,628313578467,Grup
1778959601412,2026-05-16 19:26:41,WhatsApp,628952611804,Pribadi
1778953987412,2026-05-16 17:53:07,WhatsApp,62887847095,Grup
1778947581412,2026-05-16 16:06:21,WhatsApp,628128183715,Grup
1778939904412,2026-05-16 13:58:24,WhatsApp,628223102908,Grup
1778968419412,2026-05-16 21:53:39,WhatsApp,628601998578,Pribadi
1778968711412,2026-05-16 21:58:31,WhatsApp,628442240043,Grup
1778954710412,2026-05-16 18:05:10,WhatsApp,628346557789,Pribadi
1778956074412,2026-05-16 18:27:54,WhatsApp,628149750735,Grup
1778891334412,2026-05-16 00:28:54,WhatsApp,628111522976,Grup
1778970952412,2026-05-16 22:35:52,WhatsApp,628535862747,Grup
1778973082412,2026-05-16 23:11:22,WhatsApp,628217250120,Grup
1778891204412,2026-05-16 00:26:44,WhatsApp,628682634045,Grup
1778896569412,2026-05-16 01:56:09,WhatsApp,628994418026,Grup
1778918884412,2026-05-16 08:08:04,WhatsApp,628738490758,Grup
1778925873412,2026-05-16 10:04:33,WhatsApp,628304651353,Pribadi
1778941036412,2026-05-16 14:17:16,WhatsApp,62881141701,Grup
1778929401412,2026-05-16 11:03:21,WhatsApp,628311415249,Pribadi
1778891505412,2026-05-16 00:31:45,WhatsApp,628884093405,Pribadi
1778970195412,2026-05-16 22:23:15,WhatsApp,628589828394,Grup
1778957138412,2026-05-16 18:45:38,Discord,user47494,DM
1778942888412,2026-05-16 14:48:08,Discord,user71673,DM
1778969062412,2026-05-16 22:04:22,Discord,user14087,DM
1778899388412,2026-05-16 02:43:08,Discord,user71618,DM
1778923006412,2026-05-16 09:16:46,Discord,user39048,DM
1778938029412,2026-05-16 13:27:09,Discord,user1765,Server
1778903182412,2026-05-16 03:46:22,Discord,user6021,Server
1778956060412,2026-05-16 18:27:40,Discord,user16106,DM
1778920675412,2026-05-16 08:37:55,Discord,user19737,Server
1778896657412,2026-05-16 01:57:37,Discord,user39326,DM
1778935443412,2026-05-16 12:44:03,Discord,user54888,Server
1778890399412,2026-05-16 00:13:19,Discord,user16903,Server
1778955565412,2026-05-16 18:19:25,Discord,user11285,Server
1778935262412,2026-05-16 12:41:02,Discord,user81842,DM
1778970263412,2026-05-16 22:24:23,Discord,user65958,Server
1778973504412,2026-05-16 23:18:24,Discord,user40721,Server
1778974647412,2026-05-16 23:37:27,Discord,user717,DM
1778914092412,2026-05-16 06:48:12,Discord,user64677,DM
1778956529412,2026-05-16 18:35:29,Discord,user4336,DM
1778969139412,2026-05-16 22:05:39,Discord,user17018,Server
1778937311412,2026-05-16 13:15:11,Discord,user85473,Server
1778943211412,2026-05-16 14:53:31,Discord,user67770,Server
1778948846412,2026-05-16 16:27:26,Discord,user84582,Server
1778907068412,2026-05-16 04:51:08,Discord,user22350,Server
1778924628412,2026-05-16 09:43:48,Discord,user25571,Server
1778961186412,2026-05-16 19:53:06,Discord,user59843,Server
1778907243412,2026-05-16 04:54:03,Discord,user52515,Server
1778892815412,2026-05-16 00:53:35,Discord,user77122,Server
1778968458412,2026-05-16 21:54:18,Discord,user30923,DM
1778966760412,2026-05-16 21:26:00,Discord,user8774,DM
1778974524412,2026-05-16 23:35:24,Discord,user25910,DM
1778943282412,2026-05-16 14:54:42,Discord,user27699,DM
1778947125412,2026-05-16 15:58:45,Discord,user57506,DM
1778961415412,2026-05-16 19:56:55,Discord,user59308,Server
1778931069412,2026-05-16 11:31:09,Discord,user54589,DM
1778965229412,2026-05-16 21:00:29,Discord,user79781,DM
1778974052412,2026-05-16 23:27:32,Discord,user86030,DM
1778894093412,2026-05-16 01:14:53,Discord,user48725,DM
1778924589412,2026-05-16 09:43:09,Discord,user32501,Server
1778966419412,2026-05-16 21:20:19,Discord,user22770,Server
1778902911412,2026-05-16 03:41:51,Discord,user50998,Server
1778943863412,2026-05-16 15:04:23,Discord,user70255,DM
1778975434412,2026-05-16 23:50:34,Discord,user51403,DM
1778915580412,2026-05-16 07:13:00,Discord,user56333,Server
1778945160412,2026-05-16 15:26:00,Discord,user39029,DM
1778973750412,2026-05-16 23:22:30,Discord,user50318,DM
1778956616412,2026-05-16 18:36:56,Discord,user44340,Server
1778951473412,2026-05-16 17:11:13,Discord,user15594,Server
1778975070412,2026-05-16 23:44:30,Discord,user32666,Server
1778946868412,2026-05-16 15:54:28,Discord,user55904,DM
1778906357412,2026-05-16 04:39:17,Discord,user77361,DM
1778941886412,2026-05-16 14:31:26,Discord,user63688,DM
1778968008412,2026-05-16 21:46:48,Discord,user86055,Server
1778931061412,2026-05-16 11:31:01,Discord,user22007,Server
1778970822412,2026-05-16 22:33:42,Discord,user23359,Server
1778917226412,2026-05-16 07:40:26,Discord,user26613,DM
1778960114412,2026-05-16 19:35:14,Discord,user25546,DM
1778941740412,2026-05-16 14:29:00,Discord,user47496,Server
1778891569412,2026-05-16 00:32:49,Discord,user52830,DM
1778903266412,2026-05-16 03:47:46,Discord,user90642,Server
1778975181412,2026-05-16 23:46:21,Discord,user66450,DM
1778933752412,2026-05-16 12:15:52,Discord,user45699,Server
1778963562412,2026-05-16 20:32:42,Discord,user8585,DM
1778909443412,2026-05-16 05:30:43,Discord,user28730,Server
1778947993412,2026-05-16 16:13:13,Discord,user96854,DM
1779061057412,2026-05-17 23:37:37,WhatsApp,628972111199,Grup
1778980926412,2026-05-17 01:22:06,WhatsApp,628788690885,Grup
1779009276412,2026-05-17 09:14:36,WhatsApp,628327189792,Pribadi
1779043176412,2026-05-17 18:39:36,WhatsApp,628508463398,Pribadi
1778990271412,2026-05-17 03:57:51,WhatsApp,628140838945,Grup
1778985048412,2026-05-17 02:30:48,WhatsApp,628274993274,Pribadi
1779006254412,2026-05-17 08:24:14,WhatsApp,628319107962,Grup
1778986350412,2026-05-17 02:52:30,WhatsApp,628203501007,Grup
1779060706412,2026-05-17 23:31:46,WhatsApp,628566333630,Grup
1779047073412,2026-05-17 19:44:33,WhatsApp,628865285949,Grup
1779040062412,2026-05-17 17:47:42,WhatsApp,628925426039,Pribadi
1779014186412,2026-05-17 10:36:26,WhatsApp,628366514488,Grup
1779029341412,2026-05-17 14:49:01,WhatsApp,62852879210,Grup
1779002920412,2026-05-17 07:28:40,WhatsApp,628406656822,Grup
1778999199412,2026-05-17 06:26:39,WhatsApp,628702287585,Pribadi
1778976184412,2026-05-17 00:03:04,WhatsApp,628596772128,Grup
1779027000412,2026-05-17 14:10:00,WhatsApp,628316853314,Pribadi
1779033767412,2026-05-17 16:02:47,WhatsApp,628886383234,Grup
1779008482412,2026-05-17 09:01:22,WhatsApp,628968788869,Grup
1778996941412,2026-05-17 05:49:01,WhatsApp,628630864148,Grup
1778986216412,2026-05-17 02:50:16,WhatsApp,628854033880,Grup
1779041309412,2026-05-17 18:08:29,WhatsApp,628489055656,Pribadi
1779001429412,2026-05-17 07:03:49,WhatsApp,628725068727,Pribadi
1779043677412,2026-05-17 18:47:57,WhatsApp,628389058617,Grup
1779039691412,2026-05-17 17:41:31,WhatsApp,628988207008,Pribadi
1779059023412,2026-05-17 23:03:43,WhatsApp,628776393062,Grup
1779011375412,2026-05-17 09:49:35,WhatsApp,628275277426,Grup
1779051931412,2026-05-17 21:05:31,WhatsApp,628281463620,Pribadi
1778991750412,2026-05-17 04:22:30,WhatsApp,62844337415,Grup
1779055809412,2026-05-17 22:10:09,WhatsApp,628221058087,Grup
1778996341412,2026-05-17 05:39:01,WhatsApp,62833310018,Grup
1779047397412,2026-05-17 19:49:57,WhatsApp,628557389550,Pribadi
1779062187412,2026-05-17 23:56:27,WhatsApp,628961023929,Grup
1778990382412,2026-05-17 03:59:42,WhatsApp,628449695736,Grup
1779061903412,2026-05-17 23:51:43,WhatsApp,628721610102,Pribadi
1779059557412,2026-05-17 23:12:37,WhatsApp,628767771873,Pribadi
1779060374412,2026-05-17 23:26:14,WhatsApp,628945016598,Pribadi
1779032243412,2026-05-17 15:37:23,WhatsApp,62873231215,Grup
1778985364412,2026-05-17 02:36:04,WhatsApp,628987978669,Pribadi
1779048086412,2026-05-17 20:01:26,WhatsApp,62899086370,Grup
1779057359412,2026-05-17 22:35:59,WhatsApp,62821691666,Pribadi
1778990739412,2026-05-17 04:05:39,WhatsApp,62836314624,Grup
1778995767412,2026-05-17 05:29:27,WhatsApp,628803470495,Grup
1778982058412,2026-05-17 01:40:58,WhatsApp,62874366871,Pribadi
1779025636412,2026-05-17 13:47:16,WhatsApp,628130642740,Grup
1779017894412,2026-05-17 11:38:14,WhatsApp,628981987815,Pribadi
1779023146412,2026-05-17 13:05:46,WhatsApp,628371472542,Pribadi
1778979617412,2026-05-17 01:00:17,WhatsApp,628750768804,Grup
1779010879412,2026-05-17 09:41:19,WhatsApp,628190001571,Grup
1778995607412,2026-05-17 05:26:47,WhatsApp,628767063103,Grup
1778984607412,2026-05-17 02:23:27,WhatsApp,628436239486,Pribadi
1779017296412,2026-05-17 11:28:16,WhatsApp,628237243145,Grup
1779027706412,2026-05-17 14:21:46,WhatsApp,628269665586,Pribadi
1779002522412,2026-05-17 07:22:02,WhatsApp,628473213186,Grup
1779016884412,2026-05-17 11:21:24,WhatsApp,628182004520,Grup
1778989386412,2026-05-17 03:43:06,WhatsApp,628245922112,Pribadi
1779059556412,2026-05-17 23:12:36,WhatsApp,628912647385,Pribadi
1779010289412,2026-05-17 09:31:29,WhatsApp,62826006563,Grup
1779031222412,2026-05-17 15:20:22,WhatsApp,628891802742,Pribadi
1778980962412,2026-05-17 01:22:42,WhatsApp,628845574856,Grup
1779016006412,2026-05-17 11:06:46,WhatsApp,628119258558,Grup
1779050636412,2026-05-17 20:43:56,WhatsApp,628915469861,Grup
1779023791412,2026-05-17 13:16:31,WhatsApp,628191272084,Pribadi
1778996535412,2026-05-17 05:42:15,WhatsApp,628541267505,Pribadi
1779003369412,2026-05-17 07:36:09,WhatsApp,628158058977,Grup
1779023341412,2026-05-17 13:09:01,WhatsApp,628187816842,Grup
1779052466412,2026-05-17 21:14:26,WhatsApp,628610686544,Grup
1779054976412,2026-05-17 21:56:16,WhatsApp,628332528145,Pribadi
1778994455412,2026-05-17 05:07:35,WhatsApp,628164572497,Pribadi
1778977882412,2026-05-17 00:31:22,WhatsApp,628654304802,Pribadi
1779010113412,2026-05-17 09:28:33,WhatsApp,628760366994,Grup
1779005490412,2026-05-17 08:11:30,WhatsApp,628174807044,Grup
1779009354412,2026-05-17 09:15:54,WhatsApp,628533660885,Grup
1778993059412,2026-05-17 04:44:19,WhatsApp,628631030433,Pribadi
1779046428412,2026-05-17 19:33:48,WhatsApp,628882758615,Grup
1779028152412,2026-05-17 14:29:12,WhatsApp,628131134981,Grup
1779008503412,2026-05-17 09:01:43,WhatsApp,628670564599,Grup
1779013760412,2026-05-17 10:29:20,WhatsApp,628435504800,Pribadi
1779029326412,2026-05-17 14:48:46,WhatsApp,628662451532,Pribadi
1778981732412,2026-05-17 01:35:32,WhatsApp,628376264051,Pribadi
1778983940412,2026-05-17 02:12:20,WhatsApp,628442318032,Grup
1779045924412,2026-05-17 19:25:24,WhatsApp,628833074048,Grup
1779047994412,2026-05-17 19:59:54,WhatsApp,628628048136,Grup
1779025982412,2026-05-17 13:53:02,WhatsApp,628139701769,Pribadi
1779038819412,2026-05-17 17:26:59,WhatsApp,628357653942,Pribadi
1779056133412,2026-05-17 22:15:33,WhatsApp,628387938784,Grup
1779047496412,2026-05-17 19:51:36,WhatsApp,628385791993,Pribadi
1778994452412,2026-05-17 05:07:32,WhatsApp,628261956918,Pribadi
1778994286412,2026-05-17 05:04:46,WhatsApp,628641130903,Grup
1779013892412,2026-05-17 10:31:32,WhatsApp,628759200585,Pribadi
1779060875412,2026-05-17 23:34:35,WhatsApp,628806234377,Grup
1779001900412,2026-05-17 07:11:40,WhatsApp,62841834265,Grup
1779058312412,2026-05-17 22:51:52,WhatsApp,628862574541,Grup
1778979110412,2026-05-17 00:51:50,WhatsApp,62816852245,Pribadi
1778987387412,2026-05-17 03:09:47,WhatsApp,62813554186,Pribadi
1779038501412,2026-05-17 17:21:41,WhatsApp,628108904128,Grup
1778995914412,2026-05-17 05:31:54,WhatsApp,62859501016,Pribadi
1779016301412,2026-05-17 11:11:41,WhatsApp,628633761296,Pribadi
1779010541412,2026-05-17 09:35:41,WhatsApp,628650107738,Grup
1779019618412,2026-05-17 12:06:58,WhatsApp,628223710097,Grup
1779028663412,2026-05-17 14:37:43,WhatsApp,628390019372,Grup
1778981246412,2026-05-17 01:27:26,WhatsApp,628364157013,Pribadi
1779003863412,2026-05-17 07:44:23,WhatsApp,628805631782,Grup
1779009683412,2026-05-17 09:21:23,WhatsApp,628537948423,Grup
1778982972412,2026-05-17 01:56:12,WhatsApp,628398104213,Pribadi
1778979280412,2026-05-17 00:54:40,WhatsApp,628245888589,Grup
1778999323412,2026-05-17 06:28:43,WhatsApp,628893694300,Grup
1779046976412,2026-05-17 19:42:56,WhatsApp,628299867733,Pribadi
1779018931412,2026-05-17 11:55:31,WhatsApp,6282626375,Pribadi
1778998345412,2026-05-17 06:12:25,WhatsApp,628226592165,Grup
1778993725412,2026-05-17 04:55:25,WhatsApp,628194341815,Pribadi
1779002381412,2026-05-17 07:19:41,WhatsApp,628291134642,Grup
1779042539412,2026-05-17 18:28:59,WhatsApp,628938294510,Grup
1779022925412,2026-05-17 13:02:05,WhatsApp,628923371989,Pribadi
1779057195412,2026-05-17 22:33:15,WhatsApp,628647314420,Pribadi
1779042499412,2026-05-17 18:28:19,WhatsApp,62882557703,Grup
1779032056412,2026-05-17 15:34:16,WhatsApp,628757247188,Pribadi
1779038907412,2026-05-17 17:28:27,WhatsApp,628769660268,Grup
1779052780412,2026-05-17 21:19:40,WhatsApp,628573659289,Grup
1779036567412,2026-05-17 16:49:27,WhatsApp,628994057662,Grup
1779016994412,2026-05-17 11:23:14,WhatsApp,628564929455,Pribadi
1779010265412,2026-05-17 09:31:05,WhatsApp,628902311188,Pribadi
1779059716412,2026-05-17 23:15:16,WhatsApp,628723462364,Grup
1778999290412,2026-05-17 06:28:10,WhatsApp,628848113339,Grup
1779010672412,2026-05-17 09:37:52,WhatsApp,628348543657,Grup
1779024507412,2026-05-17 13:28:27,WhatsApp,628148974522,Grup
1778978194412,2026-05-17 00:36:34,WhatsApp,628378389513,Grup
1779052495412,2026-05-17 21:14:55,WhatsApp,6284433430,Grup
1778999755412,2026-05-17 06:35:55,WhatsApp,628873086441,Grup
1779034156412,2026-05-17 16:09:16,WhatsApp,628580714291,Pribadi
1779024121412,2026-05-17 13:22:01,WhatsApp,628893799332,Grup
1779016352412,2026-05-17 11:12:32,WhatsApp,628929265052,Pribadi
1778992605412,2026-05-17 04:36:45,WhatsApp,628201183102,Pribadi
1779021843412,2026-05-17 12:44:03,WhatsApp,628137070875,Grup
1778982931412,2026-05-17 01:55:31,WhatsApp,628548139187,Grup
1778981912412,2026-05-17 01:38:32,WhatsApp,628459980913,Grup
1779005041412,2026-05-17 08:04:01,WhatsApp,628930904763,Grup
1779046038412,2026-05-17 19:27:18,WhatsApp,628330896184,Grup
1779062150412,2026-05-17 23:55:50,WhatsApp,628320906369,Pribadi
1779048503412,2026-05-17 20:08:23,WhatsApp,628225040200,Pribadi
1779055996412,2026-05-17 22:13:16,WhatsApp,62881041486,Pribadi
1779031854412,2026-05-17 15:30:54,WhatsApp,628810824343,Grup
1779019682412,2026-05-17 12:08:02,WhatsApp,628897937011,Grup
1779031239412,2026-05-17 15:20:39,WhatsApp,628694573854,Grup
1779023421412,2026-05-17 13:10:21,WhatsApp,62847477434,Grup
1779060905412,2026-05-17 23:35:05,WhatsApp,628990784344,Grup
1779041946412,2026-05-17 18:19:06,WhatsApp,628541281489,Grup
1779015844412,2026-05-17 11:04:04,WhatsApp,628826718717,Grup
1779006476412,2026-05-17 08:27:56,WhatsApp,628659998500,Grup
1779035004412,2026-05-17 16:23:24,WhatsApp,628803874055,Grup
1779047471412,2026-05-17 19:51:11,WhatsApp,628202828741,Grup
1778988239412,2026-05-17 03:23:59,WhatsApp,628470624775,Pribadi
1779057319412,2026-05-17 22:35:19,WhatsApp,628463686620,Grup
1779016258412,2026-05-17 11:10:58,WhatsApp,628639118036,Grup
1779018285412,2026-05-17 11:44:45,WhatsApp,628806801256,Grup
1779011458412,2026-05-17 09:50:58,WhatsApp,62842326760,Grup
1779015938412,2026-05-17 11:05:38,WhatsApp,628624461097,Pribadi
1779038135412,2026-05-17 17:15:35,WhatsApp,628729030621,Pribadi
1779047292412,2026-05-17 19:48:12,WhatsApp,628653787841,Grup
1779032888412,2026-05-17 15:48:08,WhatsApp,628115811159,Pribadi
1778998960412,2026-05-17 06:22:40,WhatsApp,628171728322,Pribadi
1779037338412,2026-05-17 17:02:18,WhatsApp,628219794660,Pribadi
1779012253412,2026-05-17 10:04:13,WhatsApp,628320942726,Grup
1779057934412,2026-05-17 22:45:34,WhatsApp,628387106829,Grup
1779018449412,2026-05-17 11:47:29,WhatsApp,628976380396,Grup
1778990597412,2026-05-17 04:03:17,WhatsApp,628739614320,Grup
1779049370412,2026-05-17 20:22:50,WhatsApp,6289994574,Pribadi
1779020189412,2026-05-17 12:16:29,WhatsApp,628599259750,Grup
1779039503412,2026-05-17 17:38:23,WhatsApp,628646033262,Pribadi
1778986651412,2026-05-17 02:57:31,WhatsApp,628916748284,Grup
1778998304412,2026-05-17 06:11:44,WhatsApp,628378135565,Grup
1779017760412,2026-05-17 11:36:00,WhatsApp,628569564783,Pribadi
1778994836412,2026-05-17 05:13:56,WhatsApp,628953336763,Pribadi
1779018067412,2026-05-17 11:41:07,WhatsApp,628655099164,Grup
1779025090412,2026-05-17 13:38:10,WhatsApp,62828155092,Pribadi
1779012108412,2026-05-17 10:01:48,WhatsApp,628548583994,Pribadi
1779052907412,2026-05-17 21:21:47,WhatsApp,628744764809,Grup
1779019327412,2026-05-17 12:02:07,WhatsApp,628668990870,Grup
1779057086412,2026-05-17 22:31:26,WhatsApp,628775334921,Pribadi
1779031917412,2026-05-17 15:31:57,WhatsApp,628161092606,Pribadi
1779030135412,2026-05-17 15:02:15,WhatsApp,628450372838,Pribadi
1779003545412,2026-05-17 07:39:05,WhatsApp,628901636340,Pribadi
1779047463412,2026-05-17 19:51:03,WhatsApp,628180374640,Pribadi
1779056819412,2026-05-17 22:26:59,WhatsApp,62832858520,Grup
1779033442412,2026-05-17 15:57:22,WhatsApp,628702153907,Pribadi
1779004028412,2026-05-17 07:47:08,WhatsApp,628895046764,Grup
1779034774412,2026-05-17 16:19:34,WhatsApp,628204510275,Pribadi
1779039701412,2026-05-17 17:41:41,WhatsApp,62825515477,Grup
1779048599412,2026-05-17 20:09:59,WhatsApp,628457069023,Pribadi
1779059565412,2026-05-17 23:12:45,WhatsApp,628398662437,Pribadi
1778983062412,2026-05-17 01:57:42,WhatsApp,628973811475,Grup
1779009070412,2026-05-17 09:11:10,WhatsApp,628695406223,Grup
1779061423412,2026-05-17 23:43:43,WhatsApp,628454139584,Pribadi
1779006734412,2026-05-17 08:32:14,WhatsApp,628879452395,Grup
1779026394412,2026-05-17 13:59:54,Discord,user60961,DM
1779006574412,2026-05-17 08:29:34,Discord,user7823,Server
1779012628412,2026-05-17 10:10:28,Discord,user74297,DM
1778999281412,2026-05-17 06:28:01,Discord,user39934,DM
1779058603412,2026-05-17 22:56:43,Discord,user16906,Server
1779025979412,2026-05-17 13:52:59,Discord,user60926,Server
1779019085412,2026-05-17 11:58:05,Discord,user33453,DM
1778992734412,2026-05-17 04:38:54,Discord,user11941,Server
1778998223412,2026-05-17 06:10:23,Discord,user96436,Server
1779038334412,2026-05-17 17:18:54,Discord,user45737,Server
1779041257412,2026-05-17 18:07:37,Discord,user41539,DM
1778990362412,2026-05-17 03:59:22,Discord,user37877,Server
1779012009412,2026-05-17 10:00:09,Discord,user83313,DM
1779033819412,2026-05-17 16:03:39,Discord,user83083,DM
1779024495412,2026-05-17 13:28:15,Discord,user56716,Server
1779059582412,2026-05-17 23:13:02,Discord,user68327,Server
1779009346412,2026-05-17 09:15:46,Discord,user56978,Server
1779034007412,2026-05-17 16:06:47,Discord,user62769,Server
1779011248412,2026-05-17 09:47:28,Discord,user67671,Server
1778980718412,2026-05-17 01:18:38,Discord,user48976,DM
1779026122412,2026-05-17 13:55:22,Discord,user76461,DM
1779050041412,2026-05-17 20:34:01,Discord,user94229,Server
1779018913412,2026-05-17 11:55:13,Discord,user16524,Server
1779032371412,2026-05-17 15:39:31,Discord,user98849,Server
1779038031412,2026-05-17 17:13:51,Discord,user7199,DM
1778977507412,2026-05-17 00:25:07,Discord,user67947,DM
1779027614412,2026-05-17 14:20:14,Discord,user92511,Server
1778980825412,2026-05-17 01:20:25,Discord,user72882,DM
1779056119412,2026-05-17 22:15:19,Discord,user56890,DM
1779042379412,2026-05-17 18:26:19,Discord,user83523,DM
1778978994412,2026-05-17 00:49:54,Discord,user69207,DM
1779058923412,2026-05-17 23:02:03,Discord,user24792,Server
1779014631412,2026-05-17 10:43:51,Discord,user28393,Server
1779049671412,2026-05-17 20:27:51,Discord,user48010,DM
1779026728412,2026-05-17 14:05:28,Discord,user98022,DM
1779018869412,2026-05-17 11:54:29,Discord,user7886,DM
1779019566412,2026-05-17 12:06:06,Discord,user72843,DM
1779032418412,2026-05-17 15:40:18,Discord,user53615,Server
1779048949412,2026-05-17 20:15:49,Discord,user4039,Server
1779047228412,2026-05-17 19:47:08,Discord,user34644,Server
1779010714412,2026-05-17 09:38:34,Discord,user68386,Server
1778993149412,2026-05-17 04:45:49,Discord,user38540,Server
1779005373412,2026-05-17 08:09:33,Discord,user83819,DM
1779040139412,2026-05-17 17:48:59,Discord,user33145,DM
1779019708412,2026-05-17 12:08:28,Discord,user78642,Server
1779051035412,2026-05-17 20:50:35,Discord,user61152,Server
1779030545412,2026-05-17 15:09:05,Discord,user25324,Server
1779002570412,2026-05-17 07:22:50,Discord,user58308,DM
1779022002412,2026-05-17 12:46:42,Discord,user23207,DM
1779058156412,2026-05-17 22:49:16,Discord,user12655,Server
1779043270412,2026-05-17 18:41:10,Discord,user34491,Server
1779000682412,2026-05-17 06:51:22,Discord,user95194,DM
1779010822412,2026-05-17 09:40:22,Discord,user27728,Server
1779002609412,2026-05-17 07:23:29,Discord,user64839,DM
1779034211412,2026-05-17 16:10:11,Discord,user46617,Server
1779010038412,2026-05-17 09:27:18,Discord,user8035,DM
1779056224412,2026-05-17 22:17:04,Discord,user50984,Server
1779041751412,2026-05-17 18:15:51,Discord,user26731,Server
1778992656412,2026-05-17 04:37:36,Discord,user72225,Server
1779017638412,2026-05-17 11:33:58,Discord,user236,DM
1779014912412,2026-05-17 10:48:32,Discord,user41641,DM
1779059251412,2026-05-17 23:07:31,Discord,user69239,Server
1779126355412,2026-05-18 17:45:55,WhatsApp,628881936391,Grup
1779092842412,2026-05-18 08:27:22,WhatsApp,628628670881,Pribadi
1779143225412,2026-05-18 22:27:05,WhatsApp,628957452827,Grup
1779120817412,2026-05-18 16:13:37,WhatsApp,628119023757,Pribadi
1779098984412,2026-05-18 10:09:44,WhatsApp,628780756451,Grup
1779139689412,2026-05-18 21:28:09,WhatsApp,628809252785,Grup
1779120017412,2026-05-18 16:00:17,WhatsApp,628374287528,Pribadi
1779144185412,2026-05-18 22:43:05,WhatsApp,628915892192,Grup
1779078787412,2026-05-18 04:33:07,WhatsApp,628427772780,Pribadi
1779113065412,2026-05-18 14:04:25,WhatsApp,628893851618,Pribadi
1779148129412,2026-05-18 23:48:49,WhatsApp,628585555656,Grup
1779069760412,2026-05-18 02:02:40,WhatsApp,628296984822,Grup
1779135909412,2026-05-18 20:25:09,WhatsApp,628245804659,Grup
1779099990412,2026-05-18 10:26:30,WhatsApp,628839123145,Grup
1779144165412,2026-05-18 22:42:45,WhatsApp,628871564289,Pribadi
1779147357412,2026-05-18 23:35:57,WhatsApp,628825946944,Pribadi
1779112861412,2026-05-18 14:01:01,WhatsApp,628574316191,Grup
1779145217412,2026-05-18 23:00:17,WhatsApp,628853703887,Grup
1779062915412,2026-05-18 00:08:35,WhatsApp,628448548163,Pribadi
1779108369412,2026-05-18 12:46:09,WhatsApp,628206274472,Grup
1779128790412,2026-05-18 18:26:30,WhatsApp,628595444128,Grup
1779128042412,2026-05-18 18:14:02,WhatsApp,628854130771,Grup
1779095342412,2026-05-18 09:09:02,WhatsApp,628618371718,Pribadi
1779069547412,2026-05-18 01:59:07,WhatsApp,628933951953,Pribadi
1779141158412,2026-05-18 21:52:38,WhatsApp,6284523688,Grup
1779066142412,2026-05-18 01:02:22,WhatsApp,62864440794,Grup
1779124203412,2026-05-18 17:10:03,WhatsApp,628520217652,Grup
1779094989412,2026-05-18 09:03:09,WhatsApp,628806379444,Grup
1779102647412,2026-05-18 11:10:47,WhatsApp,628409007449,Grup
1779143182412,2026-05-18 22:26:22,WhatsApp,628112347311,Grup
1779119886412,2026-05-18 15:58:06,WhatsApp,628148204604,Grup
1779126438412,2026-05-18 17:47:18,WhatsApp,628743909549,Grup
1779073660412,2026-05-18 03:07:40,WhatsApp,628678171458,Grup
1779123876412,2026-05-18 17:04:36,WhatsApp,628609287942,Grup
1779083557412,2026-05-18 05:52:37,WhatsApp,628414607697,Grup
1779147110412,2026-05-18 23:31:50,WhatsApp,62871475459,Pribadi
1779102833412,2026-05-18 11:13:53,WhatsApp,628201694211,Grup
1779147408412,2026-05-18 23:36:48,WhatsApp,628480287168,Grup
1779073511412,2026-05-18 03:05:11,WhatsApp,628545305842,Pribadi
1779138249412,2026-05-18 21:04:09,WhatsApp,628348979121,Grup
1779120377412,2026-05-18 16:06:17,WhatsApp,628996134049,Grup
1779090927412,2026-05-18 07:55:27,WhatsApp,628110314918,Grup
1779074045412,2026-05-18 03:14:05,WhatsApp,628426631092,Pribadi
1779098997412,2026-05-18 10:09:57,WhatsApp,628600363645,Pribadi
1779108578412,2026-05-18 12:49:38,WhatsApp,628481098672,Grup
1779147309412,2026-05-18 23:35:09,WhatsApp,628131179651,Grup
1779107922412,2026-05-18 12:38:42,WhatsApp,628699037880,Grup
1779102371412,2026-05-18 11:06:11,WhatsApp,628324293839,Grup
1779142241412,2026-05-18 22:10:41,WhatsApp,628861403435,Grup
1779062925412,2026-05-18 00:08:45,WhatsApp,62888102306,Pribadi
1779129489412,2026-05-18 18:38:09,WhatsApp,628179227778,Grup
1779094539412,2026-05-18 08:55:39,WhatsApp,628307413432,Pribadi
1779114202412,2026-05-18 14:23:22,WhatsApp,628204562557,Grup
1779069432412,2026-05-18 01:57:12,WhatsApp,628588868212,Pribadi
1779069257412,2026-05-18 01:54:17,WhatsApp,628409535986,Grup
1779092185412,2026-05-18 08:16:25,WhatsApp,628715104257,Grup
1779138820412,2026-05-18 21:13:40,WhatsApp,628943801488,Grup
1779134660412,2026-05-18 20:04:20,WhatsApp,628850907150,Pribadi
1779072546412,2026-05-18 02:49:06,WhatsApp,628978897718,Grup
1779104145412,2026-05-18 11:35:45,WhatsApp,628845894683,Grup
1779140508412,2026-05-18 21:41:48,WhatsApp,62855760693,Pribadi
1779114269412,2026-05-18 14:24:29,WhatsApp,62844207834,Pribadi
1779113186412,2026-05-18 14:06:26,WhatsApp,628584928917,Grup
1779093745412,2026-05-18 08:42:25,WhatsApp,62873725981,Pribadi
1779097034412,2026-05-18 09:37:14,WhatsApp,628978374301,Grup
1779063727412,2026-05-18 00:22:07,WhatsApp,628503712599,Pribadi
1779131171412,2026-05-18 19:06:11,WhatsApp,628912117763,Grup
1779099113412,2026-05-18 10:11:53,WhatsApp,628959981075,Grup
1779094102412,2026-05-18 08:48:22,WhatsApp,628240473681,Pribadi
1779108020412,2026-05-18 12:40:20,WhatsApp,628195853329,Grup
1779100013412,2026-05-18 10:26:53,WhatsApp,628922030003,Pribadi
1779124076412,2026-05-18 17:07:56,WhatsApp,628997789686,Grup
1779095528412,2026-05-18 09:12:08,WhatsApp,628637025709,Grup
1779087477412,2026-05-18 06:57:57,WhatsApp,628369297698,Pribadi
1779081654412,2026-05-18 05:20:54,WhatsApp,628748838847,Grup
1779117858412,2026-05-18 15:24:18,WhatsApp,628679638758,Grup
1779085393412,2026-05-18 06:23:13,WhatsApp,628124635608,Pribadi
1779129464412,2026-05-18 18:37:44,WhatsApp,628617548132,Pribadi
1779104462412,2026-05-18 11:41:02,WhatsApp,628232294044,Grup
1779086994412,2026-05-18 06:49:54,WhatsApp,628878633266,Pribadi
1779078789412,2026-05-18 04:33:09,WhatsApp,628661797869,Pribadi
1779094418412,2026-05-18 08:53:38,WhatsApp,628778508866,Grup
1779098372412,2026-05-18 09:59:32,WhatsApp,628410223147,Grup
1779141026412,2026-05-18 21:50:26,WhatsApp,628955356032,Grup
1779112839412,2026-05-18 14:00:39,WhatsApp,628237319607,Grup
1779111178412,2026-05-18 13:32:58,WhatsApp,628876015441,Pribadi
1779145989412,2026-05-18 23:13:09,WhatsApp,628331127851,Grup
1779075158412,2026-05-18 03:32:38,WhatsApp,628101954910,Grup
1779123866412,2026-05-18 17:04:26,WhatsApp,628696616169,Pribadi
1779133487412,2026-05-18 19:44:47,WhatsApp,628675516662,Pribadi
1779088920412,2026-05-18 07:22:00,WhatsApp,628162983603,Grup
1779125975412,2026-05-18 17:39:35,WhatsApp,628171547588,Grup
1779140112412,2026-05-18 21:35:12,WhatsApp,6289636122,Grup
1779122385412,2026-05-18 16:39:45,WhatsApp,628158360321,Pribadi
1779123940412,2026-05-18 17:05:40,WhatsApp,628639788714,Grup
1779116807412,2026-05-18 15:06:47,WhatsApp,628249579624,Pribadi
1779098288412,2026-05-18 09:58:08,WhatsApp,62820086953,Grup
1779087518412,2026-05-18 06:58:38,WhatsApp,628665674744,Grup
1779069057412,2026-05-18 01:50:57,WhatsApp,628171084200,Grup
1779146710412,2026-05-18 23:25:10,WhatsApp,628481977884,Grup
1779114361412,2026-05-18 14:26:01,WhatsApp,628394788059,Pribadi
1779067846412,2026-05-18 01:30:46,WhatsApp,628231638354,Grup
1779114464412,2026-05-18 14:27:44,WhatsApp,628548113269,Grup
1779142722412,2026-05-18 22:18:42,WhatsApp,628472095534,Grup
1779062935412,2026-05-18 00:08:55,WhatsApp,628686703049,Grup
1779074435412,2026-05-18 03:20:35,WhatsApp,628411740300,Pribadi
1779073588412,2026-05-18 03:06:28,WhatsApp,628849650333,Pribadi
1779085734412,2026-05-18 06:28:54,WhatsApp,628615884112,Pribadi
1779143604412,2026-05-18 22:33:24,WhatsApp,628541176291,Pribadi
1779130373412,2026-05-18 18:52:53,WhatsApp,628660538524,Grup
1779119138412,2026-05-18 15:45:38,WhatsApp,628913740500,Grup
1779089632412,2026-05-18 07:33:52,WhatsApp,628555432175,Grup
1779108903412,2026-05-18 12:55:03,WhatsApp,628674520355,Pribadi
1779133978412,2026-05-18 19:52:58,WhatsApp,628271711236,Grup
1779127565412,2026-05-18 18:06:05,WhatsApp,628916544508,Grup
1779129307412,2026-05-18 18:35:07,WhatsApp,62869562959,Pribadi
1779136020412,2026-05-18 20:27:00,WhatsApp,628122851884,Pribadi
1779065844412,2026-05-18 00:57:24,WhatsApp,628597623793,Pribadi
1779117266412,2026-05-18 15:14:26,WhatsApp,628599638168,Pribadi
1779127633412,2026-05-18 18:07:13,WhatsApp,628628508169,Pribadi
1779095431412,2026-05-18 09:10:31,WhatsApp,62898564122,Pribadi
1779111873412,2026-05-18 13:44:33,WhatsApp,628996019461,Grup
1779070967412,2026-05-18 02:22:47,WhatsApp,62842090914,Grup
1779095986412,2026-05-18 09:19:46,WhatsApp,628343109660,Grup
1779069103412,2026-05-18 01:51:43,WhatsApp,628157861291,Grup
1779105568412,2026-05-18 11:59:28,WhatsApp,628275421837,Grup
1779107364412,2026-05-18 12:29:24,WhatsApp,628102475269,Grup
1779115100412,2026-05-18 14:38:20,WhatsApp,628608121563,Grup
1779110532412,2026-05-18 13:22:12,WhatsApp,628147037498,Grup
1779111935412,2026-05-18 13:45:35,WhatsApp,628292072844,Pribadi
1779126761412,2026-05-18 17:52:41,WhatsApp,628318135946,Pribadi
1779062976412,2026-05-18 00:09:36,WhatsApp,628901168591,Grup
1779084137412,2026-05-18 06:02:17,WhatsApp,628856374334,Pribadi
1779101998412,2026-05-18 10:59:58,WhatsApp,628751960533,Pribadi
1779106041412,2026-05-18 12:07:21,WhatsApp,62843145754,Grup
1779097370412,2026-05-18 09:42:50,WhatsApp,628813446587,Grup
1779092086412,2026-05-18 08:14:46,WhatsApp,628808879152,Pribadi
1779134377412,2026-05-18 19:59:37,WhatsApp,628236350677,Grup
1779113140412,2026-05-18 14:05:40,WhatsApp,628997917918,Grup
1779090813412,2026-05-18 07:53:33,WhatsApp,628351303417,Grup
1779143933412,2026-05-18 22:38:53,WhatsApp,62882520578,Pribadi
1779065392412,2026-05-18 00:49:52,WhatsApp,628404837117,Pribadi
1779143021412,2026-05-18 22:23:41,WhatsApp,628817803655,Pribadi
1779112507412,2026-05-18 13:55:07,WhatsApp,628586169534,Grup
1779069816412,2026-05-18 02:03:36,WhatsApp,62829146550,Grup
1779085275412,2026-05-18 06:21:15,WhatsApp,628656806592,Grup
1779080533412,2026-05-18 05:02:13,WhatsApp,628336108471,Pribadi
1779136998412,2026-05-18 20:43:18,WhatsApp,628383760708,Pribadi
1779126815412,2026-05-18 17:53:35,WhatsApp,628108746963,Pribadi
1779118421412,2026-05-18 15:33:41,WhatsApp,628716600006,Grup
1779086667412,2026-05-18 06:44:27,WhatsApp,628923425403,Pribadi
1779066731412,2026-05-18 01:12:11,WhatsApp,628642362128,Grup
1779113602412,2026-05-18 14:13:22,WhatsApp,628847865527,Pribadi
1779063646412,2026-05-18 00:20:46,WhatsApp,628116107664,Grup
1779146681412,2026-05-18 23:24:41,WhatsApp,628669237748,Pribadi
1779079332412,2026-05-18 04:42:12,WhatsApp,62827222981,Grup
1779109823412,2026-05-18 13:10:23,WhatsApp,628237653401,Pribadi
1779104759412,2026-05-18 11:45:59,WhatsApp,6281487975,Grup
1779101082412,2026-05-18 10:44:42,WhatsApp,628997353233,Pribadi
1779122514412,2026-05-18 16:41:54,WhatsApp,628258998085,Grup
1779069049412,2026-05-18 01:50:49,WhatsApp,628473541732,Pribadi
1779063977412,2026-05-18 00:26:17,WhatsApp,628420424252,Pribadi
1779133824412,2026-05-18 19:50:24,WhatsApp,628590423132,Grup
1779146641412,2026-05-18 23:24:01,WhatsApp,628646512866,Grup
1779081552412,2026-05-18 05:19:12,WhatsApp,62844796391,Pribadi
1779072009412,2026-05-18 02:40:09,WhatsApp,628837077386,Grup
1779126199412,2026-05-18 17:43:19,WhatsApp,628717889875,Pribadi
1779087061412,2026-05-18 06:51:01,WhatsApp,628146927096,Grup
1779142232412,2026-05-18 22:10:32,WhatsApp,628953533594,Grup
1779115893412,2026-05-18 14:51:33,WhatsApp,628158404883,Grup
1779091543412,2026-05-18 08:05:43,WhatsApp,62883477079,Grup
1779087139412,2026-05-18 06:52:19,WhatsApp,628980660427,Pribadi
1779087288412,2026-05-18 06:54:48,WhatsApp,628343982548,Pribadi
1779123393412,2026-05-18 16:56:33,WhatsApp,628768218227,Grup
1779103659412,2026-05-18 11:27:39,WhatsApp,628569769269,Pribadi
1779074818412,2026-05-18 03:26:58,WhatsApp,628714110726,Grup
1779110380412,2026-05-18 13:19:40,WhatsApp,628936565394,Grup
1779092118412,2026-05-18 08:15:18,WhatsApp,628146798048,Pribadi
1779147036412,2026-05-18 23:30:36,WhatsApp,628380533472,Grup
1779075288412,2026-05-18 03:34:48,WhatsApp,628930020260,Pribadi
1779145128412,2026-05-18 22:58:48,WhatsApp,62840991692,Grup
1779082064412,2026-05-18 05:27:44,WhatsApp,628699626216,Pribadi
1779100523412,2026-05-18 10:35:23,WhatsApp,628918362507,Grup
1779092755412,2026-05-18 08:25:55,WhatsApp,628903752855,Grup
1779136569412,2026-05-18 20:36:09,WhatsApp,628699485649,Grup
1779063940412,2026-05-18 00:25:40,WhatsApp,628254160790,Grup
1779124892412,2026-05-18 17:21:32,WhatsApp,628963879454,Grup
1779129346412,2026-05-18 18:35:46,WhatsApp,628419196922,Pribadi
1779112017412,2026-05-18 13:46:57,WhatsApp,628622144059,Grup
1779101786412,2026-05-18 10:56:26,WhatsApp,628502153429,Grup
1779141772412,2026-05-18 22:02:52,WhatsApp,628337883920,Pribadi
1779074520412,2026-05-18 03:22:00,WhatsApp,628210611606,Pribadi
1779068913412,2026-05-18 01:48:33,Discord,user26715,DM
1779084457412,2026-05-18 06:07:37,Discord,user84313,Server
1779089205412,2026-05-18 07:26:45,Discord,user75450,DM
1779104735412,2026-05-18 11:45:35,Discord,user81078,DM
1779131790412,2026-05-18 19:16:30,Discord,user87650,Server
1779112304412,2026-05-18 13:51:44,Discord,user35402,DM
1779074957412,2026-05-18 03:29:17,Discord,user92750,Server
1779117999412,2026-05-18 15:26:39,Discord,user36414,DM
1779063761412,2026-05-18 00:22:41,Discord,user69077,DM
1779068083412,2026-05-18 01:34:43,Discord,user63657,DM
1779087629412,2026-05-18 07:00:29,Discord,user11353,Server
1779103253412,2026-05-18 11:20:53,Discord,user10981,DM
1779132993412,2026-05-18 19:36:33,Discord,user52210,DM
1779094011412,2026-05-18 08:46:51,Discord,user66270,Server
1779100034412,2026-05-18 10:27:14,Discord,user53,DM
1779128924412,2026-05-18 18:28:44,Discord,user75503,DM
1779066690412,2026-05-18 01:11:30,Discord,user80155,Server
1779068372412,2026-05-18 01:39:32,Discord,user82810,Server
1779070548412,2026-05-18 02:15:48,Discord,user73703,DM
1779121927412,2026-05-18 16:32:07,Discord,user10575,Server
1779111387412,2026-05-18 13:36:27,Discord,user26492,DM
1779133485412,2026-05-18 19:44:45,Discord,user19570,Server
1779095221412,2026-05-18 09:07:01,Discord,user75684,Server
1779103867412,2026-05-18 11:31:07,Discord,user63578,Server
1779065430412,2026-05-18 00:50:30,Discord,user54718,Server
1779145220412,2026-05-18 23:00:20,Discord,user99415,Server
1779114354412,2026-05-18 14:25:54,Discord,user97690,Server
1779103342412,2026-05-18 11:22:22,Discord,user21452,Server
1779107855412,2026-05-18 12:37:35,Discord,user26879,DM
1779142119412,2026-05-18 22:08:39,Discord,user72344,Server
1779067410412,2026-05-18 01:23:30,Discord,user71497,Server
1779095667412,2026-05-18 09:14:27,Discord,user10489,Server
1779088224412,2026-05-18 07:10:24,Discord,user5788,Server
1779083017412,2026-05-18 05:43:37,Discord,user94647,Server
1779134397412,2026-05-18 19:59:57,Discord,user52397,Server
1779145511412,2026-05-18 23:05:11,Discord,user47656,Server
1779115337412,2026-05-18 14:42:17,Discord,user48918,Server
1779125267412,2026-05-18 17:27:47,Discord,user35851,Server
1779074861412,2026-05-18 03:27:41,Discord,user63775,DM
1779077453412,2026-05-18 04:10:53,Discord,user45542,Server
1779093635412,2026-05-18 08:40:35,Discord,user96962,DM
1779087717412,2026-05-18 07:01:57,Discord,user82546,DM
1779106908412,2026-05-18 12:21:48,Discord,user95817,DM
1779135203412,2026-05-18 20:13:23,Discord,user94566,Server
1779136643412,2026-05-18 20:37:23,Discord,user43938,DM
1779077560412,2026-05-18 04:12:40,Discord,user33969,DM
1779147047412,2026-05-18 23:30:47,Discord,user19568,DM
1779073890412,2026-05-18 03:11:30,Discord,user24902,DM
1779086857412,2026-05-18 06:47:37,Discord,user88897,DM
1779127571412,2026-05-18 18:06:11,Discord,user22150,Server
1779131241412,2026-05-18 19:07:21,Discord,user33191,Server
1779079358412,2026-05-18 04:42:38,Discord,user73667,Server
1779105367412,2026-05-18 11:56:07,Discord,user50805,Server
1779077828412,2026-05-18 04:17:08,Discord,user42150,Server
1779146731412,2026-05-18 23:25:31,Discord,user44285,Server
1779147446412,2026-05-18 23:37:26,Discord,user86640,Server
1779116653412,2026-05-18 15:04:13,Discord,user69944,DM
1779103034412,2026-05-18 11:17:14,Discord,user0,Server
1779100322412,2026-05-18 10:32:02,Discord,user57892,DM
1779101645412,2026-05-18 10:54:05,Discord,user68281,DM
1779130863412,2026-05-18 19:01:03,Discord,user63249,Server
1779104192412,2026-05-18 11:36:32,Discord,user46216,Server
1779093628412,2026-05-18 08:40:28,Discord,user51291,DM
1779131718412,2026-05-18 19:15:18,Discord,user67459,DM
1779087799412,2026-05-18 07:03:19,Discord,user7135,Server
1779127905412,2026-05-18 18:11:45,Discord,user56141,Server
1779087303412,2026-05-18 06:55:03,Discord,user56304,Server
1779169489412,2026-05-19 05:44:49,WhatsApp,628851975978,Grup
1779183031412,2026-05-19 09:30:31,WhatsApp,628332948291,Pribadi
1779181514412,2026-05-19 09:05:14,WhatsApp,628415609299,Pribadi
1779156251412,2026-05-19 02:04:11,WhatsApp,628422460640,Grup
1779157940412,2026-05-19 02:32:20,WhatsApp,628245244661,Pribadi
1779160936412,2026-05-19 03:22:16,WhatsApp,628597888457,Pribadi
1779156426412,2026-05-19 02:07:06,WhatsApp,628286743598,Grup
1779197065412,2026-05-19 13:24:25,WhatsApp,628737662282,Grup
1779181413412,2026-05-19 09:03:33,WhatsApp,628297400430,Grup
1779180797412,2026-05-19 08:53:17,WhatsApp,628945387441,Pribadi
1779217969412,2026-05-19 19:12:49,WhatsApp,628200721083,Grup
1779153035412,2026-05-19 01:10:35,WhatsApp,628568077972,Grup
1779154951412,2026-05-19 01:42:31,WhatsApp,628401530103,Pribadi
1779177386412,2026-05-19 07:56:26,WhatsApp,62879218344,Grup
1779185523412,2026-05-19 10:12:03,WhatsApp,628981611933,Pribadi
1779159028412,2026-05-19 02:50:28,WhatsApp,628759169537,Pribadi
1779153851412,2026-05-19 01:24:11,WhatsApp,628662334125,Grup
1779152430412,2026-05-19 01:00:30,WhatsApp,628448375369,Grup
1779196975412,2026-05-19 13:22:55,WhatsApp,628844948120,Grup
1779191597412,2026-05-19 11:53:17,WhatsApp,628460623970,Grup
1779234235412,2026-05-19 23:43:55,WhatsApp,628728143636,Grup
1779209826412,2026-05-19 16:57:06,WhatsApp,628212729674,Grup
1779228856412,2026-05-19 22:14:16,WhatsApp,628208570374,Grup
1779198246412,2026-05-19 13:44:06,WhatsApp,628277456974,Grup
1779160597412,2026-05-19 03:16:37,WhatsApp,628230400231,Grup
1779204962412,2026-05-19 15:36:02,WhatsApp,628866167123,Grup
1779188087412,2026-05-19 10:54:47,WhatsApp,628411594997,Grup
1779218090412,2026-05-19 19:14:50,WhatsApp,628731641559,Pribadi
1779224809412,2026-05-19 21:06:49,WhatsApp,628781174427,Pribadi
1779198610412,2026-05-19 13:50:10,WhatsApp,628940433583,Grup
1779218481412,2026-05-19 19:21:21,WhatsApp,628547980164,Pribadi
1779175610412,2026-05-19 07:26:50,WhatsApp,628573720825,Pribadi
1779222918412,2026-05-19 20:35:18,WhatsApp,628192768791,Grup
1779209461412,2026-05-19 16:51:01,WhatsApp,628364203205,Grup
1779166415412,2026-05-19 04:53:35,WhatsApp,628395393631,Grup
1779160974412,2026-05-19 03:22:54,WhatsApp,628888068916,Pribadi
1779218881412,2026-05-19 19:28:01,WhatsApp,6284761497,Pribadi
1779219223412,2026-05-19 19:33:43,WhatsApp,628550028965,Pribadi
1779191203412,2026-05-19 11:46:43,WhatsApp,628592485990,Grup
1779180859412,2026-05-19 08:54:19,WhatsApp,628918947242,Grup
1779186214412,2026-05-19 10:23:34,WhatsApp,628602665611,Grup
1779175576412,2026-05-19 07:26:16,WhatsApp,628923695289,Pribadi
1779154808412,2026-05-19 01:40:08,WhatsApp,628391083622,Grup
1779205559412,2026-05-19 15:45:59,WhatsApp,628386851204,Grup
1779200220412,2026-05-19 14:17:00,WhatsApp,628119949297,Grup
1779166531412,2026-05-19 04:55:31,WhatsApp,628655199734,Grup
1779217702412,2026-05-19 19:08:22,WhatsApp,62818073241,Pribadi
1779193917412,2026-05-19 12:31:57,WhatsApp,628370009072,Grup
1779157390412,2026-05-19 02:23:10,WhatsApp,628690660336,Pribadi
1779215131412,2026-05-19 18:25:31,WhatsApp,628603351865,Pribadi
1779197613412,2026-05-19 13:33:33,WhatsApp,628636121744,Grup
1779152715412,2026-05-19 01:05:15,WhatsApp,628463392577,Grup
1779157939412,2026-05-19 02:32:19,WhatsApp,628252886403,Grup
1779212682412,2026-05-19 17:44:42,WhatsApp,628824171870,Grup
1779171957412,2026-05-19 06:25:57,WhatsApp,628177940578,Pribadi
1779204839412,2026-05-19 15:33:59,WhatsApp,62826040112,Grup
1779233507412,2026-05-19 23:31:47,WhatsApp,628224588973,Pribadi
1779233244412,2026-05-19 23:27:24,WhatsApp,628258002967,Grup
1779198806412,2026-05-19 13:53:26,WhatsApp,628290504258,Grup
1779221787412,2026-05-19 20:16:27,WhatsApp,628252826361,Pribadi
1779188378412,2026-05-19 10:59:38,WhatsApp,628200583710,Grup
1779195872412,2026-05-19 13:04:32,WhatsApp,628358973320,Grup
1779195049412,2026-05-19 12:50:49,WhatsApp,628316279337,Grup
1779186700412,2026-05-19 10:31:40,WhatsApp,628338839448,Grup
1779158380412,2026-05-19 02:39:40,WhatsApp,628133230068,Pribadi
1779151003412,2026-05-19 00:36:43,WhatsApp,628701835161,Pribadi
1779183860412,2026-05-19 09:44:20,WhatsApp,628137576378,Pribadi
1779180539412,2026-05-19 08:48:59,WhatsApp,628571178677,Grup
1779208928412,2026-05-19 16:42:08,WhatsApp,628183140599,Grup
1779235081412,2026-05-19 23:58:01,WhatsApp,628516712288,Pribadi
1779172790412,2026-05-19 06:39:50,WhatsApp,628238869209,Grup
1779172977412,2026-05-19 06:42:57,WhatsApp,628604257006,Pribadi
1779226244412,2026-05-19 21:30:44,WhatsApp,62810144944,Pribadi
1779210704412,2026-05-19 17:11:44,WhatsApp,628335997836,Grup
1779185131412,2026-05-19 10:05:31,WhatsApp,628410776963,Pribadi
1779215162412,2026-05-19 18:26:02,WhatsApp,628452777712,Grup
1779177530412,2026-05-19 07:58:50,WhatsApp,628362764275,Grup
1779160360412,2026-05-19 03:12:40,WhatsApp,6285029312,Grup
1779206402412,2026-05-19 16:00:02,WhatsApp,628424802394,Grup
1779213032412,2026-05-19 17:50:32,WhatsApp,628596348855,Grup
1779153783412,2026-05-19 01:23:03,WhatsApp,628590620625,Grup
1779209360412,2026-05-19 16:49:20,WhatsApp,628291101412,Grup
1779179799412,2026-05-19 08:36:39,WhatsApp,628465894663,Pribadi
1779179999412,2026-05-19 08:39:59,WhatsApp,628187370690,Grup
1779229374412,2026-05-19 22:22:54,WhatsApp,628315905561,Pribadi
1779180448412,2026-05-19 08:47:28,WhatsApp,628869298816,Grup
1779177571412,2026-05-19 07:59:31,WhatsApp,628269328986,Grup
1779216661412,2026-05-19 18:51:01,WhatsApp,628874767312,Grup
1779176864412,2026-05-19 07:47:44,WhatsApp,628852884669,Pribadi
1779218896412,2026-05-19 19:28:16,WhatsApp,628272884951,Grup
1779199752412,2026-05-19 14:09:12,WhatsApp,628357929513,Grup
1779178677412,2026-05-19 08:17:57,WhatsApp,628308511305,Grup
1779167797412,2026-05-19 05:16:37,WhatsApp,628229842327,Grup
1779219627412,2026-05-19 19:40:27,WhatsApp,628791522680,Grup
1779193308412,2026-05-19 12:21:48,WhatsApp,628787800088,Pribadi
1779177791412,2026-05-19 08:03:11,WhatsApp,628429123712,Grup
1779186740412,2026-05-19 10:32:20,WhatsApp,628558155846,Pribadi
1779165185412,2026-05-19 04:33:05,WhatsApp,628735725476,Pribadi
1779200658412,2026-05-19 14:24:18,WhatsApp,628586422274,Pribadi
1779231553412,2026-05-19 22:59:13,WhatsApp,628670605017,Pribadi
1779167567412,2026-05-19 05:12:47,WhatsApp,628917617454,Pribadi
1779163571412,2026-05-19 04:06:11,WhatsApp,628357724394,Grup
1779168165412,2026-05-19 05:22:45,WhatsApp,6283591294,Pribadi
1779196972412,2026-05-19 13:22:52,WhatsApp,628785932151,Grup
1779205323412,2026-05-19 15:42:03,WhatsApp,628133438898,Grup
1779199910412,2026-05-19 14:11:50,WhatsApp,628103730524,Grup
1779162713412,2026-05-19 03:51:53,WhatsApp,628421489549,Pribadi
1779171622412,2026-05-19 06:20:22,WhatsApp,628476008600,Grup
1779178788412,2026-05-19 08:19:48,WhatsApp,628941436206,Grup
1779153464412,2026-05-19 01:17:44,WhatsApp,62895178908,Pribadi
1779215925412,2026-05-19 18:38:45,WhatsApp,628223011072,Grup
1779220562412,2026-05-19 19:56:02,WhatsApp,628287567211,Grup
1779228212412,2026-05-19 22:03:32,WhatsApp,628607500613,Grup
1779157428412,2026-05-19 02:23:48,WhatsApp,628148069336,Grup
1779194706412,2026-05-19 12:45:06,WhatsApp,628190311121,Pribadi
1779221736412,2026-05-19 20:15:36,WhatsApp,628514334597,Pribadi
1779171043412,2026-05-19 06:10:43,WhatsApp,628225584010,Pribadi
1779151338412,2026-05-19 00:42:18,WhatsApp,628714372755,Grup
1779233997412,2026-05-19 23:39:57,WhatsApp,62843374182,Grup
1779224700412,2026-05-19 21:05:00,WhatsApp,628337477943,Grup
1779199395412,2026-05-19 14:03:15,WhatsApp,62898748275,Grup
1779161350412,2026-05-19 03:29:10,WhatsApp,628863276403,Grup
1779182460412,2026-05-19 09:21:00,WhatsApp,628546013902,Pribadi
1779190520412,2026-05-19 11:35:20,WhatsApp,628462516278,Grup
1779178699412,2026-05-19 08:18:19,WhatsApp,628723543792,Grup
1779228493412,2026-05-19 22:08:13,WhatsApp,628638113435,Grup
1779195842412,2026-05-19 13:04:02,WhatsApp,628151295240,Pribadi
1779160388412,2026-05-19 03:13:08,WhatsApp,628529302285,Grup
1779200683412,2026-05-19 14:24:43,WhatsApp,628369208872,Grup
1779195666412,2026-05-19 13:01:06,WhatsApp,628369064997,Grup
1779167290412,2026-05-19 05:08:10,WhatsApp,628573782231,Grup
1779213345412,2026-05-19 17:55:45,WhatsApp,62878543050,Pribadi
1779184547412,2026-05-19 09:55:47,WhatsApp,628836968620,Grup
1779173409412,2026-05-19 06:50:09,WhatsApp,628692417445,Pribadi
1779172655412,2026-05-19 06:37:35,WhatsApp,628346487145,Pribadi
1779187653412,2026-05-19 10:47:33,WhatsApp,628227677809,Pribadi
1779157188412,2026-05-19 02:19:48,WhatsApp,628170945958,Pribadi
1779186326412,2026-05-19 10:25:26,WhatsApp,628470331127,Grup
1779194914412,2026-05-19 12:48:34,WhatsApp,628351584244,Grup
1779197070412,2026-05-19 13:24:30,WhatsApp,628524599489,Grup
1779175031412,2026-05-19 07:17:11,WhatsApp,628979028854,Grup
1779232933412,2026-05-19 23:22:13,WhatsApp,628793160140,Pribadi
1779210285412,2026-05-19 17:04:45,WhatsApp,628499965237,Grup
1779191817412,2026-05-19 11:56:57,WhatsApp,628588151795,Grup
1779194255412,2026-05-19 12:37:35,WhatsApp,628185547309,Pribadi
1779227996412,2026-05-19 21:59:56,WhatsApp,628270999447,Grup
1779229568412,2026-05-19 22:26:08,WhatsApp,628773412374,Grup
1779227601412,2026-05-19 21:53:21,WhatsApp,628461635748,Grup
1779167131412,2026-05-19 05:05:31,WhatsApp,628145387821,Grup
1779170297412,2026-05-19 05:58:17,WhatsApp,628841165146,Pribadi
1779159741412,2026-05-19 03:02:21,WhatsApp,628493601502,Grup
1779184771412,2026-05-19 09:59:31,WhatsApp,628814179053,Grup
1779206113412,2026-05-19 15:55:13,WhatsApp,628980215784,Pribadi
1779157034412,2026-05-19 02:17:14,WhatsApp,628908517793,Grup
1779201659412,2026-05-19 14:40:59,WhatsApp,628568903869,Grup
1779172950412,2026-05-19 06:42:30,WhatsApp,628858677677,Pribadi
1779185985412,2026-05-19 10:19:45,WhatsApp,62831666153,Pribadi
1779178782412,2026-05-19 08:19:42,WhatsApp,628455293787,Grup
1779222230412,2026-05-19 20:23:50,WhatsApp,628190623556,Grup
1779160739412,2026-05-19 03:18:59,WhatsApp,62870304314,Grup
1779215491412,2026-05-19 18:31:31,WhatsApp,628914668346,Pribadi
1779171312412,2026-05-19 06:15:12,WhatsApp,628600126731,Pribadi
1779225455412,2026-05-19 21:17:35,WhatsApp,628459602362,Grup
1779229244412,2026-05-19 22:20:44,WhatsApp,628953206104,Pribadi
1779154417412,2026-05-19 01:33:37,WhatsApp,628978863656,Grup
1779160389412,2026-05-19 03:13:09,WhatsApp,628179020143,Grup
1779197022412,2026-05-19 13:23:42,WhatsApp,628563780105,Grup
1779215549412,2026-05-19 18:32:29,WhatsApp,628173366779,Grup
1779234810412,2026-05-19 23:53:30,WhatsApp,628260534978,Pribadi
1779199069412,2026-05-19 13:57:49,WhatsApp,628683575004,Grup
1779182088412,2026-05-19 09:14:48,WhatsApp,628715094206,Grup
1779232656412,2026-05-19 23:17:36,WhatsApp,628221823265,Grup
1779164371412,2026-05-19 04:19:31,WhatsApp,628958487004,Grup
1779149842412,2026-05-19 00:17:22,WhatsApp,628459906878,Grup
1779149058412,2026-05-19 00:04:18,WhatsApp,62879394430,Grup
1779227293412,2026-05-19 21:48:13,WhatsApp,628158656993,Pribadi
1779188672412,2026-05-19 11:04:32,WhatsApp,628628364868,Grup
1779232766412,2026-05-19 23:19:26,WhatsApp,628647245756,Pribadi
1779202880412,2026-05-19 15:01:20,WhatsApp,628493830407,Grup
1779153282412,2026-05-19 01:14:42,WhatsApp,628750673886,Grup
1779204447412,2026-05-19 15:27:27,WhatsApp,628281770660,Grup
1779218794412,2026-05-19 19:26:34,WhatsApp,628919584568,Pribadi
1779205822412,2026-05-19 15:50:22,WhatsApp,628628816177,Grup
1779151896412,2026-05-19 00:51:36,WhatsApp,628643047871,Grup
1779150920412,2026-05-19 00:35:20,WhatsApp,628985843026,Pribadi
1779160095412,2026-05-19 03:08:15,WhatsApp,628178664497,Pribadi
1779232968412,2026-05-19 23:22:48,WhatsApp,62856421192,Grup
1779201470412,2026-05-19 14:37:50,WhatsApp,628373551191,Pribadi
1779223554412,2026-05-19 20:45:54,WhatsApp,628762099048,Pribadi
1779150546412,2026-05-19 00:29:06,WhatsApp,628411495571,Grup
1779207386412,2026-05-19 16:16:26,WhatsApp,628447437291,Pribadi
1779186461412,2026-05-19 10:27:41,WhatsApp,628787580873,Pribadi
1779192643412,2026-05-19 12:10:43,WhatsApp,628466334769,Pribadi
1779176382412,2026-05-19 07:39:42,WhatsApp,628362214677,Pribadi
1779158538412,2026-05-19 02:42:18,WhatsApp,628255363635,Pribadi
1779157247412,2026-05-19 02:20:47,WhatsApp,628139748711,Grup
1779176978412,2026-05-19 07:49:38,Discord,user15027,DM
1779170671412,2026-05-19 06:04:31,Discord,user24826,DM
1779196612412,2026-05-19 13:16:52,Discord,user17602,DM
1779194773412,2026-05-19 12:46:13,Discord,user92771,DM
1779172812412,2026-05-19 06:40:12,Discord,user73163,Server
1779231077412,2026-05-19 22:51:17,Discord,user14404,DM
1779215099412,2026-05-19 18:24:59,Discord,user61032,DM
1779171236412,2026-05-19 06:13:56,Discord,user85916,DM
1779181028412,2026-05-19 08:57:08,Discord,user55341,Server
1779190361412,2026-05-19 11:32:41,Discord,user55561,DM
1779210580412,2026-05-19 17:09:40,Discord,user8931,DM
1779209113412,2026-05-19 16:45:13,Discord,user36544,DM
1779232820412,2026-05-19 23:20:20,Discord,user55574,Server
1779224761412,2026-05-19 21:06:01,Discord,user71867,DM
1779222012412,2026-05-19 20:20:12,Discord,user84308,Server
1779216554412,2026-05-19 18:49:14,Discord,user69575,DM
1779217620412,2026-05-19 19:07:00,Discord,user23822,Server
1779191580412,2026-05-19 11:53:00,Discord,user27421,DM
1779220133412,2026-05-19 19:48:53,Discord,user36171,DM
1779176714412,2026-05-19 07:45:14,Discord,user44856,DM
1779198456412,2026-05-19 13:47:36,Discord,user38993,DM
1779227406412,2026-05-19 21:50:06,Discord,user88290,Server
1779201605412,2026-05-19 14:40:05,Discord,user49752,Server
1779200280412,2026-05-19 14:18:00,Discord,user16290,Server
1779198317412,2026-05-19 13:45:17,Discord,user90538,DM
1779183530412,2026-05-19 09:38:50,Discord,user1048,DM
1779163372412,2026-05-19 04:02:52,Discord,user82121,DM
1779219777412,2026-05-19 19:42:57,Discord,user52561,DM
1779214236412,2026-05-19 18:10:36,Discord,user62642,DM
1779229720412,2026-05-19 22:28:40,Discord,user84938,DM
1779196403412,2026-05-19 13:13:23,Discord,user36637,DM
1779231667412,2026-05-19 23:01:07,Discord,user17208,DM
1779185414412,2026-05-19 10:10:14,Discord,user25180,DM
1779219264412,2026-05-19 19:34:24,Discord,user39687,DM
1779191255412,2026-05-19 11:47:35,Discord,user90222,Server
1779183489412,2026-05-19 09:38:09,Discord,user16837,Server
1779171648412,2026-05-19 06:20:48,Discord,user15984,Server
1779182566412,2026-05-19 09:22:46,Discord,user22809,DM
1779225724412,2026-05-19 21:22:04,Discord,user72018,DM
1779199174412,2026-05-19 13:59:34,Discord,user27130,Server
1779155844412,2026-05-19 01:57:24,Discord,user86019,DM
1779227149412,2026-05-19 21:45:49,Discord,user66825,Server
1779149221412,2026-05-19 00:07:01,Discord,user83995,Server
1779176681412,2026-05-19 07:44:41,Discord,user24219,DM
1779211066412,2026-05-19 17:17:46,Discord,user82614,Server
1779193555412,2026-05-19 12:25:55,Discord,user33369,DM
1779193896412,2026-05-19 12:31:36,Discord,user30557,DM
1779219914412,2026-05-19 19:45:14,Discord,user38387,DM
1779231125412,2026-05-19 22:52:05,Discord,user42370,DM
1779179018412,2026-05-19 08:23:38,Discord,user16566,Server
1779214316412,2026-05-19 18:11:56,Discord,user86292,Server
1779232358412,2026-05-19 23:12:38,Discord,user74568,DM
1779231681412,2026-05-19 23:01:21,Discord,user39705,Server
1779196061412,2026-05-19 13:07:41,Discord,user37127,Server
1779208864412,2026-05-19 16:41:04,Discord,user4366,Server
1779234878412,2026-05-19 23:54:38,Discord,user44651,Server
1779232725412,2026-05-19 23:18:45,Discord,user71915,DM
1779234262412,2026-05-19 23:44:22,Discord,user76327,DM
1779161853412,2026-05-19 03:37:33,Discord,user38410,Server
1779216191412,2026-05-19 18:43:11,Discord,user6806,Server
1779222481412,2026-05-19 20:28:01,Discord,user36947,Server
1779180639412,2026-05-19 08:50:39,Discord,user97322,Server
1779178404412,2026-05-19 08:13:24,Discord,user15821,DM
1779208209412,2026-05-19 16:30:09,Discord,user64782,Server
1779194718412,2026-05-19 12:45:18,Discord,user90664,Server
1779170676412,2026-05-19 06:04:36,Discord,user12172,Server
1779170021412,2026-05-19 05:53:41,Discord,user74790,DM
1779248401412,2026-05-20 03:40:01,WhatsApp,628108325213,Grup
1779262381412,2026-05-20 07:33:01,WhatsApp,628829069114,Pribadi
1779261656412,2026-05-20 07:20:56,WhatsApp,628725528055,Pribadi
1779272468412,2026-05-20 10:21:08,WhatsApp,62826117359,Grup
1779289887412,2026-05-20 15:11:27,WhatsApp,628276669193,Pribadi
1779298325412,2026-05-20 17:32:05,WhatsApp,628767601051,Grup
1779298513412,2026-05-20 17:35:13,WhatsApp,628422965950,Grup
1779320816412,2026-05-20 23:46:56,WhatsApp,628370452064,Grup
1779239450412,2026-05-20 01:10:50,WhatsApp,628254431309,Pribadi
1779289814412,2026-05-20 15:10:14,WhatsApp,62896076961,Grup
1779261472412,2026-05-20 07:17:52,WhatsApp,628769298407,Grup
1779281735412,2026-05-20 12:55:35,WhatsApp,628132010294,Pribadi
1779314140412,2026-05-20 21:55:40,WhatsApp,628716699895,Pribadi
1779315025412,2026-05-20 22:10:25,WhatsApp,628924713525,Grup
1779273796412,2026-05-20 10:43:16,WhatsApp,628620408217,Grup
1779264865412,2026-05-20 08:14:25,WhatsApp,62837485916,Grup
1779283823412,2026-05-20 13:30:23,WhatsApp,628264448911,Pribadi
1779314509412,2026-05-20 22:01:49,WhatsApp,6282346375,Pribadi
1779235426412,2026-05-20 00:03:46,WhatsApp,628197843069,Pribadi
1779269118412,2026-05-20 09:25:18,WhatsApp,628499190616,Pribadi
1779273840412,2026-05-20 10:44:00,WhatsApp,628165878785,Pribadi
1779316970412,2026-05-20 22:42:50,WhatsApp,628896239989,Grup
1779235821412,2026-05-20 00:10:21,WhatsApp,62832749976,Grup
1779235681412,2026-05-20 00:08:01,WhatsApp,628664283777,Grup
1779300999412,2026-05-20 18:16:39,WhatsApp,628783482699,Pribadi
1779315718412,2026-05-20 22:21:58,WhatsApp,628828192278,Grup
1779302071412,2026-05-20 18:34:31,WhatsApp,628403137748,Pribadi
1779295104412,2026-05-20 16:38:24,WhatsApp,628710368254,Pribadi
1779303046412,2026-05-20 18:50:46,WhatsApp,628280912024,Pribadi
1779286148412,2026-05-20 14:09:08,WhatsApp,628684315148,Pribadi
1779266654412,2026-05-20 08:44:14,WhatsApp,628939720409,Grup
1779256463412,2026-05-20 05:54:23,WhatsApp,628521760849,Grup
1779262131412,2026-05-20 07:28:51,WhatsApp,628907758357,Pribadi
1779278814412,2026-05-20 12:06:54,WhatsApp,628208187845,Grup
1779307096412,2026-05-20 19:58:16,WhatsApp,628203736350,Pribadi
1779250117412,2026-05-20 04:08:37,WhatsApp,628315364089,Grup
1779294311412,2026-05-20 16:25:11,WhatsApp,628169045396,Grup
1779238184412,2026-05-20 00:49:44,WhatsApp,628977686187,Grup
1779312026412,2026-05-20 21:20:26,WhatsApp,628351872179,Grup
1779268350412,2026-05-20 09:12:30,WhatsApp,628957027112,Pribadi
1779278367412,2026-05-20 11:59:27,WhatsApp,628362248679,Pribadi
1779290638412,2026-05-20 15:23:58,WhatsApp,628227832497,Pribadi
1779243070412,2026-05-20 02:11:10,WhatsApp,628523781165,Grup
1779284920412,2026-05-20 13:48:40,WhatsApp,628939193208,Grup
1779257757412,2026-05-20 06:15:57,WhatsApp,628195599023,Pribadi
1779285852412,2026-05-20 14:04:12,WhatsApp,628868700426,Grup
1779303024412,2026-05-20 18:50:24,WhatsApp,628186609718,Grup
1779266910412,2026-05-20 08:48:30,WhatsApp,628328281570,Grup
1779316602412,2026-05-20 22:36:42,WhatsApp,628739197890,Pribadi
1779252528412,2026-05-20 04:48:48,WhatsApp,628412022362,Grup
1779299317412,2026-05-20 17:48:37,WhatsApp,628909611866,Pribadi
1779309799412,2026-05-20 20:43:19,WhatsApp,62835384820,Pribadi
1779318852412,2026-05-20 23:14:12,WhatsApp,628120683509,Grup
1779321398412,2026-05-20 23:56:38,WhatsApp,628386612706,Grup
1779262181412,2026-05-20 07:29:41,WhatsApp,628708676341,Pribadi
1779240651412,2026-05-20 01:30:51,WhatsApp,628591042462,Grup
1779291817412,2026-05-20 15:43:37,WhatsApp,628123903933,Pribadi
1779291815412,2026-05-20 15:43:35,WhatsApp,628732531611,Grup
1779248978412,2026-05-20 03:49:38,WhatsApp,628377006478,Pribadi
1779237097412,2026-05-20 00:31:37,WhatsApp,628891418835,Grup
1779256315412,2026-05-20 05:51:55,WhatsApp,628767619723,Grup
1779308626412,2026-05-20 20:23:46,WhatsApp,628153236226,Pribadi
1779314644412,2026-05-20 22:04:04,WhatsApp,62834962231,Grup
1779304677412,2026-05-20 19:17:57,WhatsApp,628129430403,Pribadi
1779293342412,2026-05-20 16:09:02,WhatsApp,628517008861,Pribadi
1779319580412,2026-05-20 23:26:20,WhatsApp,628190084978,Pribadi
1779312831412,2026-05-20 21:33:51,WhatsApp,628614843034,Grup
1779319083412,2026-05-20 23:18:03,WhatsApp,628953649326,Grup
1779300405412,2026-05-20 18:06:45,WhatsApp,628636438657,Pribadi
1779261633412,2026-05-20 07:20:33,WhatsApp,628560662078,Pribadi
1779241302412,2026-05-20 01:41:42,WhatsApp,628473652062,Grup
1779316474412,2026-05-20 22:34:34,WhatsApp,628191627354,Pribadi
1779309902412,2026-05-20 20:45:02,WhatsApp,628436262041,Pribadi
1779238786412,2026-05-20 00:59:46,WhatsApp,628435220068,Pribadi
1779281804412,2026-05-20 12:56:44,WhatsApp,628335769175,Pribadi
1779301399412,2026-05-20 18:23:19,WhatsApp,628737854610,Grup
1779291273412,2026-05-20 15:34:33,WhatsApp,628380406438,Grup
1779248071412,2026-05-20 03:34:31,WhatsApp,628777569024,Grup
1779247390412,2026-05-20 03:23:10,WhatsApp,628116935077,Grup
1779290154412,2026-05-20 15:15:54,WhatsApp,628268033620,Pribadi
1779254420412,2026-05-20 05:20:20,WhatsApp,62865761207,Grup
1779278921412,2026-05-20 12:08:41,WhatsApp,628445894191,Pribadi
1779294038412,2026-05-20 16:20:38,WhatsApp,628290738237,Grup
1779289771412,2026-05-20 15:09:31,WhatsApp,628693412236,Pribadi
1779292742412,2026-05-20 15:59:02,WhatsApp,628219109312,Pribadi
1779256994412,2026-05-20 06:03:14,WhatsApp,628545134707,Grup
1779285305412,2026-05-20 13:55:05,WhatsApp,628911081748,Pribadi
1779302098412,2026-05-20 18:34:58,WhatsApp,628487182337,Pribadi
1779273742412,2026-05-20 10:42:22,WhatsApp,628723048980,Grup
1779278702412,2026-05-20 12:05:02,WhatsApp,628969675276,Pribadi
1779295705412,2026-05-20 16:48:25,WhatsApp,628860223389,Grup
1779309107412,2026-05-20 20:31:47,WhatsApp,628807493300,Grup
1779253078412,2026-05-20 04:57:58,WhatsApp,628868626028,Grup
1779281246412,2026-05-20 12:47:26,WhatsApp,628873772194,Grup
1779310992412,2026-05-20 21:03:12,WhatsApp,628159595863,Pribadi
1779254085412,2026-05-20 05:14:45,WhatsApp,628505475174,Pribadi
1779291668412,2026-05-20 15:41:08,WhatsApp,628581303126,Grup
1779308038412,2026-05-20 20:13:58,WhatsApp,628280731114,Grup
1779314364412,2026-05-20 21:59:24,WhatsApp,628371111213,Pribadi
1779291687412,2026-05-20 15:41:27,WhatsApp,628205349457,Pribadi
1779311053412,2026-05-20 21:04:13,WhatsApp,628787692090,Grup
1779250095412,2026-05-20 04:08:15,WhatsApp,628736827664,Grup
1779253626412,2026-05-20 05:07:06,WhatsApp,6287980988,Grup
1779298929412,2026-05-20 17:42:09,WhatsApp,628812136670,Grup
1779289480412,2026-05-20 15:04:40,WhatsApp,62878374225,Pribadi
1779247652412,2026-05-20 03:27:32,WhatsApp,628938252020,Pribadi
1779300471412,2026-05-20 18:07:51,WhatsApp,628424499482,Grup
1779276732412,2026-05-20 11:32:12,WhatsApp,628825762919,Grup
1779295465412,2026-05-20 16:44:25,WhatsApp,628310238990,Grup
1779260566412,2026-05-20 07:02:46,WhatsApp,628991304278,Grup
1779320510412,2026-05-20 23:41:50,WhatsApp,628181465739,Pribadi
1779295973412,2026-05-20 16:52:53,WhatsApp,628967288612,Grup
1779244255412,2026-05-20 02:30:55,WhatsApp,628157451084,Grup
1779244223412,2026-05-20 02:30:23,WhatsApp,628883752754,Grup
1779270668412,2026-05-20 09:51:08,WhatsApp,628722424691,Pribadi
1779246451412,2026-05-20 03:07:31,WhatsApp,628458719134,Grup
1779279003412,2026-05-20 12:10:03,WhatsApp,628833709054,Grup
1779247123412,2026-05-20 03:18:43,WhatsApp,628671877549,Grup
1779286543412,2026-05-20 14:15:43,WhatsApp,6287873215,Grup
1779295754412,2026-05-20 16:49:14,WhatsApp,628706744418,Grup
1779251854412,2026-05-20 04:37:34,WhatsApp,628874970496,Grup
1779270036412,2026-05-20 09:40:36,WhatsApp,628761011296,Grup
1779290181412,2026-05-20 15:16:21,WhatsApp,628554755120,Grup
1779281319412,2026-05-20 12:48:39,WhatsApp,628424576355,Pribadi
1779306423412,2026-05-20 19:47:03,WhatsApp,628956358,Grup
1779292051412,2026-05-20 15:47:31,WhatsApp,628554337488,Grup
1779275064412,2026-05-20 11:04:24,WhatsApp,628473760668,Grup
1779287350412,2026-05-20 14:29:10,WhatsApp,628238349122,Pribadi
1779247379412,2026-05-20 03:22:59,WhatsApp,628471206384,Pribadi
1779280398412,2026-05-20 12:33:18,WhatsApp,628988307700,Pribadi
1779253005412,2026-05-20 04:56:45,WhatsApp,628729594608,Pribadi
1779252402412,2026-05-20 04:46:42,WhatsApp,628365723648,Grup
1779244723412,2026-05-20 02:38:43,WhatsApp,628774726137,Grup
1779311553412,2026-05-20 21:12:33,WhatsApp,62819833744,Pribadi
1779302895412,2026-05-20 18:48:15,WhatsApp,628985298862,Pribadi
1779243109412,2026-05-20 02:11:49,WhatsApp,628994015982,Pribadi
1779315070412,2026-05-20 22:11:10,WhatsApp,628762324766,Pribadi
1779285611412,2026-05-20 14:00:11,WhatsApp,628405342108,Pribadi
1779303529412,2026-05-20 18:58:49,WhatsApp,628101708092,Grup
1779266705412,2026-05-20 08:45:05,WhatsApp,628532315469,Pribadi
1779301374412,2026-05-20 18:22:54,WhatsApp,62856463746,Grup
1779241192412,2026-05-20 01:39:52,WhatsApp,628629135727,Grup
1779287549412,2026-05-20 14:32:29,WhatsApp,628205946234,Grup
1779280986412,2026-05-20 12:43:06,WhatsApp,628209055626,Grup
1779293816412,2026-05-20 16:16:56,WhatsApp,628994953430,Pribadi
1779300045412,2026-05-20 18:00:45,WhatsApp,628685871068,Grup
1779271586412,2026-05-20 10:06:26,WhatsApp,628584121406,Pribadi
1779273198412,2026-05-20 10:33:18,WhatsApp,628553768402,Grup
1779271849412,2026-05-20 10:10:49,WhatsApp,628909025443,Pribadi
1779290268412,2026-05-20 15:17:48,WhatsApp,628466717382,Grup
1779285824412,2026-05-20 14:03:44,WhatsApp,628373273449,Pribadi
1779242588412,2026-05-20 02:03:08,WhatsApp,628598947787,Grup
1779253624412,2026-05-20 05:07:04,WhatsApp,628267154845,Pribadi
1779294496412,2026-05-20 16:28:16,WhatsApp,628321536715,Pribadi
1779257680412,2026-05-20 06:14:40,WhatsApp,62868291756,Grup
1779306775412,2026-05-20 19:52:55,WhatsApp,628622808875,Grup
1779308226412,2026-05-20 20:17:06,WhatsApp,628678730289,Grup
1779307170412,2026-05-20 19:59:30,WhatsApp,628775012078,Grup
1779239081412,2026-05-20 01:04:41,WhatsApp,628121536959,Pribadi
1779318480412,2026-05-20 23:08:00,WhatsApp,628695804401,Grup
1779320300412,2026-05-20 23:38:20,WhatsApp,628696066089,Grup
1779308089412,2026-05-20 20:14:49,WhatsApp,628838934255,Grup
1779264650412,2026-05-20 08:10:50,WhatsApp,62885858171,Pribadi
1779288364412,2026-05-20 14:46:04,WhatsApp,628178142302,Grup
1779283506412,2026-05-20 13:25:06,WhatsApp,628201624530,Pribadi
1779314866412,2026-05-20 22:07:46,WhatsApp,628892808670,Grup
1779295954412,2026-05-20 16:52:34,WhatsApp,628411901358,Grup
1779248330412,2026-05-20 03:38:50,WhatsApp,628760132550,Grup
1779285436412,2026-05-20 13:57:16,WhatsApp,628667405453,Pribadi
1779254009412,2026-05-20 05:13:29,WhatsApp,628938977310,Pribadi
1779262483412,2026-05-20 07:34:43,WhatsApp,628649163960,Grup
1779286778412,2026-05-20 14:19:38,WhatsApp,62832408742,Grup
1779316446412,2026-05-20 22:34:06,WhatsApp,628758523384,Grup
1779310780412,2026-05-20 20:59:40,WhatsApp,628805581878,Grup
1779266696412,2026-05-20 08:44:56,WhatsApp,628245397567,Pribadi
1779300733412,2026-05-20 18:12:13,WhatsApp,62894351725,Grup
1779274464412,2026-05-20 10:54:24,WhatsApp,628422880637,Grup
1779241204412,2026-05-20 01:40:04,WhatsApp,628266713750,Pribadi
1779250142412,2026-05-20 04:09:02,WhatsApp,628488489503,Grup
1779289218412,2026-05-20 15:00:18,WhatsApp,628862110607,Pribadi
1779314245412,2026-05-20 21:57:25,WhatsApp,628798972599,Pribadi
1779269883412,2026-05-20 09:38:03,WhatsApp,628920862663,Pribadi
1779272070412,2026-05-20 10:14:30,WhatsApp,628620131563,Grup
1779251914412,2026-05-20 04:38:34,WhatsApp,628548176694,Grup
1779262271412,2026-05-20 07:31:11,WhatsApp,628216370280,Grup
1779252391412,2026-05-20 04:46:31,WhatsApp,628193718309,Grup
1779256065412,2026-05-20 05:47:45,WhatsApp,628625247411,Pribadi
1779245198412,2026-05-20 02:46:38,WhatsApp,628475349346,Grup
1779310572412,2026-05-20 20:56:12,WhatsApp,628346885803,Grup
1779268432412,2026-05-20 09:13:52,WhatsApp,628795826145,Grup
1779256061412,2026-05-20 05:47:41,WhatsApp,628187154860,Pribadi
1779261180412,2026-05-20 07:13:00,WhatsApp,62812129955,Grup
1779248092412,2026-05-20 03:34:52,WhatsApp,628357206887,Pribadi
1779259603412,2026-05-20 06:46:43,WhatsApp,628123887676,Grup
1779309677412,2026-05-20 20:41:17,WhatsApp,628646106620,Grup
1779320644412,2026-05-20 23:44:04,WhatsApp,6282026832,Pribadi
1779299170412,2026-05-20 17:46:10,WhatsApp,628224306439,Grup
1779260158412,2026-05-20 06:55:58,WhatsApp,62836458396,Grup
1779259839412,2026-05-20 06:50:39,WhatsApp,628474190399,Grup
1779315906412,2026-05-20 22:25:06,WhatsApp,628751392790,Pribadi
1779285312412,2026-05-20 13:55:12,WhatsApp,628513016169,Pribadi
1779310009412,2026-05-20 20:46:49,WhatsApp,628773111549,Grup
1779299611412,2026-05-20 17:53:31,WhatsApp,628166169819,Grup
1779267341412,2026-05-20 08:55:41,Discord,user74196,DM
1779260655412,2026-05-20 07:04:15,Discord,user36872,DM
1779238973412,2026-05-20 01:02:53,Discord,user72310,DM
1779263138412,2026-05-20 07:45:38,Discord,user62909,DM
1779243192412,2026-05-20 02:13:12,Discord,user89866,Server
1779296522412,2026-05-20 17:02:02,Discord,user60120,DM
1779307326412,2026-05-20 20:02:06,Discord,user34869,DM
1779240013412,2026-05-20 01:20:13,Discord,user5375,Server
1779263117412,2026-05-20 07:45:17,Discord,user26906,DM
1779303273412,2026-05-20 18:54:33,Discord,user56550,DM
1779287374412,2026-05-20 14:29:34,Discord,user22578,Server
1779295883412,2026-05-20 16:51:23,Discord,user69765,Server
1779242528412,2026-05-20 02:02:08,Discord,user57489,DM
1779264607412,2026-05-20 08:10:07,Discord,user5844,DM
1779299969412,2026-05-20 17:59:29,Discord,user37139,DM
1779319379412,2026-05-20 23:22:59,Discord,user70038,Server
1779284057412,2026-05-20 13:34:17,Discord,user99272,Server
1779274065412,2026-05-20 10:47:45,Discord,user76149,DM
1779282297412,2026-05-20 13:04:57,Discord,user78794,DM
1779264529412,2026-05-20 08:08:49,Discord,user9698,Server
1779247127412,2026-05-20 03:18:47,Discord,user96441,DM
1779277256412,2026-05-20 11:40:56,Discord,user7998,Server
1779248322412,2026-05-20 03:38:42,Discord,user27613,DM
1779249360412,2026-05-20 03:56:00,Discord,user36773,DM
1779286730412,2026-05-20 14:18:50,Discord,user44163,DM
1779247582412,2026-05-20 03:26:22,Discord,user66502,DM
1779312022412,2026-05-20 21:20:22,Discord,user41185,Server
1779300175412,2026-05-20 18:02:55,Discord,user1359,Server
1779301148412,2026-05-20 18:19:08,Discord,user51659,DM
1779243809412,2026-05-20 02:23:29,Discord,user56309,DM
1779257896412,2026-05-20 06:18:16,Discord,user83418,Server
1779267530412,2026-05-20 08:58:50,Discord,user70192,DM
1779268464412,2026-05-20 09:14:24,Discord,user11723,DM
1779263135412,2026-05-20 07:45:35,Discord,user48577,Server
1779262076412,2026-05-20 07:27:56,Discord,user13534,DM
1779298701412,2026-05-20 17:38:21,Discord,user57084,Server
1779296830412,2026-05-20 17:07:10,Discord,user30860,Server
1779316654412,2026-05-20 22:37:34,Discord,user32663,Server
1779307163412,2026-05-20 19:59:23,Discord,user61373,Server
1779295289412,2026-05-20 16:41:29,Discord,user19097,Server
1779319020412,2026-05-20 23:17:00,Discord,user4038,DM
1779278693412,2026-05-20 12:04:53,Discord,user25310,Server
1779273349412,2026-05-20 10:35:49,Discord,user24737,Server
1779316776412,2026-05-20 22:39:36,Discord,user24029,DM
1779290035412,2026-05-20 15:13:55,Discord,user69045,DM
1779309448412,2026-05-20 20:37:28,Discord,user62435,DM
1779246436412,2026-05-20 03:07:16,Discord,user65739,DM
1779294327412,2026-05-20 16:25:27,Discord,user66041,DM
1779294316412,2026-05-20 16:25:16,Discord,user24450,Server
1779318342412,2026-05-20 23:05:42,Discord,user17594,DM
1779277910412,2026-05-20 11:51:50,Discord,user12773,Server
1779303108412,2026-05-20 18:51:48,Discord,user85256,Server
1779300545412,2026-05-20 18:09:05,Discord,user64316,Server
1779272492412,2026-05-20 10:21:32,Discord,user61498,Server
1779250163412,2026-05-20 04:09:23,Discord,user11551,Server
1779257771412,2026-05-20 06:16:11,Discord,user9130,DM
1779274284412,2026-05-20 10:51:24,Discord,user99482,DM
1779317192412,2026-05-20 22:46:32,Discord,user62927,Server
1779317680412,2026-05-20 22:54:40,Discord,user91893,DM
1779298848412,2026-05-20 17:40:48,Discord,user73308,Server
1779319487412,2026-05-20 23:24:47,Discord,user34296,DM
1779299137412,2026-05-20 17:45:37,Discord,user95839,Server
1779277964412,2026-05-20 11:52:44,Discord,user90849,DM
1779298971412,2026-05-20 17:42:51,Discord,user83612,Server
1779407999412,2026-05-21 23:59:59,WhatsApp,628463458,Pribadi
1779339091412,2026-05-21 04:51:31,WhatsApp,628220173123,Grup
1779328943412,2026-05-21 02:02:23,WhatsApp,628406884304,Grup
1779326762412,2026-05-21 01:26:02,WhatsApp,628910860674,Grup
1779394536412,2026-05-21 20:15:36,WhatsApp,628614374309,Pribadi
1779388487412,2026-05-21 18:34:47,WhatsApp,628472364341,Grup
1779382840412,2026-05-21 17:00:40,WhatsApp,628786486951,Grup
1779345703412,2026-05-21 06:41:43,WhatsApp,628904237348,Grup
1779327603412,2026-05-21 01:40:03,WhatsApp,628930046461,Grup
1779369137412,2026-05-21 13:12:17,WhatsApp,628817113248,Pribadi
1779382298412,2026-05-21 16:51:38,WhatsApp,628830786545,Grup
1779347165412,2026-05-21 07:06:05,WhatsApp,628899594725,Grup
1779325412412,2026-05-21 01:03:32,WhatsApp,628955878075,Pribadi
1779400197412,2026-05-21 21:49:57,WhatsApp,628184838221,Grup
1779386252412,2026-05-21 17:57:32,WhatsApp,628352624319,Grup
1779333697412,2026-05-21 03:21:37,WhatsApp,628401726796,Grup
1779355943412,2026-05-21 09:32:23,WhatsApp,628472298512,Pribadi
1779339738412,2026-05-21 05:02:18,WhatsApp,628109907705,Grup
1779379274412,2026-05-21 16:01:14,WhatsApp,628855665377,Grup
1779326137412,2026-05-21 01:15:37,WhatsApp,628630531647,Grup
1779357506412,2026-05-21 09:58:26,WhatsApp,62882158370,Pribadi
1779387738412,2026-05-21 18:22:18,WhatsApp,628954251392,Pribadi
1779377102412,2026-05-21 15:25:02,WhatsApp,62819128290,Grup
1779387405412,2026-05-21 18:16:45,WhatsApp,628380384973,Grup
1779338576412,2026-05-21 04:42:56,WhatsApp,628195411067,Pribadi
1779342996412,2026-05-21 05:56:36,WhatsApp,628515979647,Grup
1779405929412,2026-05-21 23:25:29,WhatsApp,628691744060,Pribadi
1779341599412,2026-05-21 05:33:19,WhatsApp,628114530666,Grup
1779370483412,2026-05-21 13:34:43,WhatsApp,628937335707,Grup
1779378393412,2026-05-21 15:46:33,WhatsApp,628411627487,Pribadi
1779351441412,2026-05-21 08:17:21,WhatsApp,628400857778,Grup
1779333513412,2026-05-21 03:18:33,WhatsApp,628726010273,Grup
1779396803412,2026-05-21 20:53:23,WhatsApp,62871062807,Grup
1779333793412,2026-05-21 03:23:13,WhatsApp,628517219441,Grup
1779350105412,2026-05-21 07:55:05,WhatsApp,628278434125,Grup
1779332309412,2026-05-21 02:58:29,WhatsApp,62847483064,Grup
1779348400412,2026-05-21 07:26:40,WhatsApp,628207414621,Grup
1779383356412,2026-05-21 17:09:16,WhatsApp,628892788255,Pribadi
1779356785412,2026-05-21 09:46:25,WhatsApp,628355581935,Pribadi
1779361877412,2026-05-21 11:11:17,WhatsApp,628374948637,Pribadi
1779400125412,2026-05-21 21:48:45,WhatsApp,628393786930,Grup
1779377505412,2026-05-21 15:31:45,WhatsApp,628404679349,Grup
1779322696412,2026-05-21 00:18:16,WhatsApp,628775600236,Grup
1779380122412,2026-05-21 16:15:22,WhatsApp,628942141089,Grup
1779365754412,2026-05-21 12:15:54,WhatsApp,628690057637,Pribadi
1779399514412,2026-05-21 21:38:34,WhatsApp,628793956898,Grup
1779330770412,2026-05-21 02:32:50,WhatsApp,62882341638,Grup
1779360457412,2026-05-21 10:47:37,WhatsApp,628529139796,Pribadi
1779332173412,2026-05-21 02:56:13,WhatsApp,62851240318,Grup
1779383409412,2026-05-21 17:10:09,WhatsApp,628890937214,Grup
1779356641412,2026-05-21 09:44:01,WhatsApp,62871324679,Grup
1779354461412,2026-05-21 09:07:41,WhatsApp,628584197020,Grup
1779346186412,2026-05-21 06:49:46,WhatsApp,628894099259,Pribadi
1779393062412,2026-05-21 19:51:02,WhatsApp,628418561464,Grup
1779394484412,2026-05-21 20:14:44,WhatsApp,628797400065,Grup
1779347567412,2026-05-21 07:12:47,WhatsApp,628766754198,Grup
1779353156412,2026-05-21 08:45:56,WhatsApp,62824774121,Grup
1779326132412,2026-05-21 01:15:32,WhatsApp,628295838810,Pribadi
1779367050412,2026-05-21 12:37:30,WhatsApp,628107470441,Grup
1779356925412,2026-05-21 09:48:45,WhatsApp,628914322361,Grup
1779366710412,2026-05-21 12:31:50,WhatsApp,628406968503,Grup
1779403671412,2026-05-21 22:47:51,WhatsApp,628417560746,Grup
1779328469412,2026-05-21 01:54:29,WhatsApp,628214737528,Grup
1779331752412,2026-05-21 02:49:12,WhatsApp,628368388894,Pribadi
1779351193412,2026-05-21 08:13:13,WhatsApp,628321850930,Pribadi
1779351902412,2026-05-21 08:25:02,WhatsApp,628894369600,Pribadi
1779400766412,2026-05-21 21:59:26,WhatsApp,628438737906,Pribadi
1779365644412,2026-05-21 12:14:04,WhatsApp,628571947472,Grup
1779397041412,2026-05-21 20:57:21,WhatsApp,628794419909,Grup
1779339728412,2026-05-21 05:02:08,WhatsApp,628331588948,Grup
1779398500412,2026-05-21 21:21:40,WhatsApp,628604263853,Grup
1779351035412,2026-05-21 08:10:35,WhatsApp,628615692242,Pribadi
1779351218412,2026-05-21 08:13:38,WhatsApp,628241520999,Pribadi
1779397613412,2026-05-21 21:06:53,WhatsApp,628247614446,Pribadi
1779400022412,2026-05-21 21:47:02,WhatsApp,628382996225,Pribadi
1779371442412,2026-05-21 13:50:42,WhatsApp,628981219157,Grup
1779344236412,2026-05-21 06:17:16,WhatsApp,62829308742,Grup
1779331907412,2026-05-21 02:51:47,WhatsApp,628454034469,Grup
1779393688412,2026-05-21 20:01:28,WhatsApp,628647109287,Grup
1779324441412,2026-05-21 00:47:21,WhatsApp,628354807261,Pribadi
1779392244412,2026-05-21 19:37:24,WhatsApp,628679583363,Grup
1779327203412,2026-05-21 01:33:23,WhatsApp,62890059433,Pribadi
1779346057412,2026-05-21 06:47:37,WhatsApp,628202448900,Grup
1779390684412,2026-05-21 19:11:24,WhatsApp,628549733719,Pribadi
1779386539412,2026-05-21 18:02:19,WhatsApp,628995762550,Pribadi
1779379225412,2026-05-21 16:00:25,WhatsApp,628420698479,Grup
1779337262412,2026-05-21 04:21:02,WhatsApp,628630914429,Grup
1779363801412,2026-05-21 11:43:21,WhatsApp,628880017087,Grup
1779345493412,2026-05-21 06:38:13,WhatsApp,628819835770,Pribadi
1779366462412,2026-05-21 12:27:42,WhatsApp,628583982904,Grup
1779392715412,2026-05-21 19:45:15,WhatsApp,628547234053,Pribadi
1779328096412,2026-05-21 01:48:16,WhatsApp,62840168311,Grup
1779384379412,2026-05-21 17:26:19,WhatsApp,628824752187,Pribadi
1779341007412,2026-05-21 05:23:27,WhatsApp,628285182857,Pribadi
1779339129412,2026-05-21 04:52:09,WhatsApp,628501167436,Grup
1779393682412,2026-05-21 20:01:22,WhatsApp,62812688386,Grup
1779359567412,2026-05-21 10:32:47,WhatsApp,628579229366,Pribadi
1779407031412,2026-05-21 23:43:51,WhatsApp,628862608029,Grup
1779322779412,2026-05-21 00:19:39,WhatsApp,628822147817,Grup
1779342271412,2026-05-21 05:44:31,WhatsApp,628353316170,Pribadi
1779385379412,2026-05-21 17:42:59,WhatsApp,628553167712,Grup
1779342831412,2026-05-21 05:53:51,WhatsApp,628959580655,Grup
1779340240412,2026-05-21 05:10:40,WhatsApp,62826186556,Grup
1779341982412,2026-05-21 05:39:42,WhatsApp,628693310946,Grup
1779398601412,2026-05-21 21:23:21,WhatsApp,628611011983,Grup
1779363337412,2026-05-21 11:35:37,WhatsApp,628568977363,Pribadi
1779363837412,2026-05-21 11:43:57,WhatsApp,628787855585,Grup
1779369799412,2026-05-21 13:23:19,WhatsApp,628978057057,Grup
1779353334412,2026-05-21 08:48:54,WhatsApp,628720853165,Grup
1779326867412,2026-05-21 01:27:47,WhatsApp,628981135002,Grup
1779359816412,2026-05-21 10:36:56,WhatsApp,628752838703,Grup
1779356600412,2026-05-21 09:43:20,WhatsApp,628549974557,Pribadi
1779353371412,2026-05-21 08:49:31,WhatsApp,628180828020,Grup
1779356030412,2026-05-21 09:33:50,WhatsApp,628770906219,Pribadi
1779361851412,2026-05-21 11:10:51,WhatsApp,628647307312,Pribadi
1779403411412,2026-05-21 22:43:31,WhatsApp,628356647084,Pribadi
1779402299412,2026-05-21 22:24:59,WhatsApp,628573017747,Pribadi
1779395140412,2026-05-21 20:25:40,WhatsApp,628740745469,Pribadi
1779395301412,2026-05-21 20:28:21,WhatsApp,628119465675,Grup
1779360134412,2026-05-21 10:42:14,WhatsApp,628485167807,Grup
1779338463412,2026-05-21 04:41:03,WhatsApp,62883729374,Grup
1779386827412,2026-05-21 18:07:07,WhatsApp,628568158476,Pribadi
1779387411412,2026-05-21 18:16:51,WhatsApp,628294697411,Grup
1779377763412,2026-05-21 15:36:03,WhatsApp,62817044842,Grup
1779364225412,2026-05-21 11:50:25,WhatsApp,628296249961,Grup
1779358408412,2026-05-21 10:13:28,WhatsApp,628877847530,Pribadi
1779393318412,2026-05-21 19:55:18,WhatsApp,628424794728,Pribadi
1779326747412,2026-05-21 01:25:47,WhatsApp,628334593547,Grup
1779402521412,2026-05-21 22:28:41,WhatsApp,628827522866,Grup
1779391642412,2026-05-21 19:27:22,WhatsApp,628972552831,Grup
1779374482412,2026-05-21 14:41:22,WhatsApp,628613712332,Grup
1779340933412,2026-05-21 05:22:13,WhatsApp,628755560271,Pribadi
1779364725412,2026-05-21 11:58:45,WhatsApp,628409511659,Pribadi
1779394915412,2026-05-21 20:21:55,WhatsApp,62872806323,Pribadi
1779361366412,2026-05-21 11:02:46,WhatsApp,628597282293,Pribadi
1779390230412,2026-05-21 19:03:50,WhatsApp,628122331986,Pribadi
1779383117412,2026-05-21 17:05:17,WhatsApp,628440667175,Pribadi
1779372064412,2026-05-21 14:01:04,WhatsApp,628368248958,Grup
1779391207412,2026-05-21 19:20:07,WhatsApp,628855831912,Grup
1779325819412,2026-05-21 01:10:19,WhatsApp,628728701647,Grup
1779385625412,2026-05-21 17:47:05,WhatsApp,628437664616,Grup
1779391390412,2026-05-21 19:23:10,WhatsApp,628180808776,Grup
1779395179412,2026-05-21 20:26:19,WhatsApp,628484654535,Grup
1779379502412,2026-05-21 16:05:02,WhatsApp,628778573622,Pribadi
1779349674412,2026-05-21 07:47:54,WhatsApp,628389456801,Grup
1779322035412,2026-05-21 00:07:15,WhatsApp,628944423760,Pribadi
1779321612412,2026-05-21 00:00:12,WhatsApp,628611214094,Grup
1779345507412,2026-05-21 06:38:27,WhatsApp,628707580482,Grup
1779330014412,2026-05-21 02:20:14,WhatsApp,628891507517,Grup
1779335530412,2026-05-21 03:52:10,WhatsApp,628706144839,Grup
1779380450412,2026-05-21 16:20:50,WhatsApp,628889202119,Pribadi
1779347543412,2026-05-21 07:12:23,WhatsApp,628186667834,Pribadi
1779390747412,2026-05-21 19:12:27,WhatsApp,628128497846,Pribadi
1779371975412,2026-05-21 13:59:35,WhatsApp,628117207506,Pribadi
1779393690412,2026-05-21 20:01:30,WhatsApp,628663565070,Grup
1779405934412,2026-05-21 23:25:34,WhatsApp,628441324833,Grup
1779365237412,2026-05-21 12:07:17,WhatsApp,628952970029,Grup
1779337429412,2026-05-21 04:23:49,WhatsApp,628479411347,Grup
1779382714412,2026-05-21 16:58:34,WhatsApp,628810747293,Grup
1779391426412,2026-05-21 19:23:46,WhatsApp,628730870874,Pribadi
1779407822412,2026-05-21 23:57:02,WhatsApp,628474237377,Pribadi
1779400427412,2026-05-21 21:53:47,WhatsApp,628594170036,Grup
1779366889412,2026-05-21 12:34:49,WhatsApp,628539778769,Grup
1779334727412,2026-05-21 03:38:47,WhatsApp,628993452533,Grup
1779403069412,2026-05-21 22:37:49,WhatsApp,628566149945,Grup
1779336286412,2026-05-21 04:04:46,WhatsApp,628157231307,Pribadi
1779370983412,2026-05-21 13:43:03,WhatsApp,628536053726,Pribadi
1779332286412,2026-05-21 02:58:06,WhatsApp,628148544056,Grup
1779361041412,2026-05-21 10:57:21,WhatsApp,628611117056,Grup
1779381010412,2026-05-21 16:30:10,WhatsApp,628972066753,Pribadi
1779340192412,2026-05-21 05:09:52,WhatsApp,628391780328,Pribadi
1779394993412,2026-05-21 20:23:13,WhatsApp,628163742749,Grup
1779335918412,2026-05-21 03:58:38,WhatsApp,628879997908,Pribadi
1779356251412,2026-05-21 09:37:31,WhatsApp,628448062327,Grup
1779327081412,2026-05-21 01:31:21,WhatsApp,628811302173,Grup
1779330422412,2026-05-21 02:27:02,WhatsApp,628652097892,Pribadi
1779332343412,2026-05-21 02:59:03,WhatsApp,62896529209,Grup
1779329461412,2026-05-21 02:11:01,WhatsApp,628129962515,Grup
1779368206412,2026-05-21 12:56:46,WhatsApp,628933049975,Pribadi
1779361294412,2026-05-21 11:01:34,WhatsApp,628352008312,Grup
1779384587412,2026-05-21 17:29:47,WhatsApp,628256616612,Grup
1779365040412,2026-05-21 12:04:00,WhatsApp,628475082824,Grup
1779341286412,2026-05-21 05:28:06,WhatsApp,628300091933,Grup
1779388086412,2026-05-21 18:28:06,WhatsApp,628307566823,Grup
1779363385412,2026-05-21 11:36:25,WhatsApp,628998980356,Pribadi
1779354688412,2026-05-21 09:11:28,WhatsApp,62835882906,Grup
1779370226412,2026-05-21 13:30:26,WhatsApp,628655251691,Pribadi
1779359770412,2026-05-21 10:36:10,WhatsApp,628741150365,Grup
1779328603412,2026-05-21 01:56:43,WhatsApp,628914768245,Grup
1779367619412,2026-05-21 12:46:59,WhatsApp,628879261331,Grup
1779386171412,2026-05-21 17:56:11,WhatsApp,628444826523,Pribadi
1779372783412,2026-05-21 14:13:03,WhatsApp,628346332935,Grup
1779406910412,2026-05-21 23:41:50,WhatsApp,628579482937,Grup
1779360064412,2026-05-21 10:41:04,WhatsApp,628714581147,Grup
1779370236412,2026-05-21 13:30:36,WhatsApp,628175034130,Pribadi
1779380277412,2026-05-21 16:17:57,WhatsApp,628875591556,Pribadi
1779399499412,2026-05-21 21:38:19,WhatsApp,628726734034,Pribadi
1779390939412,2026-05-21 19:15:39,WhatsApp,628294316612,Pribadi
1779386626412,2026-05-21 18:03:46,WhatsApp,628356433550,Grup
1779400505412,2026-05-21 21:55:05,WhatsApp,62810920519,Pribadi
1779373158412,2026-05-21 14:19:18,WhatsApp,628781540985,Grup
1779348605412,2026-05-21 07:30:05,WhatsApp,628636991,Pribadi
1779323660412,2026-05-21 00:34:20,WhatsApp,628698901601,Grup
1779354535412,2026-05-21 09:08:55,WhatsApp,628171099467,Grup
1779362268412,2026-05-21 11:17:48,WhatsApp,628870640055,Pribadi
1779407530412,2026-05-21 23:52:10,WhatsApp,628842759532,Grup
1779404296412,2026-05-21 22:58:16,WhatsApp,628802298159,Pribadi
1779370564412,2026-05-21 13:36:04,WhatsApp,628610621616,Grup
1779395164412,2026-05-21 20:26:04,Discord,user63698,Server
1779363009412,2026-05-21 11:30:09,Discord,user64966,DM
1779390846412,2026-05-21 19:14:06,Discord,user53170,DM
1779407801412,2026-05-21 23:56:41,Discord,user30210,DM
1779368597412,2026-05-21 13:03:17,Discord,user26676,DM
1779392242412,2026-05-21 19:37:22,Discord,user68896,DM
1779362079412,2026-05-21 11:14:39,Discord,user43805,Server
1779406430412,2026-05-21 23:33:50,Discord,user73257,Server
1779380519412,2026-05-21 16:21:59,Discord,user75629,Server
1779362164412,2026-05-21 11:16:04,Discord,user10004,Server
1779387306412,2026-05-21 18:15:06,Discord,user53669,DM
1779394461412,2026-05-21 20:14:21,Discord,user5791,Server
1779347311412,2026-05-21 07:08:31,Discord,user52724,Server
1779364629412,2026-05-21 11:57:09,Discord,user37602,DM
1779357110412,2026-05-21 09:51:50,Discord,user38824,Server
1779392987412,2026-05-21 19:49:47,Discord,user44681,Server
1779394699412,2026-05-21 20:18:19,Discord,user39916,Server
1779359490412,2026-05-21 10:31:30,Discord,user13852,DM
1779366550412,2026-05-21 12:29:10,Discord,user2003,DM
1779332483412,2026-05-21 03:01:23,Discord,user25700,Server
1779334758412,2026-05-21 03:39:18,Discord,user64367,Server
1779322871412,2026-05-21 00:21:11,Discord,user74925,DM
1779325776412,2026-05-21 01:09:36,Discord,user36069,DM
1779362511412,2026-05-21 11:21:51,Discord,user53970,Server
1779373237412,2026-05-21 14:20:37,Discord,user64215,Server
1779360440412,2026-05-21 10:47:20,Discord,user98483,DM
1779345832412,2026-05-21 06:43:52,Discord,user41303,DM
1779367613412,2026-05-21 12:46:53,Discord,user22017,DM
1779323253412,2026-05-21 00:27:33,Discord,user82321,DM
1779404409412,2026-05-21 23:00:09,Discord,user28882,Server
1779383988412,2026-05-21 17:19:48,Discord,user93574,Server
1779372831412,2026-05-21 14:13:51,Discord,user95619,Server
1779383577412,2026-05-21 17:12:57,Discord,user42873,DM
1779385930412,2026-05-21 17:52:10,Discord,user17966,Server
1779353931412,2026-05-21 08:58:51,Discord,user59512,Server
1779376538412,2026-05-21 15:15:38,Discord,user62478,Server
1779337607412,2026-05-21 04:26:47,Discord,user22135,Server
1779325548412,2026-05-21 01:05:48,Discord,user25144,Server
1779407152412,2026-05-21 23:45:52,Discord,user72452,Server
1779338371412,2026-05-21 04:39:31,Discord,user28450,Server
1779382644412,2026-05-21 16:57:24,Discord,user1424,DM
1779400269412,2026-05-21 21:51:09,Discord,user39169,Server
1779380573412,2026-05-21 16:22:53,Discord,user44879,Server
1779391572412,2026-05-21 19:26:12,Discord,user34886,DM
1779330678412,2026-05-21 02:31:18,Discord,user31735,DM
1779400573412,2026-05-21 21:56:13,Discord,user13761,Server
1779401339412,2026-05-21 22:08:59,Discord,user14654,Server
1779363444412,2026-05-21 11:37:24,Discord,user31093,DM
1779347050412,2026-05-21 07:04:10,Discord,user39581,Server
1779364318412,2026-05-21 11:51:58,Discord,user2333,DM
1779393021412,2026-05-21 19:50:21,Discord,user7361,Server
1779391059412,2026-05-21 19:17:39,Discord,user46661,Server
1779359569412,2026-05-21 10:32:49,Discord,user56520,Server
1779401106412,2026-05-21 22:05:06,Discord,user62636,DM
1779322696412,2026-05-21 00:18:16,Discord,user14296,Server
1779374628412,2026-05-21 14:43:48,Discord,user31590,DM
1779383344412,2026-05-21 17:09:04,Discord,user59555,Server
1779407863412,2026-05-21 23:57:43,Discord,user688,DM
1779349130412,2026-05-21 07:38:50,Discord,user49853,DM
1779381442412,2026-05-21 16:37:22,Discord,user1227,DM
1779334852412,2026-05-21 03:40:52,Discord,user58616,Server
1779355340412,2026-05-21 09:22:20,Discord,user47120,Server
1779352316412,2026-05-21 08:31:56,Discord,user21130,DM
1779335607412,2026-05-21 03:53:27,Discord,user51057,DM
1779386872412,2026-05-21 18:07:52,Discord,user79731,DM
1779381250412,2026-05-21 16:34:10,Discord,user81175,Server
1779356010412,2026-05-21 09:33:30,Discord,user56507,DM
1779461871412,2026-05-22 14:57:51,WhatsApp,628170211750,Pribadi
1779436722412,2026-05-22 07:58:42,WhatsApp,628441259452,Pribadi
1779442658412,2026-05-22 09:37:38,WhatsApp,628843595837,Grup
1779422092412,2026-05-22 03:54:52,WhatsApp,628354168937,Grup
1779462924412,2026-05-22 15:15:24,WhatsApp,628603997025,Grup
1779470149412,2026-05-22 17:15:49,WhatsApp,628715779434,Grup
1779456102412,2026-05-22 13:21:42,WhatsApp,62840895929,Pribadi
1779468625412,2026-05-22 16:50:25,WhatsApp,628955750003,Grup
1779479053412,2026-05-22 19:44:13,WhatsApp,628435928796,Grup
1779472490412,2026-05-22 17:54:50,WhatsApp,628219336060,Grup
1779492741412,2026-05-22 23:32:21,WhatsApp,628527731473,Grup
1779479213412,2026-05-22 19:46:53,WhatsApp,628929943097,Pribadi
1779445675412,2026-05-22 10:27:55,WhatsApp,628540546667,Grup
1779444157412,2026-05-22 10:02:37,WhatsApp,628528207305,Pribadi
1779423336412,2026-05-22 04:15:36,WhatsApp,628377297186,Grup
1779443458412,2026-05-22 09:50:58,WhatsApp,628348773879,Grup
1779437781412,2026-05-22 08:16:21,WhatsApp,628925356224,Pribadi
1779463799412,2026-05-22 15:29:59,WhatsApp,628726895023,Pribadi
1779488945412,2026-05-22 22:29:05,WhatsApp,628789492456,Grup
1779453700412,2026-05-22 12:41:40,WhatsApp,628784847088,Grup
1779438982412,2026-05-22 08:36:22,WhatsApp,628199288664,Pribadi
1779472405412,2026-05-22 17:53:25,WhatsApp,628306181432,Pribadi
1779488613412,2026-05-22 22:23:33,WhatsApp,628466946379,Grup
1779457786412,2026-05-22 13:49:46,WhatsApp,628386524173,Pribadi
1779412863412,2026-05-22 01:21:03,WhatsApp,628220484098,Grup
1779425309412,2026-05-22 04:48:29,WhatsApp,628774368847,Pribadi
1779455891412,2026-05-22 13:18:11,WhatsApp,628209744132,Grup
1779461436412,2026-05-22 14:50:36,WhatsApp,628252195129,Grup
1779440478412,2026-05-22 09:01:18,WhatsApp,628720436181,Pribadi
1779469475412,2026-05-22 17:04:35,WhatsApp,628560316808,Pribadi
1779408716412,2026-05-22 00:11:56,WhatsApp,628590207296,Grup
1779482663412,2026-05-22 20:44:23,WhatsApp,628279469517,Pribadi
1779441552412,2026-05-22 09:19:12,WhatsApp,628506487585,Pribadi
1779489169412,2026-05-22 22:32:49,WhatsApp,628733064042,Grup
1779427658412,2026-05-22 05:27:38,WhatsApp,628478918087,Grup
1779420566412,2026-05-22 03:29:26,WhatsApp,628736117915,Grup
1779427226412,2026-05-22 05:20:26,WhatsApp,62837546090,Pribadi
1779436393412,2026-05-22 07:53:13,WhatsApp,628385954182,Pribadi
1779431877412,2026-05-22 06:37:57,WhatsApp,628979776290,Pribadi
1779457820412,2026-05-22 13:50:20,WhatsApp,628262417373,Grup
1779445826412,2026-05-22 10:30:26,WhatsApp,62860567590,Grup
1779418115412,2026-05-22 02:48:35,WhatsApp,628404031623,Pribadi
1779424726412,2026-05-22 04:38:46,WhatsApp,628201259855,Grup
1779413196412,2026-05-22 01:26:36,WhatsApp,628164577593,Pribadi
1779464635412,2026-05-22 15:43:55,WhatsApp,628420111559,Grup
1779423644412,2026-05-22 04:20:44,WhatsApp,628735613350,Pribadi
1779414426412,2026-05-22 01:47:06,WhatsApp,628185040734,Pribadi
1779439434412,2026-05-22 08:43:54,WhatsApp,628159217417,Pribadi
1779467918412,2026-05-22 16:38:38,WhatsApp,628388194549,Pribadi
1779460576412,2026-05-22 14:36:16,WhatsApp,628425954074,Grup
1779427561412,2026-05-22 05:26:01,WhatsApp,628493952864,Grup
1779485179412,2026-05-22 21:26:19,WhatsApp,62845981058,Pribadi
1779461705412,2026-05-22 14:55:05,WhatsApp,628565540909,Grup
1779489808412,2026-05-22 22:43:28,WhatsApp,628154144820,Pribadi
1779464056412,2026-05-22 15:34:16,WhatsApp,628134701672,Grup
1779466149412,2026-05-22 16:09:09,WhatsApp,628749326820,Pribadi
1779429733412,2026-05-22 06:02:13,WhatsApp,628799012917,Grup
1779482056412,2026-05-22 20:34:16,WhatsApp,628469343140,Grup
1779431666412,2026-05-22 06:34:26,WhatsApp,628157114137,Grup
1779413769412,2026-05-22 01:36:09,WhatsApp,628894589227,Grup
1779425016412,2026-05-22 04:43:36,WhatsApp,628408149890,Grup
1779483829412,2026-05-22 21:03:49,WhatsApp,628159511830,Grup
1779438644412,2026-05-22 08:30:44,WhatsApp,628236082555,Grup
1779486707412,2026-05-22 21:51:47,WhatsApp,628386372233,Grup
1779440987412,2026-05-22 09:09:47,WhatsApp,628116958409,Grup
1779466657412,2026-05-22 16:17:37,WhatsApp,628133930984,Pribadi
1779413618412,2026-05-22 01:33:38,WhatsApp,628433883583,Grup
1779468443412,2026-05-22 16:47:23,WhatsApp,628151057113,Grup
1779455552412,2026-05-22 13:12:32,WhatsApp,628386581865,Pribadi
1779451740412,2026-05-22 12:09:00,WhatsApp,62810346321,Pribadi
1779411505412,2026-05-22 00:58:25,WhatsApp,628150184736,Grup
1779444198412,2026-05-22 10:03:18,WhatsApp,628412150668,Pribadi
1779420086412,2026-05-22 03:21:26,WhatsApp,628312943833,Pribadi
1779476879412,2026-05-22 19:07:59,WhatsApp,628566891730,Grup
1779469444412,2026-05-22 17:04:04,WhatsApp,628896555743,Pribadi
1779411126412,2026-05-22 00:52:06,WhatsApp,628844357826,Pribadi
1779444421412,2026-05-22 10:07:01,WhatsApp,62837836408,Grup
1779435248412,2026-05-22 07:34:08,WhatsApp,628780268111,Grup
1779453933412,2026-05-22 12:45:33,WhatsApp,628909795079,Pribadi
1779474539412,2026-05-22 18:28:59,WhatsApp,628896756100,Grup
1779447987412,2026-05-22 11:06:27,WhatsApp,6282583143,Grup
1779447842412,2026-05-22 11:04:02,WhatsApp,628780473637,Grup
1779475855412,2026-05-22 18:50:55,WhatsApp,628101392049,Grup
1779419260412,2026-05-22 03:07:40,WhatsApp,628992468402,Pribadi
1779454184412,2026-05-22 12:49:44,WhatsApp,628680066019,Pribadi
1779419508412,2026-05-22 03:11:48,WhatsApp,628446497728,Grup
1779446498412,2026-05-22 10:41:38,WhatsApp,62842400820,Grup
1779426238412,2026-05-22 05:03:58,WhatsApp,628471236302,Pribadi
1779433958412,2026-05-22 07:12:38,WhatsApp,62864076609,Pribadi
1779419864412,2026-05-22 03:17:44,WhatsApp,628753003441,Grup
1779467635412,2026-05-22 16:33:55,WhatsApp,62816855015,Grup
1779444238412,2026-05-22 10:03:58,WhatsApp,628394372473,Grup
1779460923412,2026-05-22 14:42:03,WhatsApp,628542612232,Grup
1779493479412,2026-05-22 23:44:39,WhatsApp,628987873688,Grup
1779439689412,2026-05-22 08:48:09,WhatsApp,628146924148,Pribadi
1779488984412,2026-05-22 22:29:44,WhatsApp,628429146169,Pribadi
1779423924412,2026-05-22 04:25:24,WhatsApp,628473260151,Grup
1779417002412,2026-05-22 02:30:02,WhatsApp,628487909196,Grup
1779478539412,2026-05-22 19:35:39,WhatsApp,628614460944,Grup
1779413122412,2026-05-22 01:25:22,WhatsApp,628328676550,Grup
1779431414412,2026-05-22 06:30:14,WhatsApp,628230242492,Pribadi
1779458567412,2026-05-22 14:02:47,WhatsApp,628678721379,Grup
1779479414412,2026-05-22 19:50:14,WhatsApp,62874829188,Grup
1779452045412,2026-05-22 12:14:05,WhatsApp,628512424361,Grup
1779477688412,2026-05-22 19:21:28,WhatsApp,628736129430,Grup
1779493011412,2026-05-22 23:36:51,WhatsApp,628334404326,Pribadi
1779476329412,2026-05-22 18:58:49,WhatsApp,628260511237,Pribadi
1779493393412,2026-05-22 23:43:13,WhatsApp,628427367328,Grup
1779479914412,2026-05-22 19:58:34,WhatsApp,628870944902,Pribadi
1779414353412,2026-05-22 01:45:53,WhatsApp,628803037204,Grup
1779463446412,2026-05-22 15:24:06,WhatsApp,628912249649,Pribadi
1779415844412,2026-05-22 02:10:44,WhatsApp,628189055421,Pribadi
1779436639412,2026-05-22 07:57:19,WhatsApp,628293730606,Grup
1779471123412,2026-05-22 17:32:03,WhatsApp,62856330961,Pribadi
1779490671412,2026-05-22 22:57:51,WhatsApp,628968905087,Grup
1779491366412,2026-05-22 23:09:26,WhatsApp,628482794333,Pribadi
1779442165412,2026-05-22 09:29:25,WhatsApp,628247656689,Grup
1779471724412,2026-05-22 17:42:04,WhatsApp,628937543736,Pribadi
1779468125412,2026-05-22 16:42:05,WhatsApp,628204453994,Pribadi
1779434191412,2026-05-22 07:16:31,WhatsApp,628541924326,Grup
1779435064412,2026-05-22 07:31:04,WhatsApp,628148725907,Pribadi
1779458898412,2026-05-22 14:08:18,WhatsApp,62852844113,Grup
1779411384412,2026-05-22 00:56:24,WhatsApp,628894445307,Grup
1779474308412,2026-05-22 18:25:08,WhatsApp,628886236006,Grup
1779436455412,2026-05-22 07:54:15,WhatsApp,628624054239,Grup
1779492156412,2026-05-22 23:22:36,WhatsApp,628697354554,Grup
1779455892412,2026-05-22 13:18:12,WhatsApp,628548539726,Pribadi
1779470284412,2026-05-22 17:18:04,WhatsApp,628885673384,Pribadi
1779448292412,2026-05-22 11:11:32,WhatsApp,62810890830,Pribadi
1779414177412,2026-05-22 01:42:57,WhatsApp,628381878184,Grup
1779443014412,2026-05-22 09:43:34,WhatsApp,628611481830,Pribadi
1779460811412,2026-05-22 14:40:11,WhatsApp,628800756990,Grup
1779409286412,2026-05-22 00:21:26,WhatsApp,628723254363,Grup
1779445996412,2026-05-22 10:33:16,WhatsApp,628286997444,Pribadi
1779422249412,2026-05-22 03:57:29,WhatsApp,628231927237,Grup
1779447906412,2026-05-22 11:05:06,WhatsApp,628822467307,Pribadi
1779459116412,2026-05-22 14:11:56,WhatsApp,628265167019,Grup
1779453801412,2026-05-22 12:43:21,WhatsApp,628116874623,Pribadi
1779408880412,2026-05-22 00:14:40,WhatsApp,628263777564,Grup
1779475703412,2026-05-22 18:48:23,WhatsApp,628636810686,Grup
1779490967412,2026-05-22 23:02:47,WhatsApp,628953384990,Grup
1779419408412,2026-05-22 03:10:08,WhatsApp,628837276347,Grup
1779491248412,2026-05-22 23:07:28,WhatsApp,628829797019,Pribadi
1779477201412,2026-05-22 19:13:21,WhatsApp,628435250049,Pribadi
1779481124412,2026-05-22 20:18:44,WhatsApp,628855840704,Pribadi
1779494319412,2026-05-22 23:58:39,WhatsApp,628695504106,Pribadi
1779460186412,2026-05-22 14:29:46,WhatsApp,628671815414,Pribadi
1779451032412,2026-05-22 11:57:12,WhatsApp,628267383740,Pribadi
1779484322412,2026-05-22 21:12:02,WhatsApp,628902580256,Pribadi
1779409397412,2026-05-22 00:23:17,WhatsApp,628447789502,Grup
1779437662412,2026-05-22 08:14:22,WhatsApp,628794993733,Pribadi
1779425363412,2026-05-22 04:49:23,WhatsApp,628623583944,Grup
1779471364412,2026-05-22 17:36:04,WhatsApp,628697539220,Grup
1779464806412,2026-05-22 15:46:46,WhatsApp,628170560309,Grup
1779491009412,2026-05-22 23:03:29,WhatsApp,628182172615,Pribadi
1779432798412,2026-05-22 06:53:18,WhatsApp,628529089401,Pribadi
1779486301412,2026-05-22 21:45:01,WhatsApp,628739015431,Grup
1779428044412,2026-05-22 05:34:04,WhatsApp,628155625521,Pribadi
1779436198412,2026-05-22 07:49:58,WhatsApp,62890638811,Grup
1779430158412,2026-05-22 06:09:18,WhatsApp,628824846928,Pribadi
1779436373412,2026-05-22 07:52:53,WhatsApp,628237383868,Grup
1779411879412,2026-05-22 01:04:39,WhatsApp,628575878219,Grup
1779410363412,2026-05-22 00:39:23,WhatsApp,628618113904,Grup
1779436465412,2026-05-22 07:54:25,WhatsApp,628803836110,Grup
1779408885412,2026-05-22 00:14:45,WhatsApp,628430677971,Pribadi
1779443011412,2026-05-22 09:43:31,WhatsApp,628338404750,Pribadi
1779487932412,2026-05-22 22:12:12,WhatsApp,628586853326,Pribadi
1779460168412,2026-05-22 14:29:28,WhatsApp,62866988079,Pribadi
1779483841412,2026-05-22 21:04:01,WhatsApp,628905063918,Grup
1779433176412,2026-05-22 06:59:36,WhatsApp,628403870641,Grup
1779455813412,2026-05-22 13:16:53,WhatsApp,628550997038,Pribadi
1779443157412,2026-05-22 09:45:57,WhatsApp,628867474539,Grup
1779430487412,2026-05-22 06:14:47,WhatsApp,628721264162,Pribadi
1779492351412,2026-05-22 23:25:51,WhatsApp,628747299663,Grup
1779480020412,2026-05-22 20:00:20,WhatsApp,628157695502,Grup
1779462409412,2026-05-22 15:06:49,WhatsApp,628672207783,Grup
1779479125412,2026-05-22 19:45:25,WhatsApp,628274871593,Pribadi
1779480352412,2026-05-22 20:05:52,WhatsApp,628697047733,Pribadi
1779462116412,2026-05-22 15:01:56,WhatsApp,628612481905,Grup
1779466150412,2026-05-22 16:09:10,WhatsApp,628830449020,Grup
1779439977412,2026-05-22 08:52:57,WhatsApp,628979684590,Grup
1779463504412,2026-05-22 15:25:04,WhatsApp,628362430820,Pribadi
1779494078412,2026-05-22 23:54:38,WhatsApp,6284444042,Grup
1779492500412,2026-05-22 23:28:20,WhatsApp,628498349736,Grup
1779415556412,2026-05-22 02:05:56,WhatsApp,628212268653,Pribadi
1779423105412,2026-05-22 04:11:45,WhatsApp,628658458349,Grup
1779419453412,2026-05-22 03:10:53,WhatsApp,628806268510,Pribadi
1779450196412,2026-05-22 11:43:16,WhatsApp,628137873089,Pribadi
1779471513412,2026-05-22 17:38:33,WhatsApp,628376631404,Grup
1779451326412,2026-05-22 12:02:06,WhatsApp,628379834509,Grup
1779459649412,2026-05-22 14:20:49,WhatsApp,628564248522,Grup
1779478886412,2026-05-22 19:41:26,WhatsApp,628129538125,Grup
1779424474412,2026-05-22 04:34:34,WhatsApp,628246948682,Pribadi
1779466362412,2026-05-22 16:12:42,WhatsApp,628450808849,Grup
1779463799412,2026-05-22 15:29:59,WhatsApp,628749744809,Pribadi
1779491904412,2026-05-22 23:18:24,WhatsApp,62847162117,Grup
1779433402412,2026-05-22 07:03:22,WhatsApp,628381336217,Pribadi
1779463365412,2026-05-22 15:22:45,WhatsApp,628673438112,Pribadi
1779475965412,2026-05-22 18:52:45,WhatsApp,628975115861,Grup
1779466733412,2026-05-22 16:18:53,WhatsApp,628979518756,Grup
1779446612412,2026-05-22 10:43:32,WhatsApp,628195702087,Grup
1779409256412,2026-05-22 00:20:56,WhatsApp,628369532652,Pribadi
1779460000412,2026-05-22 14:26:40,WhatsApp,628353783704,Pribadi
1779444360412,2026-05-22 10:06:00,WhatsApp,628788332711,Grup
1779434699412,2026-05-22 07:24:59,WhatsApp,62896693147,Pribadi
1779444523412,2026-05-22 10:08:43,WhatsApp,628345615207,Grup
1779493941412,2026-05-22 23:52:21,WhatsApp,628332075070,Grup
1779410011412,2026-05-22 00:33:31,WhatsApp,628806275777,Pribadi
1779474642412,2026-05-22 18:30:42,Discord,user65253,DM
1779494217412,2026-05-22 23:56:57,Discord,user67876,Server
1779479809412,2026-05-22 19:56:49,Discord,user44420,DM
1779411161412,2026-05-22 00:52:41,Discord,user25076,Server
1779464308412,2026-05-22 15:38:28,Discord,user87785,Server
1779423340412,2026-05-22 04:15:40,Discord,user76066,Server
1779477528412,2026-05-22 19:18:48,Discord,user74477,Server
1779442995412,2026-05-22 09:43:15,Discord,user68221,DM
1779441450412,2026-05-22 09:17:30,Discord,user78851,Server
1779452457412,2026-05-22 12:20:57,Discord,user73598,Server
1779493788412,2026-05-22 23:49:48,Discord,user14925,Server
1779449372412,2026-05-22 11:29:32,Discord,user42542,DM
1779443679412,2026-05-22 09:54:39,Discord,user57007,DM
1779476975412,2026-05-22 19:09:35,Discord,user73634,Server
1779479316412,2026-05-22 19:48:36,Discord,user68821,Server
1779433025412,2026-05-22 06:57:05,Discord,user10400,DM
1779439198412,2026-05-22 08:39:58,Discord,user30591,Server
1779428221412,2026-05-22 05:37:01,Discord,user94618,DM
1779428928412,2026-05-22 05:48:48,Discord,user48009,Server
1779483363412,2026-05-22 20:56:03,Discord,user3083,Server
1779452043412,2026-05-22 12:14:03,Discord,user66627,DM
1779423093412,2026-05-22 04:11:33,Discord,user95408,Server
1779425688412,2026-05-22 04:54:48,Discord,user92498,DM
1779480978412,2026-05-22 20:16:18,Discord,user20271,DM
1779445576412,2026-05-22 10:26:16,Discord,user44616,Server
1779417674412,2026-05-22 02:41:14,Discord,user64938,DM
1779416623412,2026-05-22 02:23:43,Discord,user54407,DM
1779414140412,2026-05-22 01:42:20,Discord,user27476,DM
1779426195412,2026-05-22 05:03:15,Discord,user43299,Server
1779466639412,2026-05-22 16:17:19,Discord,user29799,Server
1779415518412,2026-05-22 02:05:18,Discord,user48695,DM
1779487750412,2026-05-22 22:09:10,Discord,user44006,DM
1779466697412,2026-05-22 16:18:17,Discord,user50570,DM
1779413580412,2026-05-22 01:33:00,Discord,user30787,Server
1779413613412,2026-05-22 01:33:33,Discord,user14933,DM
1779452516412,2026-05-22 12:21:56,Discord,user97959,Server
1779468503412,2026-05-22 16:48:23,Discord,user14078,Server
1779413372412,2026-05-22 01:29:32,Discord,user71920,Server
1779442998412,2026-05-22 09:43:18,Discord,user71799,DM
1779426223412,2026-05-22 05:03:43,Discord,user57324,Server
1779438082412,2026-05-22 08:21:22,Discord,user63310,DM
1779463491412,2026-05-22 15:24:51,Discord,user13486,Server
1779454592412,2026-05-22 12:56:32,Discord,user28317,Server
1779485861412,2026-05-22 21:37:41,Discord,user88648,DM
1779416623412,2026-05-22 02:23:43,Discord,user14022,DM
1779485047412,2026-05-22 21:24:07,Discord,user59352,DM
1779492345412,2026-05-22 23:25:45,Discord,user43779,Server
1779486052412,2026-05-22 21:40:52,Discord,user94339,DM
1779472922412,2026-05-22 18:02:02,Discord,user50035,Server
1779493027412,2026-05-22 23:37:07,Discord,user69696,Server
1779487794412,2026-05-22 22:09:54,Discord,user56130,Server
1779410168412,2026-05-22 00:36:08,Discord,user21908,DM
1779469741412,2026-05-22 17:09:01,Discord,user36084,DM
1779479995412,2026-05-22 19:59:55,Discord,user1261,Server
1779454825412,2026-05-22 13:00:25,Discord,user70863,Server
1779431254412,2026-05-22 06:27:34,Discord,user53243,Server
1779453929412,2026-05-22 12:45:29,Discord,user22910,DM
1779480207412,2026-05-22 20:03:27,Discord,user91114,DM
1779490420412,2026-05-22 22:53:40,Discord,user22610,DM
1779474190412,2026-05-22 18:23:10,Discord,user77146,Server
1779494106412,2026-05-22 23:55:06,Discord,user11688,Server
1779433893412,2026-05-22 07:11:33,Discord,user19749,DM
1779416288412,2026-05-22 02:18:08,Discord,user31904,DM
1779459533412,2026-05-22 14:18:53,Discord,user69470,DM
1779429991412,2026-05-22 06:06:31,Discord,user32155,Server
1779463929412,2026-05-22 15:32:09,Discord,user44710,DM
1779559689412,2026-05-23 18:08:09,WhatsApp,628420949178,Grup
1779566224412,2026-05-23 19:57:04,WhatsApp,628763858825,Grup
1779509414412,2026-05-23 04:10:14,WhatsApp,628582493476,Grup
1779553955412,2026-05-23 16:32:35,WhatsApp,628873193128,Grup
1779554181412,2026-05-23 16:36:21,WhatsApp,628664934721,Pribadi
1779580199412,2026-05-23 23:49:59,WhatsApp,62866024772,Pribadi
1779501060412,2026-05-23 01:51:00,WhatsApp,628426461949,Grup
1779562930412,2026-05-23 19:02:10,WhatsApp,628734022460,Pribadi
1779559758412,2026-05-23 18:09:18,WhatsApp,628987321683,Pribadi
1779561604412,2026-05-23 18:40:04,WhatsApp,628586517690,Grup
1779529054412,2026-05-23 09:37:34,WhatsApp,628703051644,Grup
1779549693412,2026-05-23 15:21:33,WhatsApp,628461153321,Grup
1779544595412,2026-05-23 13:56:35,WhatsApp,628864980603,Grup
1779529449412,2026-05-23 09:44:09,WhatsApp,628407288279,Grup
1779500734412,2026-05-23 01:45:34,WhatsApp,628627988464,Pribadi
1779550128412,2026-05-23 15:28:48,WhatsApp,628880751611,Pribadi
1779507193412,2026-05-23 03:33:13,WhatsApp,628595030558,Grup
1779578096412,2026-05-23 23:14:56,WhatsApp,628420473485,Grup
1779528990412,2026-05-23 09:36:30,WhatsApp,628522093077,Pribadi
1779527212412,2026-05-23 09:06:52,WhatsApp,628874591370,Pribadi
1779515868412,2026-05-23 05:57:48,WhatsApp,628434777776,Grup
1779537116412,2026-05-23 11:51:56,WhatsApp,628392307182,Grup
1779547628412,2026-05-23 14:47:08,WhatsApp,628796419871,Grup
1779531610412,2026-05-23 10:20:10,WhatsApp,628663764689,Pribadi
1779564574412,2026-05-23 19:29:34,WhatsApp,628841250365,Grup
1779534183412,2026-05-23 11:03:03,WhatsApp,628921876963,Grup
1779579185412,2026-05-23 23:33:05,WhatsApp,628479677989,Grup
1779575989412,2026-05-23 22:39:49,WhatsApp,628808595432,Pribadi
1779512430412,2026-05-23 05:00:30,WhatsApp,628161823432,Grup
1779515618412,2026-05-23 05:53:38,WhatsApp,628352046426,Grup
1779537450412,2026-05-23 11:57:30,WhatsApp,628245925652,Pribadi
1779577971412,2026-05-23 23:12:51,WhatsApp,628437365811,Grup
1779555929412,2026-05-23 17:05:29,WhatsApp,628976790949,Grup
1779503078412,2026-05-23 02:24:38,WhatsApp,628236564909,Grup
1779573714412,2026-05-23 22:01:54,WhatsApp,628493314633,Grup
1779571325412,2026-05-23 21:22:05,WhatsApp,628482008373,Pribadi
1779538203412,2026-05-23 12:10:03,WhatsApp,628393087180,Pribadi
1779569347412,2026-05-23 20:49:07,WhatsApp,62889505073,Grup
1779574629412,2026-05-23 22:17:09,WhatsApp,62885569193,Pribadi
1779510949412,2026-05-23 04:35:49,WhatsApp,628131432961,Grup
1779543168412,2026-05-23 13:32:48,WhatsApp,628772182220,Grup
1779539468412,2026-05-23 12:31:08,WhatsApp,628807369573,Pribadi
1779508271412,2026-05-23 03:51:11,WhatsApp,628737889109,Grup
1779537693412,2026-05-23 12:01:33,WhatsApp,628774821285,Pribadi
1779572126412,2026-05-23 21:35:26,WhatsApp,628274342427,Pribadi
1779565581412,2026-05-23 19:46:21,WhatsApp,628342105115,Grup
1779547766412,2026-05-23 14:49:26,WhatsApp,628821068177,Grup
1779511352412,2026-05-23 04:42:32,WhatsApp,628886490864,Pribadi
1779561568412,2026-05-23 18:39:28,WhatsApp,628476107985,Pribadi
1779541339412,2026-05-23 13:02:19,WhatsApp,62836751009,Grup
1779516782412,2026-05-23 06:13:02,WhatsApp,628485762681,Grup
1779519250412,2026-05-23 06:54:10,WhatsApp,628748484508,Grup
1779512018412,2026-05-23 04:53:38,WhatsApp,628378603126,Grup
1779498948412,2026-05-23 01:15:48,WhatsApp,628658845241,Pribadi
1779547199412,2026-05-23 14:39:59,WhatsApp,628422162425,Grup
1779521232412,2026-05-23 07:27:12,WhatsApp,628247384618,Grup
1779579418412,2026-05-23 23:36:58,WhatsApp,628291896147,Grup
1779557454412,2026-05-23 17:30:54,WhatsApp,628764202296,Pribadi
1779504247412,2026-05-23 02:44:07,WhatsApp,62871491461,Grup
1779506211412,2026-05-23 03:16:51,WhatsApp,628781034266,Grup
1779563219412,2026-05-23 19:06:59,WhatsApp,628389431961,Grup
1779567452412,2026-05-23 20:17:32,WhatsApp,628863482516,Pribadi
1779578839412,2026-05-23 23:27:19,WhatsApp,628989956173,Grup
1779575179412,2026-05-23 22:26:19,WhatsApp,628886042846,Grup
1779573608412,2026-05-23 22:00:08,WhatsApp,628486414026,Grup
1779504822412,2026-05-23 02:53:42,WhatsApp,628701501281,Pribadi
1779533971412,2026-05-23 10:59:31,WhatsApp,628806240923,Pribadi
1779528709412,2026-05-23 09:31:49,WhatsApp,628809278928,Grup
1779548176412,2026-05-23 14:56:16,WhatsApp,62860534471,Grup
1779561018412,2026-05-23 18:30:18,WhatsApp,628255246004,Grup
1779525435412,2026-05-23 08:37:15,WhatsApp,628949586522,Grup
1779504462412,2026-05-23 02:47:42,WhatsApp,628301863960,Grup
1779501047412,2026-05-23 01:50:47,WhatsApp,628524607911,Pribadi
1779560607412,2026-05-23 18:23:27,WhatsApp,628209449572,Pribadi
1779528399412,2026-05-23 09:26:39,WhatsApp,628916910113,Grup
1779529555412,2026-05-23 09:45:55,WhatsApp,628633945751,Pribadi
1779557126412,2026-05-23 17:25:26,WhatsApp,628117519385,Pribadi
1779546869412,2026-05-23 14:34:29,WhatsApp,628926627791,Grup
1779564410412,2026-05-23 19:26:50,WhatsApp,628162821203,Grup
1779574632412,2026-05-23 22:17:12,WhatsApp,628893876215,Grup
1779507414412,2026-05-23 03:36:54,WhatsApp,628294351418,Pribadi
1779499830412,2026-05-23 01:30:30,WhatsApp,628843303909,Grup
1779517903412,2026-05-23 06:31:43,WhatsApp,628768335025,Pribadi
1779527223412,2026-05-23 09:07:03,WhatsApp,628415919418,Grup
1779525115412,2026-05-23 08:31:55,WhatsApp,628522285862,Pribadi
1779535137412,2026-05-23 11:18:57,WhatsApp,628971905619,Pribadi
1779560065412,2026-05-23 18:14:25,WhatsApp,628272770969,Grup
1779569402412,2026-05-23 20:50:02,WhatsApp,628546678740,Pribadi
1779572751412,2026-05-23 21:45:51,WhatsApp,628674425717,Grup
1779533442412,2026-05-23 10:50:42,WhatsApp,628477032340,Grup
1779536225412,2026-05-23 11:37:05,WhatsApp,628117867800,Grup
1779525448412,2026-05-23 08:37:28,WhatsApp,628148151458,Grup
1779516756412,2026-05-23 06:12:36,WhatsApp,628909295392,Grup
1779560345412,2026-05-23 18:19:05,WhatsApp,628824998876,Grup
1779521639412,2026-05-23 07:33:59,WhatsApp,628842641264,Grup
1779566921412,2026-05-23 20:08:41,WhatsApp,628281172769,Grup
1779560805412,2026-05-23 18:26:45,WhatsApp,628122161433,Grup
1779563164412,2026-05-23 19:06:04,WhatsApp,628673379873,Grup
1779498729412,2026-05-23 01:12:09,WhatsApp,628826204395,Pribadi
1779505452412,2026-05-23 03:04:12,WhatsApp,628728107873,Pribadi
1779541213412,2026-05-23 13:00:13,WhatsApp,628598386632,Pribadi
1779551589412,2026-05-23 15:53:09,WhatsApp,628161521285,Grup
1779494873412,2026-05-23 00:07:53,WhatsApp,628756334095,Pribadi
1779556043412,2026-05-23 17:07:23,WhatsApp,628906447609,Pribadi
1779566175412,2026-05-23 19:56:15,WhatsApp,628168378665,Grup
1779550046412,2026-05-23 15:27:26,WhatsApp,628661724836,Grup
1779579832412,2026-05-23 23:43:52,WhatsApp,628781967196,Pribadi
1779527173412,2026-05-23 09:06:13,WhatsApp,628930514190,Pribadi
1779570581412,2026-05-23 21:09:41,WhatsApp,628295176065,Grup
1779577317412,2026-05-23 23:01:57,WhatsApp,628436267277,Grup
1779566480412,2026-05-23 20:01:20,WhatsApp,628304885655,Grup
1779579968412,2026-05-23 23:46:08,WhatsApp,628459501112,Grup
1779520741412,2026-05-23 07:19:01,WhatsApp,6284414296,Grup
1779540604412,2026-05-23 12:50:04,WhatsApp,628341422480,Pribadi
1779570527412,2026-05-23 21:08:47,WhatsApp,628623487308,Grup
1779519943412,2026-05-23 07:05:43,WhatsApp,628638203350,Grup
1779499541412,2026-05-23 01:25:41,WhatsApp,628304389108,Pribadi
1779541127412,2026-05-23 12:58:47,WhatsApp,628924068744,Pribadi
1779539166412,2026-05-23 12:26:06,WhatsApp,62850474169,Pribadi
1779507432412,2026-05-23 03:37:12,WhatsApp,628326079589,Grup
1779534088412,2026-05-23 11:01:28,WhatsApp,628930082934,Grup
1779495043412,2026-05-23 00:10:43,WhatsApp,628252747811,Grup
1779516983412,2026-05-23 06:16:23,WhatsApp,628511787831,Grup
1779566796412,2026-05-23 20:06:36,WhatsApp,628243322762,Pribadi
1779540891412,2026-05-23 12:54:51,WhatsApp,628825278742,Grup
1779569798412,2026-05-23 20:56:38,WhatsApp,628538907876,Grup
1779544840412,2026-05-23 14:00:40,WhatsApp,628769619817,Grup
1779494631412,2026-05-23 00:03:51,WhatsApp,628243736996,Grup
1779571222412,2026-05-23 21:20:22,WhatsApp,628111751748,Grup
1779494725412,2026-05-23 00:05:25,WhatsApp,628541167724,Pribadi
1779505939412,2026-05-23 03:12:19,WhatsApp,628548610156,Pribadi
1779546443412,2026-05-23 14:27:23,WhatsApp,62863435990,Grup
1779567805412,2026-05-23 20:23:25,WhatsApp,628866444792,Pribadi
1779530739412,2026-05-23 10:05:39,WhatsApp,628614746475,Pribadi
1779505144412,2026-05-23 02:59:04,WhatsApp,628448703790,Pribadi
1779542497412,2026-05-23 13:21:37,WhatsApp,62845732502,Grup
1779535671412,2026-05-23 11:27:51,WhatsApp,628572822484,Pribadi
1779530537412,2026-05-23 10:02:17,WhatsApp,628917043318,Pribadi
1779497279412,2026-05-23 00:47:59,WhatsApp,628186859976,Grup
1779579178412,2026-05-23 23:32:58,WhatsApp,628169803388,Grup
1779561693412,2026-05-23 18:41:33,WhatsApp,628717316167,Pribadi
1779545473412,2026-05-23 14:11:13,WhatsApp,628747902226,Pribadi
1779520273412,2026-05-23 07:11:13,WhatsApp,628134369959,Grup
1779504169412,2026-05-23 02:42:49,WhatsApp,628883295691,Grup
1779504146412,2026-05-23 02:42:26,WhatsApp,628996933946,Grup
1779504660412,2026-05-23 02:51:00,WhatsApp,628398948840,Pribadi
1779525286412,2026-05-23 08:34:46,WhatsApp,628372212647,Grup
1779514210412,2026-05-23 05:30:10,WhatsApp,628435774633,Grup
1779520778412,2026-05-23 07:19:38,WhatsApp,628581372141,Grup
1779523067412,2026-05-23 07:57:47,WhatsApp,628500893491,Grup
1779499566412,2026-05-23 01:26:06,WhatsApp,62861010183,Grup
1779565485412,2026-05-23 19:44:45,WhatsApp,628922635341,Pribadi
1779576013412,2026-05-23 22:40:13,WhatsApp,628211795126,Pribadi
1779537415412,2026-05-23 11:56:55,WhatsApp,62814137883,Grup
1779566210412,2026-05-23 19:56:50,WhatsApp,628448807936,Grup
1779545236412,2026-05-23 14:07:16,WhatsApp,628481488564,Grup
1779517951412,2026-05-23 06:32:31,WhatsApp,628265326795,Grup
1779523073412,2026-05-23 07:57:53,WhatsApp,628634484668,Grup
1779548046412,2026-05-23 14:54:06,WhatsApp,628215816430,Pribadi
1779561913412,2026-05-23 18:45:13,WhatsApp,628197987176,Grup
1779540792412,2026-05-23 12:53:12,WhatsApp,628913733269,Grup
1779539447412,2026-05-23 12:30:47,WhatsApp,628271465987,Pribadi
1779527449412,2026-05-23 09:10:49,WhatsApp,628583619727,Pribadi
1779559134412,2026-05-23 17:58:54,WhatsApp,628339571428,Pribadi
1779502713412,2026-05-23 02:18:33,WhatsApp,628970533446,Grup
1779535027412,2026-05-23 11:17:07,WhatsApp,628575220162,Grup
1779536710412,2026-05-23 11:45:10,WhatsApp,628777334006,Grup
1779558956412,2026-05-23 17:55:56,WhatsApp,628511332842,Grup
1779507129412,2026-05-23 03:32:09,WhatsApp,628379697998,Grup
1779531712412,2026-05-23 10:21:52,WhatsApp,628795754756,Grup
1779496529412,2026-05-23 00:35:29,WhatsApp,62811866883,Grup
1779514844412,2026-05-23 05:40:44,WhatsApp,62881082364,Grup
1779516025412,2026-05-23 06:00:25,WhatsApp,628397518584,Grup
1779551704412,2026-05-23 15:55:04,WhatsApp,628880796295,Pribadi
1779513805412,2026-05-23 05:23:25,WhatsApp,628325196075,Grup
1779569991412,2026-05-23 20:59:51,WhatsApp,628947016993,Grup
1779555921412,2026-05-23 17:05:21,WhatsApp,628613598667,Grup
1779533849412,2026-05-23 10:57:29,WhatsApp,628100473697,Pribadi
1779573180412,2026-05-23 21:53:00,WhatsApp,628374630450,Grup
1779567634412,2026-05-23 20:20:34,WhatsApp,62826930576,Grup
1779533760412,2026-05-23 10:56:00,WhatsApp,628565262044,Pribadi
1779557255412,2026-05-23 17:27:35,WhatsApp,628648209323,Grup
1779506761412,2026-05-23 03:26:01,WhatsApp,628346351107,Grup
1779574821412,2026-05-23 22:20:21,WhatsApp,628104176111,Grup
1779512777412,2026-05-23 05:06:17,WhatsApp,628201809928,Pribadi
1779497099412,2026-05-23 00:44:59,WhatsApp,628695417967,Grup
1779575499412,2026-05-23 22:31:39,WhatsApp,628854701588,Grup
1779531019412,2026-05-23 10:10:19,WhatsApp,628836499875,Pribadi
1779521556412,2026-05-23 07:32:36,WhatsApp,628885745634,Grup
1779541900412,2026-05-23 13:11:40,WhatsApp,628386783068,Pribadi
1779508665412,2026-05-23 03:57:45,WhatsApp,628987213414,Pribadi
1779530658412,2026-05-23 10:04:18,WhatsApp,628815959589,Grup
1779562899412,2026-05-23 19:01:39,WhatsApp,628134851138,Grup
1779496566412,2026-05-23 00:36:06,WhatsApp,628948184294,Grup
1779564678412,2026-05-23 19:31:18,WhatsApp,628810349518,Grup
1779529327412,2026-05-23 09:42:07,WhatsApp,628687584853,Pribadi
1779568256412,2026-05-23 20:30:56,WhatsApp,628216945976,Pribadi
1779545076412,2026-05-23 14:04:36,WhatsApp,628999403624,Pribadi
1779507849412,2026-05-23 03:44:09,WhatsApp,628646575577,Grup
1779562543412,2026-05-23 18:55:43,WhatsApp,628562681170,Grup
1779557447412,2026-05-23 17:30:47,WhatsApp,628105499802,Grup
1779562941412,2026-05-23 19:02:21,WhatsApp,628948546012,Pribadi
1779500115412,2026-05-23 01:35:15,WhatsApp,628586877882,Grup
1779503674412,2026-05-23 02:34:34,WhatsApp,628477341861,Pribadi
1779538162412,2026-05-23 12:09:22,WhatsApp,628114480298,Pribadi
1779540113412,2026-05-23 12:41:53,WhatsApp,628467374054,Pribadi
1779571786412,2026-05-23 21:29:46,WhatsApp,628535501434,Grup
1779532245412,2026-05-23 10:30:45,WhatsApp,628315414377,Pribadi
1779550044412,2026-05-23 15:27:24,Discord,user73628,Server
1779566320412,2026-05-23 19:58:40,Discord,user10074,DM
1779522723412,2026-05-23 07:52:03,Discord,user11634,DM
1779511517412,2026-05-23 04:45:17,Discord,user37963,DM
1779517704412,2026-05-23 06:28:24,Discord,user27228,DM
1779497409412,2026-05-23 00:50:09,Discord,user54241,DM
1779517733412,2026-05-23 06:28:53,Discord,user89724,Server
1779557897412,2026-05-23 17:38:17,Discord,user20542,DM
1779549781412,2026-05-23 15:23:01,Discord,user93964,DM
1779543206412,2026-05-23 13:33:26,Discord,user83276,DM
1779528294412,2026-05-23 09:24:54,Discord,user73857,Server
1779547525412,2026-05-23 14:45:25,Discord,user20426,DM
1779545074412,2026-05-23 14:04:34,Discord,user55079,DM
1779548844412,2026-05-23 15:07:24,Discord,user56443,Server
1779508819412,2026-05-23 04:00:19,Discord,user24600,Server
1779577267412,2026-05-23 23:01:07,Discord,user67727,Server
1779559647412,2026-05-23 18:07:27,Discord,user78204,DM
1779534987412,2026-05-23 11:16:27,Discord,user15660,DM
1779556664412,2026-05-23 17:17:44,Discord,user76252,DM
1779528831412,2026-05-23 09:33:51,Discord,user58089,Server
1779525829412,2026-05-23 08:43:49,Discord,user95730,Server
1779498890412,2026-05-23 01:14:50,Discord,user99666,DM
1779570769412,2026-05-23 21:12:49,Discord,user1468,DM
1779559998412,2026-05-23 18:13:18,Discord,user81002,DM
1779523427412,2026-05-23 08:03:47,Discord,user61999,DM
1779504007412,2026-05-23 02:40:07,Discord,user34728,DM
1779535306412,2026-05-23 11:21:46,Discord,user7367,Server
1779549614412,2026-05-23 15:20:14,Discord,user46149,DM
1779553892412,2026-05-23 16:31:32,Discord,user17452,DM
1779574381412,2026-05-23 22:13:01,Discord,user95058,Server
1779544177412,2026-05-23 13:49:37,Discord,user51628,Server
1779500198412,2026-05-23 01:36:38,Discord,user98409,DM
1779536920412,2026-05-23 11:48:40,Discord,user70767,Server
1779538557412,2026-05-23 12:15:57,Discord,user5266,DM
1779534103412,2026-05-23 11:01:43,Discord,user71771,Server
1779516832412,2026-05-23 06:13:52,Discord,user90648,Server
1779540340412,2026-05-23 12:45:40,Discord,user20862,Server
1779512503412,2026-05-23 05:01:43,Discord,user13656,Server
1779569581412,2026-05-23 20:53:01,Discord,user72601,DM
1779578810412,2026-05-23 23:26:50,Discord,user62490,DM
1779499166412,2026-05-23 01:19:26,Discord,user44499,DM
1779548415412,2026-05-23 15:00:15,Discord,user1369,DM
1779556591412,2026-05-23 17:16:31,Discord,user33175,DM
1779549725412,2026-05-23 15:22:05,Discord,user30000,DM
1779499917412,2026-05-23 01:31:57,Discord,user71740,Server
1779520440412,2026-05-23 07:14:00,Discord,user9450,Server
1779538196412,2026-05-23 12:09:56,Discord,user94040,Server
1779572922412,2026-05-23 21:48:42,Discord,user17927,Server
1779497606412,2026-05-23 00:53:26,Discord,user70857,DM
1779549639412,2026-05-23 15:20:39,Discord,user93419,Server
1779495884412,2026-05-23 00:24:44,Discord,user72316,Server
1779547617412,2026-05-23 14:46:57,Discord,user53299,DM
1779567977412,2026-05-23 20:26:17,Discord,user61490,Server
1779510171412,2026-05-23 04:22:51,Discord,user31478,DM
1779542384412,2026-05-23 13:19:44,Discord,user83507,Server
1779535529412,2026-05-23 11:25:29,Discord,user29955,Server
1779505703412,2026-05-23 03:08:23,Discord,user32609,DM
1779560920412,2026-05-23 18:28:40,Discord,user40902,DM
1779496095412,2026-05-23 00:28:15,Discord,user85921,Server
1779519871412,2026-05-23 07:04:31,Discord,user92594,DM
1779556140412,2026-05-23 17:09:00,Discord,user19769,Server
1779525867412,2026-05-23 08:44:27,Discord,user66538,DM
1779508620412,2026-05-23 03:57:00,Discord,user67976,DM
1779515973412,2026-05-23 05:59:33,Discord,user67494,DM
1779520081412,2026-05-23 07:08:01,Discord,user63533,DM
1779528534412,2026-05-23 09:28:54,Discord,user3459,Server
1779549329412,2026-05-23 15:15:29,Discord,user30103,Server
1779572145412,2026-05-23 21:35:45,Discord,user853,DM
1779509361412,2026-05-23 04:09:21,Discord,user29762,DM
1779649844412,2026-05-24 19:10:44,WhatsApp,628214258527,Pribadi
1779619369412,2026-05-24 10:42:49,WhatsApp,628466205592,Pribadi
1779627515412,2026-05-24 12:58:35,WhatsApp,628913149510,Pribadi
1779638123412,2026-05-24 15:55:23,WhatsApp,628265368693,Grup
1779653066412,2026-05-24 20:04:26,WhatsApp,628846525641,Grup
1779592221412,2026-05-24 03:10:21,WhatsApp,628620755064,Pribadi
1779624033412,2026-05-24 12:00:33,WhatsApp,628570137855,Grup
1779625798412,2026-05-24 12:29:58,WhatsApp,628465029670,Pribadi
1779607993412,2026-05-24 07:33:13,WhatsApp,628913246469,Grup
1779657339412,2026-05-24 21:15:39,WhatsApp,62879318768,Grup
1779663910412,2026-05-24 23:05:10,WhatsApp,628436562880,Grup
1779656438412,2026-05-24 21:00:38,WhatsApp,628951551424,Grup
1779661627412,2026-05-24 22:27:07,WhatsApp,628579761548,Grup
1779610585412,2026-05-24 08:16:25,WhatsApp,628647788871,Pribadi
1779598733412,2026-05-24 04:58:53,WhatsApp,628250807575,Grup
1779639605412,2026-05-24 16:20:05,WhatsApp,628153215774,Pribadi
1779637646412,2026-05-24 15:47:26,WhatsApp,628834083770,Grup
1779606321412,2026-05-24 07:05:21,WhatsApp,628218111831,Grup
1779592381412,2026-05-24 03:13:01,WhatsApp,628546343523,Pribadi
1779582968412,2026-05-24 00:36:08,WhatsApp,628595717005,Grup
1779652116412,2026-05-24 19:48:36,WhatsApp,628708009071,Grup
1779646827412,2026-05-24 18:20:27,WhatsApp,628111024388,Grup
1779605196412,2026-05-24 06:46:36,WhatsApp,62899243704,Pribadi
1779654236412,2026-05-24 20:23:56,WhatsApp,628575434387,Grup
1779628785412,2026-05-24 13:19:45,WhatsApp,628184738111,Grup
1779617925412,2026-05-24 10:18:45,WhatsApp,628590770170,Pribadi
1779617670412,2026-05-24 10:14:30,WhatsApp,628444298834,Pribadi
1779641258412,2026-05-24 16:47:38,WhatsApp,628527638901,Grup
1779600741412,2026-05-24 05:32:21,WhatsApp,628288214629,Grup
1779639559412,2026-05-24 16:19:19,WhatsApp,628439884567,Pribadi
1779632157412,2026-05-24 14:15:57,WhatsApp,628654217947,Grup
1779608691412,2026-05-24 07:44:51,WhatsApp,628640508641,Grup
1779601680412,2026-05-24 05:48:00,WhatsApp,628443363750,Grup
1779648572412,2026-05-24 18:49:32,WhatsApp,628609006805,Pribadi
1779644566412,2026-05-24 17:42:46,WhatsApp,628376798531,Grup
1779657092412,2026-05-24 21:11:32,WhatsApp,628564451733,Pribadi
1779588973412,2026-05-24 02:16:13,WhatsApp,628984315876,Grup
1779603092412,2026-05-24 06:11:32,WhatsApp,628838652316,Grup
1779601742412,2026-05-24 05:49:02,WhatsApp,628232412947,Pribadi
1779653369412,2026-05-24 20:09:29,WhatsApp,628833190445,Grup
1779626699412,2026-05-24 12:44:59,WhatsApp,628473548675,Grup
1779591612412,2026-05-24 03:00:12,WhatsApp,628710631451,Pribadi
1779639412412,2026-05-24 16:16:52,WhatsApp,628216557131,Pribadi
1779638383412,2026-05-24 15:59:43,WhatsApp,628934914823,Grup
1779613779412,2026-05-24 09:09:39,WhatsApp,628251891165,Grup
1779614597412,2026-05-24 09:23:17,WhatsApp,628983793894,Grup
1779645753412,2026-05-24 18:02:33,WhatsApp,628516116040,Pribadi
1779605571412,2026-05-24 06:52:51,WhatsApp,628825434543,Grup
1779641283412,2026-05-24 16:48:03,WhatsApp,628125532154,Pribadi
1779611417412,2026-05-24 08:30:17,WhatsApp,628668640613,Grup
1779613190412,2026-05-24 08:59:50,WhatsApp,628484425049,Grup
1779581147412,2026-05-24 00:05:47,WhatsApp,628547712951,Pribadi
1779581681412,2026-05-24 00:14:41,WhatsApp,628347166362,Grup
1779604204412,2026-05-24 06:30:04,WhatsApp,628192314382,Grup
1779616003412,2026-05-24 09:46:43,WhatsApp,628303422455,Grup
1779617714412,2026-05-24 10:15:14,WhatsApp,628769229141,Pribadi
1779582437412,2026-05-24 00:27:17,WhatsApp,628409944582,Pribadi
1779610507412,2026-05-24 08:15:07,WhatsApp,628384890782,Grup
1779661030412,2026-05-24 22:17:10,WhatsApp,62847711123,Grup
1779643089412,2026-05-24 17:18:09,WhatsApp,628817357677,Grup
1779648102412,2026-05-24 18:41:42,WhatsApp,628997811465,Grup
1779634379412,2026-05-24 14:52:59,WhatsApp,628970072854,Grup
1779630192412,2026-05-24 13:43:12,WhatsApp,628448431752,Grup
1779606219412,2026-05-24 07:03:39,WhatsApp,628601685640,Grup
1779610292412,2026-05-24 08:11:32,WhatsApp,62881316823,Grup
1779628052412,2026-05-24 13:07:32,WhatsApp,628503336672,Pribadi
1779652975412,2026-05-24 20:02:55,WhatsApp,628177429183,Pribadi
1779623411412,2026-05-24 11:50:11,WhatsApp,628371287349,Grup
1779634074412,2026-05-24 14:47:54,WhatsApp,628415342202,Pribadi
1779655029412,2026-05-24 20:37:09,WhatsApp,628825281786,Grup
1779659814412,2026-05-24 21:56:54,WhatsApp,628525694554,Grup
1779610981412,2026-05-24 08:23:01,WhatsApp,628227975361,Grup
1779599995412,2026-05-24 05:19:55,WhatsApp,628705612392,Grup
1779654413412,2026-05-24 20:26:53,WhatsApp,628792490758,Grup
1779644682412,2026-05-24 17:44:42,WhatsApp,628544649103,Grup
1779593790412,2026-05-24 03:36:30,WhatsApp,628938936185,Grup
1779650138412,2026-05-24 19:15:38,WhatsApp,628683738392,Grup
1779667058412,2026-05-24 23:57:38,WhatsApp,628192361364,Grup
1779638874412,2026-05-24 16:07:54,WhatsApp,628473912254,Grup
1779591120412,2026-05-24 02:52:00,WhatsApp,628612695992,Pribadi
1779594969412,2026-05-24 03:56:09,WhatsApp,628357028896,Pribadi
1779642104412,2026-05-24 17:01:44,WhatsApp,628168817066,Grup
1779591095412,2026-05-24 02:51:35,WhatsApp,628224801445,Grup
1779583965412,2026-05-24 00:52:45,WhatsApp,628637324830,Pribadi
1779666989412,2026-05-24 23:56:29,WhatsApp,628931536268,Pribadi
1779644767412,2026-05-24 17:46:07,WhatsApp,628183854690,Grup
1779593745412,2026-05-24 03:35:45,WhatsApp,628866439648,Grup
1779663817412,2026-05-24 23:03:37,WhatsApp,628467796287,Grup
1779623447412,2026-05-24 11:50:47,WhatsApp,62819307375,Grup
1779630971412,2026-05-24 13:56:11,WhatsApp,628339940311,Grup
1779600891412,2026-05-24 05:34:51,WhatsApp,628100152210,Pribadi
1779655596412,2026-05-24 20:46:36,WhatsApp,628896290176,Grup
1779664668412,2026-05-24 23:17:48,WhatsApp,628635730011,Grup
1779601068412,2026-05-24 05:37:48,WhatsApp,628587723650,Pribadi
1779606334412,2026-05-24 07:05:34,WhatsApp,628474960157,Grup
1779655474412,2026-05-24 20:44:34,WhatsApp,628466708394,Pribadi
1779634350412,2026-05-24 14:52:30,WhatsApp,628550308568,Grup
1779628444412,2026-05-24 13:14:04,WhatsApp,628711594078,Pribadi
1779604475412,2026-05-24 06:34:35,WhatsApp,628991761604,Pribadi
1779665890412,2026-05-24 23:38:10,WhatsApp,628675767623,Pribadi
1779631472412,2026-05-24 14:04:32,WhatsApp,628259907477,Pribadi
1779603282412,2026-05-24 06:14:42,WhatsApp,628387667912,Grup
1779592883412,2026-05-24 03:21:23,WhatsApp,628411895531,Pribadi
1779604020412,2026-05-24 06:27:00,WhatsApp,628314113996,Grup
1779597315412,2026-05-24 04:35:15,WhatsApp,628217227192,Grup
1779602428412,2026-05-24 06:00:28,WhatsApp,628507609184,Grup
1779657699412,2026-05-24 21:21:39,WhatsApp,628384601931,Pribadi
1779590590412,2026-05-24 02:43:10,WhatsApp,628720988783,Grup
1779604146412,2026-05-24 06:29:06,WhatsApp,628734687781,Grup
1779610473412,2026-05-24 08:14:33,WhatsApp,628655330774,Grup
1779603897412,2026-05-24 06:24:57,WhatsApp,628882583006,Grup
1779638971412,2026-05-24 16:09:31,WhatsApp,628367993156,Grup
1779626175412,2026-05-24 12:36:15,WhatsApp,628316643170,Grup
1779635962412,2026-05-24 15:19:22,WhatsApp,628996552803,Grup
1779639233412,2026-05-24 16:13:53,WhatsApp,628548923041,Pribadi
1779644424412,2026-05-24 17:40:24,WhatsApp,628704214845,Grup
1779649859412,2026-05-24 19:10:59,WhatsApp,628833015118,Pribadi
1779583306412,2026-05-24 00:41:46,WhatsApp,628341990316,Pribadi
1779609764412,2026-05-24 08:02:44,WhatsApp,628239067360,Grup
1779616361412,2026-05-24 09:52:41,WhatsApp,628671982498,Grup
1779632135412,2026-05-24 14:15:35,WhatsApp,628698740287,Grup
1779630193412,2026-05-24 13:43:13,WhatsApp,628589214949,Grup
1779657445412,2026-05-24 21:17:25,WhatsApp,628724314592,Grup
1779659336412,2026-05-24 21:48:56,WhatsApp,628766499834,Grup
1779652896412,2026-05-24 20:01:36,WhatsApp,628503556904,Pribadi
1779641381412,2026-05-24 16:49:41,WhatsApp,628923484241,Pribadi
1779633146412,2026-05-24 14:32:26,WhatsApp,628249013676,Pribadi
1779596575412,2026-05-24 04:22:55,WhatsApp,628857189,Grup
1779593588412,2026-05-24 03:33:08,WhatsApp,628638479028,Grup
1779666334412,2026-05-24 23:45:34,WhatsApp,628851788846,Grup
1779659287412,2026-05-24 21:48:07,WhatsApp,628570218278,Pribadi
1779633440412,2026-05-24 14:37:20,WhatsApp,62885198282,Grup
1779590189412,2026-05-24 02:36:29,WhatsApp,628203491690,Pribadi
1779604627412,2026-05-24 06:37:07,WhatsApp,628442251822,Pribadi
1779610093412,2026-05-24 08:08:13,WhatsApp,628823284720,Pribadi
1779636679412,2026-05-24 15:31:19,WhatsApp,628439114041,Grup
1779634808412,2026-05-24 15:00:08,WhatsApp,628119494401,Grup
1779665208412,2026-05-24 23:26:48,WhatsApp,628172261868,Grup
1779589016412,2026-05-24 02:16:56,WhatsApp,628143799380,Grup
1779612132412,2026-05-24 08:42:12,WhatsApp,628279717665,Grup
1779635842412,2026-05-24 15:17:22,WhatsApp,628659241012,Pribadi
1779653763412,2026-05-24 20:16:03,WhatsApp,628603729471,Pribadi
1779612898412,2026-05-24 08:54:58,WhatsApp,628715781097,Pribadi
1779631525412,2026-05-24 14:05:25,WhatsApp,628703510636,Pribadi
1779649733412,2026-05-24 19:08:53,WhatsApp,62880696862,Grup
1779594561412,2026-05-24 03:49:21,WhatsApp,628787552493,Grup
1779661836412,2026-05-24 22:30:36,WhatsApp,628856985013,Pribadi
1779605486412,2026-05-24 06:51:26,WhatsApp,628476296462,Pribadi
1779656752412,2026-05-24 21:05:52,WhatsApp,628516413284,Grup
1779621736412,2026-05-24 11:22:16,WhatsApp,628676794786,Grup
1779628320412,2026-05-24 13:12:00,WhatsApp,62856922272,Grup
1779625516412,2026-05-24 12:25:16,WhatsApp,628351467568,Grup
1779616407412,2026-05-24 09:53:27,WhatsApp,628761543418,Grup
1779634849412,2026-05-24 15:00:49,WhatsApp,628164082625,Pribadi
1779611238412,2026-05-24 08:27:18,WhatsApp,62895800832,Grup
1779587780412,2026-05-24 01:56:20,WhatsApp,628457980866,Grup
1779605368412,2026-05-24 06:49:28,WhatsApp,628227804750,Grup
1779630821412,2026-05-24 13:53:41,WhatsApp,628836035895,Pribadi
1779643460412,2026-05-24 17:24:20,WhatsApp,628963114563,Pribadi
1779603755412,2026-05-24 06:22:35,WhatsApp,628524741518,Grup
1779611609412,2026-05-24 08:33:29,WhatsApp,628109071323,Grup
1779656467412,2026-05-24 21:01:07,WhatsApp,628165052647,Grup
1779594704412,2026-05-24 03:51:44,WhatsApp,628292278270,Pribadi
1779606987412,2026-05-24 07:16:27,WhatsApp,628652298086,Pribadi
1779631108412,2026-05-24 13:58:28,WhatsApp,628943202610,Grup
1779634860412,2026-05-24 15:01:00,WhatsApp,628280310048,Pribadi
1779632960412,2026-05-24 14:29:20,WhatsApp,628548173137,Pribadi
1779623662412,2026-05-24 11:54:22,WhatsApp,628783622303,Grup
1779637513412,2026-05-24 15:45:13,WhatsApp,62869423590,Pribadi
1779650431412,2026-05-24 19:20:31,WhatsApp,628625114727,Pribadi
1779630579412,2026-05-24 13:49:39,WhatsApp,6283422669,Grup
1779650008412,2026-05-24 19:13:28,WhatsApp,628618564832,Pribadi
1779640616412,2026-05-24 16:36:56,WhatsApp,628452110691,Grup
1779596605412,2026-05-24 04:23:25,WhatsApp,628466607596,Pribadi
1779619488412,2026-05-24 10:44:48,WhatsApp,628852936301,Pribadi
1779586439412,2026-05-24 01:33:59,WhatsApp,628815286330,Pribadi
1779594219412,2026-05-24 03:43:39,WhatsApp,628766843555,Grup
1779600972412,2026-05-24 05:36:12,WhatsApp,628376197709,Pribadi
1779606530412,2026-05-24 07:08:50,WhatsApp,628421821625,Grup
1779657765412,2026-05-24 21:22:45,WhatsApp,628711711684,Pribadi
1779623990412,2026-05-24 11:59:50,WhatsApp,628656898985,Grup
1779664912412,2026-05-24 23:21:52,WhatsApp,628771556747,Pribadi
1779651654412,2026-05-24 19:40:54,WhatsApp,628968421378,Pribadi
1779650291412,2026-05-24 19:18:11,WhatsApp,628488316230,Pribadi
1779614571412,2026-05-24 09:22:51,WhatsApp,628840137460,Grup
1779586412412,2026-05-24 01:33:32,WhatsApp,628585911716,Grup
1779642141412,2026-05-24 17:02:21,WhatsApp,628500690330,Pribadi
1779596161412,2026-05-24 04:16:01,WhatsApp,628410596275,Pribadi
1779608321412,2026-05-24 07:38:41,WhatsApp,628544130828,Pribadi
1779587616412,2026-05-24 01:53:36,WhatsApp,628350254851,Pribadi
1779621348412,2026-05-24 11:15:48,WhatsApp,628872531138,Grup
1779616568412,2026-05-24 09:56:08,WhatsApp,628840903590,Grup
1779662166412,2026-05-24 22:36:06,WhatsApp,628535230981,Grup
1779663111412,2026-05-24 22:51:51,WhatsApp,628326727219,Pribadi
1779583949412,2026-05-24 00:52:29,WhatsApp,628864198983,Pribadi
1779628933412,2026-05-24 13:22:13,WhatsApp,628603527760,Grup
1779590051412,2026-05-24 02:34:11,WhatsApp,628944649445,Pribadi
1779583443412,2026-05-24 00:44:03,WhatsApp,628870889283,Pribadi
1779639029412,2026-05-24 16:10:29,WhatsApp,628881269574,Grup
1779615602412,2026-05-24 09:40:02,WhatsApp,628546426296,Grup
1779637368412,2026-05-24 15:42:48,WhatsApp,62810840604,Pribadi
1779584306412,2026-05-24 00:58:26,WhatsApp,628719793150,Pribadi
1779638242412,2026-05-24 15:57:22,WhatsApp,628413345950,Pribadi
1779646952412,2026-05-24 18:22:32,WhatsApp,628784784549,Grup
1779597607412,2026-05-24 04:40:07,WhatsApp,628775593092,Pribadi
1779605361412,2026-05-24 06:49:21,WhatsApp,628360512469,Grup
1779652420412,2026-05-24 19:53:40,WhatsApp,628726194567,Grup
1779625577412,2026-05-24 12:26:17,WhatsApp,628803060170,Grup
1779596793412,2026-05-24 04:26:33,Discord,user49704,Server
1779622143412,2026-05-24 11:29:03,Discord,user44520,Server
1779612575412,2026-05-24 08:49:35,Discord,user97423,DM
1779641986412,2026-05-24 16:59:46,Discord,user40274,Server
1779660430412,2026-05-24 22:07:10,Discord,user99665,Server
1779621934412,2026-05-24 11:25:34,Discord,user3784,Server
1779612316412,2026-05-24 08:45:16,Discord,user10243,DM
1779660364412,2026-05-24 22:06:04,Discord,user31756,DM
1779587909412,2026-05-24 01:58:29,Discord,user69468,Server
1779666221412,2026-05-24 23:43:41,Discord,user75169,DM
1779626241412,2026-05-24 12:37:21,Discord,user79238,DM
1779638293412,2026-05-24 15:58:13,Discord,user31494,DM
1779651939412,2026-05-24 19:45:39,Discord,user10482,Server
1779639003412,2026-05-24 16:10:03,Discord,user38516,Server
1779590940412,2026-05-24 02:49:00,Discord,user57314,DM
1779630454412,2026-05-24 13:47:34,Discord,user9973,Server
1779614136412,2026-05-24 09:15:36,Discord,user34724,Server
1779657567412,2026-05-24 21:19:27,Discord,user51033,Server
1779613744412,2026-05-24 09:09:04,Discord,user31873,Server
1779609965412,2026-05-24 08:06:05,Discord,user59734,DM
1779629588412,2026-05-24 13:33:08,Discord,user13056,DM
1779661819412,2026-05-24 22:30:19,Discord,user17461,DM
1779638474412,2026-05-24 16:01:14,Discord,user95277,Server
1779661860412,2026-05-24 22:31:00,Discord,user90849,DM
1779643374412,2026-05-24 17:22:54,Discord,user3933,DM
1779656995412,2026-05-24 21:09:55,Discord,user44819,Server
1779588687412,2026-05-24 02:11:27,Discord,user68891,DM
1779665985412,2026-05-24 23:39:45,Discord,user88304,Server
1779666771412,2026-05-24 23:52:51,Discord,user56436,DM
1779591876412,2026-05-24 03:04:36,Discord,user46002,DM
1779595262412,2026-05-24 04:01:02,Discord,user30276,Server
1779596833412,2026-05-24 04:27:13,Discord,user95284,Server
1779656830412,2026-05-24 21:07:10,Discord,user94302,Server
1779661009412,2026-05-24 22:16:49,Discord,user51280,Server
1779612625412,2026-05-24 08:50:25,Discord,user87060,Server
1779612766412,2026-05-24 08:52:46,Discord,user43452,DM
1779647956412,2026-05-24 18:39:16,Discord,user13121,DM
1779586471412,2026-05-24 01:34:31,Discord,user74398,Server
1779633511412,2026-05-24 14:38:31,Discord,user19429,DM
1779659571412,2026-05-24 21:52:51,Discord,user47018,Server
1779628930412,2026-05-24 13:22:10,Discord,user55984,Server
1779628666412,2026-05-24 13:17:46,Discord,user35270,Server
1779596149412,2026-05-24 04:15:49,Discord,user99477,Server
1779620996412,2026-05-24 11:09:56,Discord,user59993,DM
1779582673412,2026-05-24 00:31:13,Discord,user60030,DM
1779660999412,2026-05-24 22:16:39,Discord,user51356,Server
1779599132412,2026-05-24 05:05:32,Discord,user83480,Server
1779615094412,2026-05-24 09:31:34,Discord,user56579,Server
1779645407412,2026-05-24 17:56:47,Discord,user78893,Server
1779626574412,2026-05-24 12:42:54,Discord,user25160,Server
1779601107412,2026-05-24 05:38:27,Discord,user30952,DM
1779664478412,2026-05-24 23:14:38,Discord,user20688,DM
1779581040412,2026-05-24 00:04:00,Discord,user4425,DM
1779646833412,2026-05-24 18:20:33,Discord,user5100,DM
1779628562412,2026-05-24 13:16:02,Discord,user77875,Server
1779593354412,2026-05-24 03:29:14,Discord,user15212,DM
1779614956412,2026-05-24 09:29:16,Discord,user82072,DM
1779607308412,2026-05-24 07:21:48,Discord,user7338,Server
1779592047412,2026-05-24 03:07:27,Discord,user16280,DM
1779629053412,2026-05-24 13:24:13,Discord,user59781,DM
1779625945412,2026-05-24 12:32:25,Discord,user53457,DM
1779584853412,2026-05-24 01:07:33,Discord,user33206,Server
1779588489412,2026-05-24 02:08:09,Discord,user27098,DM
1779652782412,2026-05-24 19:59:42,Discord,user31616,Server
1779631409412,2026-05-24 14:03:29,Discord,user15525,DM
1779640367412,2026-05-24 16:32:47,Discord,user74620,DM
1779598781412,2026-05-24 04:59:41,Discord,user41233,DM
1779633070412,2026-05-24 14:31:10,Discord,user94782,Server
1779639586412,2026-05-24 16:19:46,Discord,user44921,Server
1779629690412,2026-05-24 13:34:50,Discord,user37071,Server
1779600747412,2026-05-24 05:32:27,Discord,user40234,Server
1779591458412,2026-05-24 02:57:38,Discord,user20927,Server
1779690302412,2026-05-25 06:25:02,WhatsApp,628519026729,Pribadi
1779721200412,2026-05-25 15:00:00,WhatsApp,628887687990,Grup
1779714578412,2026-05-25 13:09:38,WhatsApp,628491599641,Grup
1779707747412,2026-05-25 11:15:47,WhatsApp,628365452444,Grup
1779701845412,2026-05-25 09:37:25,WhatsApp,628524332645,Grup
1779752558412,2026-05-25 23:42:38,WhatsApp,628198040722,Grup
1779727393412,2026-05-25 16:43:13,WhatsApp,628712170821,Pribadi
1779724934412,2026-05-25 16:02:14,WhatsApp,628957763410,Pribadi
1779731492412,2026-05-25 17:51:32,WhatsApp,628354497778,Pribadi
1779684549412,2026-05-25 04:49:09,WhatsApp,628612980536,Grup
1779749125412,2026-05-25 22:45:25,WhatsApp,628264844662,Pribadi
1779716321412,2026-05-25 13:38:41,WhatsApp,62857712142,Pribadi
1779677348412,2026-05-25 02:49:08,WhatsApp,628345135424,Grup
1779680246412,2026-05-25 03:37:26,WhatsApp,628521126903,Grup
1779748109412,2026-05-25 22:28:29,WhatsApp,628932396025,Pribadi
1779706444412,2026-05-25 10:54:04,WhatsApp,628609788476,Grup
1779727970412,2026-05-25 16:52:50,WhatsApp,628407421227,Pribadi
1779678593412,2026-05-25 03:09:53,WhatsApp,628350060529,Pribadi
1779751536412,2026-05-25 23:25:36,WhatsApp,628280327466,Grup
1779691878412,2026-05-25 06:51:18,WhatsApp,628174137146,Pribadi
1779731627412,2026-05-25 17:53:47,WhatsApp,628169648625,Pribadi
1779716381412,2026-05-25 13:39:41,WhatsApp,628671025805,Grup
1779681762412,2026-05-25 04:02:42,WhatsApp,628912114621,Pribadi
1779684902412,2026-05-25 04:55:02,WhatsApp,62871961004,Grup
1779747392412,2026-05-25 22:16:32,WhatsApp,628685489162,Grup
1779677804412,2026-05-25 02:56:44,WhatsApp,62813821727,Grup
1779725915412,2026-05-25 16:18:35,WhatsApp,628362353415,Grup
1779724701412,2026-05-25 15:58:21,WhatsApp,62848034548,Pribadi
1779725454412,2026-05-25 16:10:54,WhatsApp,628291903059,Grup
1779684826412,2026-05-25 04:53:46,WhatsApp,628347992826,Grup
1779708515412,2026-05-25 11:28:35,WhatsApp,628418347184,Grup
1779708075412,2026-05-25 11:21:15,WhatsApp,628360241057,Pribadi
1779727142412,2026-05-25 16:39:02,WhatsApp,628998974677,Pribadi
1779731997412,2026-05-25 17:59:57,WhatsApp,628809628829,Grup
1779716617412,2026-05-25 13:43:37,WhatsApp,628559229,Grup
1779715101412,2026-05-25 13:18:21,WhatsApp,628987825504,Pribadi
1779685343412,2026-05-25 05:02:23,WhatsApp,628885826461,Grup
1779748981412,2026-05-25 22:43:01,WhatsApp,628421484909,Grup
1779718132412,2026-05-25 14:08:52,WhatsApp,628386738340,Grup
1779694547412,2026-05-25 07:35:47,WhatsApp,62896040007,Pribadi
1779675338412,2026-05-25 02:15:38,WhatsApp,628518874447,Grup
1779688936412,2026-05-25 06:02:16,WhatsApp,628403887011,Grup
1779720340412,2026-05-25 14:45:40,WhatsApp,628830657008,Grup
1779676214412,2026-05-25 02:30:14,WhatsApp,628174654597,Grup
1779727571412,2026-05-25 16:46:11,WhatsApp,628484616174,Pribadi
1779714814412,2026-05-25 13:13:34,WhatsApp,628508206791,Grup
1779731482412,2026-05-25 17:51:22,WhatsApp,628195054203,Pribadi
1779697885412,2026-05-25 08:31:25,WhatsApp,628998282774,Pribadi
1779679237412,2026-05-25 03:20:37,WhatsApp,628447025804,Grup
1779694379412,2026-05-25 07:32:59,WhatsApp,628218341629,Grup
1779697211412,2026-05-25 08:20:11,WhatsApp,628128879590,Pribadi
1779731526412,2026-05-25 17:52:06,WhatsApp,628870477224,Grup
1779684508412,2026-05-25 04:48:28,WhatsApp,628738313910,Pribadi
1779682157412,2026-05-25 04:09:17,WhatsApp,628351191316,Pribadi
1779670936412,2026-05-25 01:02:16,WhatsApp,628200319974,Grup
1779741168412,2026-05-25 20:32:48,WhatsApp,628402368837,Grup
1779721977412,2026-05-25 15:12:57,WhatsApp,628517703528,Grup
1779673563412,2026-05-25 01:46:03,WhatsApp,628435175450,Pribadi
1779682162412,2026-05-25 04:09:22,WhatsApp,628465794988,Grup
1779738747412,2026-05-25 19:52:27,WhatsApp,628517562691,Grup
1779711258412,2026-05-25 12:14:18,WhatsApp,628337110896,Pribadi
1779710969412,2026-05-25 12:09:29,WhatsApp,628633012835,Pribadi
1779702195412,2026-05-25 09:43:15,WhatsApp,628675531254,Pribadi
1779696420412,2026-05-25 08:07:00,WhatsApp,628720699276,Pribadi
1779679734412,2026-05-25 03:28:54,WhatsApp,628724593553,Pribadi
1779715751412,2026-05-25 13:29:11,WhatsApp,628894925495,Grup
1779705099412,2026-05-25 10:31:39,WhatsApp,62830558411,Pribadi
1779746529412,2026-05-25 22:02:09,WhatsApp,62836130229,Grup
1779730901412,2026-05-25 17:41:41,WhatsApp,628321214742,Grup
1779730387412,2026-05-25 17:33:07,WhatsApp,628513726983,Grup
1779730640412,2026-05-25 17:37:20,WhatsApp,628341001249,Grup
1779692038412,2026-05-25 06:53:58,WhatsApp,628781222498,Grup
1779706723412,2026-05-25 10:58:43,WhatsApp,628769685026,Grup
1779739054412,2026-05-25 19:57:34,WhatsApp,628823170269,Grup
1779752675412,2026-05-25 23:44:35,WhatsApp,628180186154,Grup
1779704421412,2026-05-25 10:20:21,WhatsApp,62856480421,Pribadi
1779721897412,2026-05-25 15:11:37,WhatsApp,628175549867,Grup
1779686471412,2026-05-25 05:21:11,WhatsApp,628611834401,Grup
1779670701412,2026-05-25 00:58:21,WhatsApp,628641916909,Grup
1779670799412,2026-05-25 00:59:59,WhatsApp,628751659081,Pribadi
1779694470412,2026-05-25 07:34:30,WhatsApp,628939588962,Pribadi
1779669026412,2026-05-25 00:30:26,WhatsApp,628953554271,Grup
1779730078412,2026-05-25 17:27:58,WhatsApp,628647757001,Grup
1779704600412,2026-05-25 10:23:20,WhatsApp,628721475648,Grup
1779745693412,2026-05-25 21:48:13,WhatsApp,628507895377,Grup
1779696755412,2026-05-25 08:12:35,WhatsApp,628478607710,Grup
1779736490412,2026-05-25 19:14:50,WhatsApp,628659616073,Grup
1779746224412,2026-05-25 21:57:04,WhatsApp,628807135489,Grup
1779753289412,2026-05-25 23:54:49,WhatsApp,628836411953,Pribadi
1779747387412,2026-05-25 22:16:27,WhatsApp,628467991575,Grup
1779741975412,2026-05-25 20:46:15,WhatsApp,628218311194,Grup
1779676481412,2026-05-25 02:34:41,WhatsApp,628167429944,Grup
1779719069412,2026-05-25 14:24:29,WhatsApp,628414528893,Grup
1779726420412,2026-05-25 16:27:00,WhatsApp,628181634708,Grup
1779710033412,2026-05-25 11:53:53,WhatsApp,628175426450,Grup
1779734374412,2026-05-25 18:39:34,WhatsApp,628921342345,Grup
1779717426412,2026-05-25 13:57:06,WhatsApp,628981395132,Grup
1779719394412,2026-05-25 14:29:54,WhatsApp,62838966657,Grup
1779687325412,2026-05-25 05:35:25,WhatsApp,628503554452,Pribadi
1779742107412,2026-05-25 20:48:27,WhatsApp,628989517366,Grup
1779746690412,2026-05-25 22:04:50,WhatsApp,628853291702,Grup
1779743173412,2026-05-25 21:06:13,WhatsApp,628849649642,Pribadi
1779727363412,2026-05-25 16:42:43,WhatsApp,628474940837,Pribadi
1779672180412,2026-05-25 01:23:00,WhatsApp,628994165125,Grup
1779742716412,2026-05-25 20:58:36,WhatsApp,628494842267,Pribadi
1779688975412,2026-05-25 06:02:55,WhatsApp,628781756029,Grup
1779717754412,2026-05-25 14:02:34,WhatsApp,628990581953,Grup
1779698970412,2026-05-25 08:49:30,WhatsApp,628297224054,Grup
1779728061412,2026-05-25 16:54:21,WhatsApp,628571845546,Grup
1779729486412,2026-05-25 17:18:06,WhatsApp,628504825590,Pribadi
1779726495412,2026-05-25 16:28:15,WhatsApp,628439976839,Pribadi
1779699917412,2026-05-25 09:05:17,WhatsApp,628985528502,Grup
1779684765412,2026-05-25 04:52:45,WhatsApp,628403764088,Pribadi
1779743793412,2026-05-25 21:16:33,WhatsApp,628472109345,Grup
1779675865412,2026-05-25 02:24:25,WhatsApp,628620355139,Grup
1779695951412,2026-05-25 07:59:11,WhatsApp,628366154642,Grup
1779710485412,2026-05-25 12:01:25,WhatsApp,628527432342,Grup
1779752707412,2026-05-25 23:45:07,WhatsApp,628898801298,Pribadi
1779745503412,2026-05-25 21:45:03,WhatsApp,628784380998,Grup
1779691502412,2026-05-25 06:45:02,WhatsApp,628844242068,Pribadi
1779703161412,2026-05-25 09:59:21,WhatsApp,628516647472,Grup
1779691492412,2026-05-25 06:44:52,WhatsApp,628764160950,Grup
1779709554412,2026-05-25 11:45:54,WhatsApp,628750077604,Grup
1779739885412,2026-05-25 20:11:25,WhatsApp,628325182461,Pribadi
1779744624412,2026-05-25 21:30:24,WhatsApp,628645118575,Pribadi
1779718383412,2026-05-25 14:13:03,WhatsApp,62863581270,Pribadi
1779735988412,2026-05-25 19:06:28,WhatsApp,628663965810,Pribadi
1779743650412,2026-05-25 21:14:10,WhatsApp,628976938270,Grup
1779725153412,2026-05-25 16:05:53,WhatsApp,628766635891,Grup
1779716847412,2026-05-25 13:47:27,WhatsApp,628726219162,Pribadi
1779696488412,2026-05-25 08:08:08,WhatsApp,628337953745,Pribadi
1779694430412,2026-05-25 07:33:50,WhatsApp,628535661979,Pribadi
1779745890412,2026-05-25 21:51:30,WhatsApp,628969209164,Grup
1779731112412,2026-05-25 17:45:12,WhatsApp,628510315137,Pribadi
1779700134412,2026-05-25 09:08:54,WhatsApp,628293612028,Grup
1779667219412,2026-05-25 00:00:19,WhatsApp,628266113194,Pribadi
1779695769412,2026-05-25 07:56:09,WhatsApp,628273422171,Pribadi
1779714703412,2026-05-25 13:11:43,WhatsApp,628287360524,Pribadi
1779720104412,2026-05-25 14:41:44,WhatsApp,628787581143,Pribadi
1779745617412,2026-05-25 21:46:57,WhatsApp,628488507106,Pribadi
1779671545412,2026-05-25 01:12:25,WhatsApp,628435553247,Grup
1779670986412,2026-05-25 01:03:06,WhatsApp,628261643282,Grup
1779671428412,2026-05-25 01:10:28,WhatsApp,628826093554,Grup
1779674829412,2026-05-25 02:07:09,WhatsApp,62867059927,Pribadi
1779717215412,2026-05-25 13:53:35,WhatsApp,62866349556,Grup
1779714990412,2026-05-25 13:16:30,WhatsApp,628502912548,Pribadi
1779682575412,2026-05-25 04:16:15,WhatsApp,628410275577,Grup
1779749859412,2026-05-25 22:57:39,WhatsApp,628751624235,Grup
1779746701412,2026-05-25 22:05:01,WhatsApp,628530858088,Grup
1779741148412,2026-05-25 20:32:28,WhatsApp,628403835876,Grup
1779697370412,2026-05-25 08:22:50,WhatsApp,628550157808,Pribadi
1779751734412,2026-05-25 23:28:54,WhatsApp,628586466503,Grup
1779679995412,2026-05-25 03:33:15,WhatsApp,628232900493,Grup
1779746518412,2026-05-25 22:01:58,WhatsApp,628359076582,Pribadi
1779728331412,2026-05-25 16:58:51,WhatsApp,628216535029,Pribadi
1779689272412,2026-05-25 06:07:52,WhatsApp,628993534504,Pribadi
1779693527412,2026-05-25 07:18:47,WhatsApp,628267451743,Pribadi
1779736772412,2026-05-25 19:19:32,WhatsApp,628350690943,Pribadi
1779673932412,2026-05-25 01:52:12,WhatsApp,628998033034,Pribadi
1779675297412,2026-05-25 02:14:57,WhatsApp,62815459282,Pribadi
1779700310412,2026-05-25 09:11:50,WhatsApp,628293092789,Pribadi
1779702399412,2026-05-25 09:46:39,WhatsApp,628847388533,Pribadi
1779747562412,2026-05-25 22:19:22,WhatsApp,628110668659,Grup
1779675702412,2026-05-25 02:21:42,WhatsApp,628779223643,Grup
1779728397412,2026-05-25 16:59:57,WhatsApp,628420864138,Grup
1779712687412,2026-05-25 12:38:07,WhatsApp,628839217612,Pribadi
1779728750412,2026-05-25 17:05:50,WhatsApp,628642749160,Grup
1779691993412,2026-05-25 06:53:13,WhatsApp,628162530728,Grup
1779736008412,2026-05-25 19:06:48,WhatsApp,628530830831,Grup
1779690176412,2026-05-25 06:22:56,WhatsApp,628280631264,Pribadi
1779686562412,2026-05-25 05:22:42,WhatsApp,628989088763,Grup
1779691547412,2026-05-25 06:45:47,WhatsApp,62879649983,Grup
1779746630412,2026-05-25 22:03:50,WhatsApp,62820988701,Pribadi
1779681576412,2026-05-25 03:59:36,WhatsApp,628230696385,Pribadi
1779689795412,2026-05-25 06:16:35,WhatsApp,62869268963,Grup
1779685016412,2026-05-25 04:56:56,WhatsApp,628256629870,Grup
1779740865412,2026-05-25 20:27:45,WhatsApp,62899487009,Pribadi
1779688215412,2026-05-25 05:50:15,WhatsApp,628799094443,Grup
1779742971412,2026-05-25 21:02:51,WhatsApp,628573295748,Pribadi
1779714962412,2026-05-25 13:16:02,WhatsApp,62879947268,Pribadi
1779704860412,2026-05-25 10:27:40,WhatsApp,62884649409,Pribadi
1779701931412,2026-05-25 09:38:51,WhatsApp,628918188115,Pribadi
1779691085412,2026-05-25 06:38:05,WhatsApp,628302691758,Grup
1779685696412,2026-05-25 05:08:16,WhatsApp,628867069124,Pribadi
1779741950412,2026-05-25 20:45:50,WhatsApp,628500812965,Grup
1779721527412,2026-05-25 15:05:27,WhatsApp,62818777902,Pribadi
1779698738412,2026-05-25 08:45:38,WhatsApp,628926414314,Grup
1779740820412,2026-05-25 20:27:00,WhatsApp,628748930557,Grup
1779696537412,2026-05-25 08:08:57,WhatsApp,628866553365,Pribadi
1779712168412,2026-05-25 12:29:28,WhatsApp,628814590933,Grup
1779722901412,2026-05-25 15:28:21,WhatsApp,628988500046,Grup
1779697462412,2026-05-25 08:24:22,WhatsApp,628994871807,Pribadi
1779673806412,2026-05-25 01:50:06,WhatsApp,628523864467,Pribadi
1779731151412,2026-05-25 17:45:51,WhatsApp,628183890529,Grup
1779728949412,2026-05-25 17:09:09,WhatsApp,62882870747,Pribadi
1779736754412,2026-05-25 19:19:14,WhatsApp,628990092279,Grup
1779718126412,2026-05-25 14:08:46,WhatsApp,628673494524,Grup
1779708697412,2026-05-25 11:31:37,WhatsApp,628393795356,Pribadi
1779671776412,2026-05-25 01:16:16,WhatsApp,628341606917,Grup
1779724657412,2026-05-25 15:57:37,WhatsApp,628409403304,Pribadi
1779743274412,2026-05-25 21:07:54,WhatsApp,628543658080,Grup
1779703859412,2026-05-25 10:10:59,WhatsApp,628986927972,Grup
1779713885412,2026-05-25 12:58:05,WhatsApp,628895902868,Pribadi
1779749788412,2026-05-25 22:56:28,WhatsApp,628448302868,Pribadi
1779679533412,2026-05-25 03:25:33,WhatsApp,62828373234,Pribadi
1779698453412,2026-05-25 08:40:53,WhatsApp,628536342667,Grup
1779699117412,2026-05-25 08:51:57,WhatsApp,628820142076,Pribadi
1779708990412,2026-05-25 11:36:30,WhatsApp,628937756244,Grup
1779702477412,2026-05-25 09:47:57,WhatsApp,628885767188,Grup
1779702321412,2026-05-25 09:45:21,WhatsApp,628517476078,Pribadi
1779684810412,2026-05-25 04:53:30,WhatsApp,628400981108,Grup
1779749540412,2026-05-25 22:52:20,WhatsApp,62875265583,Pribadi
1779683339412,2026-05-25 04:28:59,WhatsApp,628546520253,Pribadi
1779746707412,2026-05-25 22:05:07,WhatsApp,628544081568,Pribadi
1779713938412,2026-05-25 12:58:58,WhatsApp,628347335605,Grup
1779673797412,2026-05-25 01:49:57,Discord,user13098,Server
1779710892412,2026-05-25 12:08:12,Discord,user59316,Server
1779692713412,2026-05-25 07:05:13,Discord,user50865,DM
1779753102412,2026-05-25 23:51:42,Discord,user58167,Server
1779674534412,2026-05-25 02:02:14,Discord,user29756,Server
1779722046412,2026-05-25 15:14:06,Discord,user46005,DM
1779703455412,2026-05-25 10:04:15,Discord,user10324,DM
1779719932412,2026-05-25 14:38:52,Discord,user17809,DM
1779730016412,2026-05-25 17:26:56,Discord,user9911,DM
1779732356412,2026-05-25 18:05:56,Discord,user84665,DM
1779719613412,2026-05-25 14:33:33,Discord,user55636,Server
1779678926412,2026-05-25 03:15:26,Discord,user39396,Server
1779718779412,2026-05-25 14:19:39,Discord,user69302,Server
1779710205412,2026-05-25 11:56:45,Discord,user51731,DM
1779743906412,2026-05-25 21:18:26,Discord,user70810,Server
1779686509412,2026-05-25 05:21:49,Discord,user90430,DM
1779705344412,2026-05-25 10:35:44,Discord,user20243,DM
1779710644412,2026-05-25 12:04:04,Discord,user11156,DM
1779743987412,2026-05-25 21:19:47,Discord,user9319,DM
1779729865412,2026-05-25 17:24:25,Discord,user10392,Server
1779696846412,2026-05-25 08:14:06,Discord,user71554,DM
1779698004412,2026-05-25 08:33:24,Discord,user1419,Server
1779741836412,2026-05-25 20:43:56,Discord,user35976,Server
1779750870412,2026-05-25 23:14:30,Discord,user38892,DM
1779691867412,2026-05-25 06:51:07,Discord,user38872,Server
1779681249412,2026-05-25 03:54:09,Discord,user81803,DM
1779702830412,2026-05-25 09:53:50,Discord,user72597,Server
1779684483412,2026-05-25 04:48:03,Discord,user17880,DM
1779716360412,2026-05-25 13:39:20,Discord,user82499,DM
1779722490412,2026-05-25 15:21:30,Discord,user12344,DM
1779738198412,2026-05-25 19:43:18,Discord,user29855,DM
1779695431412,2026-05-25 07:50:31,Discord,user47014,Server
1779749375412,2026-05-25 22:49:35,Discord,user67285,Server
1779714166412,2026-05-25 13:02:46,Discord,user76489,Server
1779714997412,2026-05-25 13:16:37,Discord,user77633,DM
1779737565412,2026-05-25 19:32:45,Discord,user7328,DM
1779700249412,2026-05-25 09:10:49,Discord,user19407,DM
1779694448412,2026-05-25 07:34:08,Discord,user12526,DM
1779717252412,2026-05-25 13:54:12,Discord,user28340,Server
1779724239412,2026-05-25 15:50:39,Discord,user24814,DM
1779741131412,2026-05-25 20:32:11,Discord,user15837,DM
1779750594412,2026-05-25 23:09:54,Discord,user50396,DM
1779714734412,2026-05-25 13:12:14,Discord,user30645,Server
1779706635412,2026-05-25 10:57:15,Discord,user23644,DM
1779725989412,2026-05-25 16:19:49,Discord,user58459,DM
1779737716412,2026-05-25 19:35:16,Discord,user58579,DM
1779694158412,2026-05-25 07:29:18,Discord,user42812,Server
1779731782412,2026-05-25 17:56:22,Discord,user22660,DM
1779715057412,2026-05-25 13:17:37,Discord,user72744,Server
1779731861412,2026-05-25 17:57:41,Discord,user22982,Server
1779751918412,2026-05-25 23:31:58,Discord,user91830,Server
1779671561412,2026-05-25 01:12:41,Discord,user45276,Server
1779703641412,2026-05-25 10:07:21,Discord,user68116,DM
1779701658412,2026-05-25 09:34:18,Discord,user88125,DM
1779750690412,2026-05-25 23:11:30,Discord,user94843,Server
1779735147412,2026-05-25 18:52:27,Discord,user58121,DM
1779711291412,2026-05-25 12:14:51,Discord,user45582,DM
1779705136412,2026-05-25 10:32:16,Discord,user77561,DM
1779733294412,2026-05-25 18:21:34,Discord,user22107,Server
1779707087412,2026-05-25 11:04:47,Discord,user23997,Server
1779688219412,2026-05-25 05:50:19,Discord,user99802,Server
1779737266412,2026-05-25 19:27:46,Discord,user52436,Server
1779713903412,2026-05-25 12:58:23,Discord,user22055,DM
1779730939412,2026-05-25 17:42:19,Discord,user60124,DM
1779729730412,2026-05-25 17:22:10,Discord,user44662,Server
1779726817412,2026-05-25 16:33:37,Discord,user75683,DM
1779740857412,2026-05-25 20:27:37,Discord,user70829,DM
1779677457412,2026-05-25 02:50:57,Discord,user49128,Server
1779707662412,2026-05-25 11:14:22,Discord,user13605,Server
1779676483412,2026-05-25 02:34:43,Discord,user43377,DM
1779741036412,2026-05-25 20:30:36,Discord,user83798,DM
1779682117412,2026-05-25 04:08:37,Discord,user58188,Server
